catalog,model,t,rolling_cov_split,rolling_cov_aci
comcat_global_m4,catboost,0,,
comcat_global_m4,catboost,204,0.961,0.9561
comcat_global_m4,catboost,408,0.9682,0.934
comcat_global_m4,catboost,612,0.9576,0.9217
comcat_global_m4,catboost,816,0.9559,0.9168
comcat_global_m4,catboost,1020,0.953,0.9128
comcat_global_m4,catboost,1224,0.9453,0.9053
comcat_global_m4,catboost,1428,0.9335,0.8985
comcat_global_m4,catboost,1632,0.9302,0.9008
comcat_global_m4,catboost,1836,0.9227,0.8982
comcat_global_m4,catboost,2040,0.918,0.898
comcat_global_m4,catboost,2244,0.914,0.8965
comcat_global_m4,catboost,2448,0.91,0.898
comcat_global_m4,catboost,2652,0.9045,0.8925
comcat_global_m4,catboost,2856,0.898,0.892
comcat_global_m4,catboost,3060,0.896,0.8935
comcat_global_m4,catboost,3264,0.896,0.898
comcat_global_m4,catboost,3468,0.898,0.899
comcat_global_m4,catboost,3672,0.896,0.899
comcat_global_m4,catboost,3876,0.899,0.8995
comcat_global_m4,catboost,4080,0.8955,0.8955
comcat_global_m4,catboost,4284,0.895,0.8955
comcat_global_m4,catboost,4488,0.885,0.892
comcat_global_m4,catboost,4692,0.8845,0.897
comcat_global_m4,catboost,4896,0.885,0.8995
comcat_global_m4,catboost,5100,0.8825,0.8985
comcat_global_m4,catboost,5304,0.8835,0.899
comcat_global_m4,catboost,5508,0.885,0.9
comcat_global_m4,catboost,5712,0.889,0.901
comcat_global_m4,catboost,5916,0.891,0.901
comcat_global_m4,catboost,6120,0.8935,0.904
comcat_global_m4,catboost,6324,0.8955,0.9045
comcat_global_m4,catboost,6528,0.897,0.9025
comcat_global_m4,catboost,6732,0.9,0.901
comcat_global_m4,catboost,6936,0.9,0.8995
comcat_global_m4,catboost,7140,0.9005,0.901
comcat_global_m4,catboost,7344,0.9035,0.9035
comcat_global_m4,catboost,7548,0.9005,0.8995
comcat_global_m4,catboost,7752,0.9015,0.902
comcat_global_m4,catboost,7956,0.901,0.9015
comcat_global_m4,catboost,8160,0.904,0.902
comcat_global_m4,catboost,8364,0.9065,0.9025
comcat_global_m4,catboost,8568,0.905,0.8995
comcat_global_m4,catboost,8772,0.9075,0.903
comcat_global_m4,catboost,8976,0.9085,0.9025
comcat_global_m4,catboost,9180,0.9075,0.9
comcat_global_m4,catboost,9384,0.9015,0.8975
comcat_global_m4,catboost,9588,0.903,0.9
comcat_global_m4,catboost,9792,0.9065,0.9025
comcat_global_m4,catboost,9996,0.906,0.901
comcat_global_m4,catboost,10200,0.906,0.901
comcat_global_m4,catboost,10404,0.9075,0.901
comcat_global_m4,catboost,10608,0.908,0.9025
comcat_global_m4,catboost,10812,0.9065,0.8995
comcat_global_m4,catboost,11016,0.9075,0.9
comcat_global_m4,catboost,11220,0.9085,0.8995
comcat_global_m4,catboost,11424,0.9065,0.899
comcat_global_m4,catboost,11628,0.909,0.902
comcat_global_m4,catboost,11832,0.906,0.898
comcat_global_m4,catboost,12036,0.905,0.8985
comcat_global_m4,catboost,12240,0.901,0.896
comcat_global_m4,catboost,12444,0.899,0.8975
comcat_global_m4,catboost,12648,0.8975,0.898
comcat_global_m4,catboost,12852,0.888,0.894
comcat_global_m4,catboost,13056,0.889,0.8985
comcat_global_m4,catboost,13260,0.891,0.9025
comcat_global_m4,catboost,13464,0.8905,0.9
comcat_global_m4,catboost,13668,0.8895,0.899
comcat_global_m4,catboost,13872,0.8865,0.898
comcat_global_m4,catboost,14076,0.8855,0.8985
comcat_global_m4,catboost,14280,0.8855,0.8995
comcat_global_m4,catboost,14484,0.89,0.9025
comcat_global_m4,catboost,14688,0.892,0.903
comcat_global_m4,catboost,14892,0.8985,0.9015
comcat_global_m4,catboost,15096,0.8945,0.8985
comcat_global_m4,catboost,15300,0.8965,0.898
comcat_global_m4,catboost,15504,0.8975,0.8995
comcat_global_m4,catboost,15708,0.8965,0.898
comcat_global_m4,catboost,15912,0.8995,0.903
comcat_global_m4,catboost,16116,0.8955,0.897
comcat_global_m4,catboost,16320,0.892,0.8995
comcat_global_m4,catboost,16524,0.889,0.8985
comcat_global_m4,catboost,16728,0.88,0.895
comcat_global_m4,catboost,16932,0.8795,0.8985
comcat_global_m4,catboost,17136,0.875,0.8975
comcat_global_m4,catboost,17340,0.874,0.9
comcat_global_m4,catboost,17544,0.8755,0.901
comcat_global_m4,catboost,17748,0.879,0.903
comcat_global_m4,catboost,17952,0.8765,0.899
comcat_global_m4,catboost,18156,0.888,0.907
comcat_global_m4,catboost,18360,0.8965,0.9085
comcat_global_m4,catboost,18564,0.9045,0.9105
comcat_global_m4,catboost,18768,0.912,0.9085
comcat_global_m4,catboost,18972,0.9095,0.9035
comcat_global_m4,catboost,19176,0.91,0.9005
comcat_global_m4,catboost,19380,0.909,0.9
comcat_global_m4,catboost,19584,0.9095,0.8995
comcat_global_m4,catboost,19788,0.9075,0.8995
comcat_global_m4,catboost,19992,0.9065,0.899
comcat_global_m4,catboost,20196,0.897,0.892
comcat_global_m4,catboost,20400,0.89,0.89
comcat_global_m4,catboost,20604,0.888,0.8935
comcat_global_m4,catboost,20808,0.8925,0.901
comcat_global_m4,catboost,21012,0.8875,0.8965
comcat_global_m4,catboost,21216,0.891,0.9005
comcat_global_m4,catboost,21420,0.891,0.9
comcat_global_m4,catboost,21624,0.8905,0.9
comcat_global_m4,catboost,21828,0.8885,0.8975
comcat_global_m4,catboost,22032,0.8885,0.899
comcat_global_m4,catboost,22236,0.891,0.9015
comcat_global_m4,catboost,22440,0.8945,0.902
comcat_global_m4,catboost,22644,0.8945,0.901
comcat_global_m4,catboost,22848,0.897,0.902
comcat_global_m4,catboost,23052,0.903,0.9045
comcat_global_m4,catboost,23256,0.9085,0.905
comcat_global_m4,catboost,23460,0.9085,0.903
comcat_global_m4,catboost,23664,0.903,0.897
comcat_global_m4,catboost,23868,0.9125,0.905
comcat_global_m4,catboost,24072,0.9175,0.906
comcat_global_m4,catboost,24276,0.919,0.902
comcat_global_m4,catboost,24480,0.913,0.897
comcat_global_m4,catboost,24684,0.913,0.898
comcat_global_m4,catboost,24888,0.9105,0.8965
comcat_global_m4,catboost,25092,0.9035,0.894
comcat_global_m4,catboost,25296,0.9005,0.895
comcat_global_m4,catboost,25500,0.907,0.902
comcat_global_m4,catboost,25704,0.9075,0.901
comcat_global_m4,catboost,25908,0.9,0.8945
comcat_global_m4,catboost,26112,0.893,0.894
comcat_global_m4,catboost,26316,0.8935,0.899
comcat_global_m4,catboost,26520,0.898,0.901
comcat_global_m4,catboost,26724,0.897,0.9005
comcat_global_m4,catboost,26928,0.896,0.9
comcat_global_m4,catboost,27132,0.896,0.8995
comcat_global_m4,catboost,27336,0.8945,0.8975
comcat_global_m4,catboost,27540,0.889,0.8955
comcat_global_m4,catboost,27744,0.8875,0.899
comcat_global_m4,catboost,27948,0.8895,0.902
comcat_global_m4,catboost,28152,0.887,0.8985
comcat_global_m4,catboost,28356,0.888,0.901
comcat_global_m4,catboost,28560,0.892,0.903
comcat_global_m4,catboost,28764,0.8945,0.9015
comcat_global_m4,catboost,28968,0.893,0.898
comcat_global_m4,catboost,29172,0.895,0.9
comcat_global_m4,catboost,29376,0.897,0.9
comcat_global_m4,catboost,29580,0.9025,0.9025
comcat_global_m4,catboost,29784,0.908,0.904
comcat_global_m4,catboost,29988,0.9085,0.9005
comcat_global_m4,catboost,30192,0.916,0.904
comcat_global_m4,catboost,30396,0.9125,0.8985
comcat_global_m4,catboost,30600,0.913,0.898
comcat_global_m4,catboost,30804,0.9105,0.8975
comcat_global_m4,catboost,31008,0.912,0.9
comcat_global_m4,catboost,31212,0.9085,0.8985
comcat_global_m4,catboost,31416,0.907,0.899
comcat_global_m4,catboost,31620,0.904,0.8975
comcat_global_m4,catboost,31824,0.902,0.899
comcat_global_m4,catboost,32028,0.904,0.9005
comcat_global_m4,catboost,32232,0.9005,0.897
comcat_global_m4,catboost,32436,0.8995,0.898
comcat_global_m4,catboost,32640,0.893,0.8965
comcat_global_m4,catboost,32844,0.893,0.899
comcat_global_m4,catboost,33048,0.8925,0.901
comcat_global_m4,catboost,33252,0.89,0.9005
comcat_global_m4,catboost,33456,0.8905,0.9005
comcat_global_m4,catboost,33660,0.893,0.9015
comcat_global_m4,catboost,33864,0.8945,0.902
comcat_global_m4,catboost,34068,0.8945,0.901
comcat_global_m4,catboost,34272,0.893,0.9005
comcat_global_m4,catboost,34476,0.8925,0.901
comcat_global_m4,catboost,34680,0.895,0.902
comcat_global_m4,catboost,34884,0.897,0.901
comcat_global_m4,catboost,35088,0.8995,0.902
comcat_global_m4,catboost,35292,0.9085,0.9045
comcat_global_m4,catboost,35496,0.9125,0.9045
comcat_global_m4,catboost,35700,0.907,0.8975
comcat_global_m4,catboost,35904,0.906,0.898
comcat_global_m4,catboost,36108,0.9075,0.901
comcat_global_m4,catboost,36312,0.905,0.898
comcat_global_m4,catboost,36516,0.912,0.905
comcat_global_m4,catboost,36720,0.918,0.9095
comcat_global_m4,catboost,36924,0.9265,0.9125
comcat_global_m4,catboost,37128,0.929,0.913
comcat_global_m4,catboost,37332,0.9285,0.906
comcat_global_m4,catboost,37536,0.9295,0.9045
comcat_global_m4,catboost,37740,0.938,0.9085
comcat_global_m4,catboost,37944,0.9385,0.906
comcat_global_m4,catboost,38148,0.9425,0.9055
comcat_global_m4,catboost,38352,0.945,0.904
comcat_global_m4,catboost,38556,0.942,0.9
comcat_global_m4,catboost,38760,0.9325,0.8895
comcat_global_m4,catboost,38964,0.9255,0.8885
comcat_global_m4,catboost,39168,0.9215,0.888
comcat_global_m4,catboost,39372,0.9215,0.8955
comcat_global_m4,catboost,39576,0.9195,0.8965
comcat_global_m4,catboost,39780,0.916,0.8915
comcat_global_m4,catboost,39984,0.9095,0.8895
comcat_global_m4,catboost,40188,0.903,0.892
comcat_global_m4,catboost,40392,0.897,0.8935
comcat_global_m4,catboost,40596,0.89,0.8925
comcat_global_m4,catboost,40800,0.8895,0.897
comcat_global_m4,catboost,41004,0.888,0.8985
comcat_global_m4,catboost,41208,0.889,0.899
comcat_global_m4,catboost,41412,0.8865,0.897
comcat_global_m4,catboost,41616,0.8885,0.8975
comcat_global_m4,catboost,41820,0.8895,0.902
comcat_global_m4,catboost,42024,0.889,0.901
comcat_global_m4,catboost,42228,0.894,0.9035
comcat_global_m4,catboost,42432,0.8985,0.9035
comcat_global_m4,catboost,42636,0.9005,0.9015
comcat_global_m4,catboost,42840,0.902,0.9005
comcat_global_m4,catboost,43044,0.9035,0.9
comcat_global_m4,catboost,43248,0.9015,0.899
comcat_global_m4,catboost,43452,0.903,0.9005
comcat_global_m4,catboost,43656,0.9005,0.8995
comcat_global_m4,catboost,43860,0.901,0.9
comcat_global_m4,catboost,44064,0.902,0.9005
comcat_global_m4,catboost,44268,0.8955,0.898
comcat_global_m4,catboost,44472,0.899,0.9005
comcat_global_m4,catboost,44676,0.893,0.898
comcat_global_m4,catboost,44880,0.895,0.901
comcat_global_m4,catboost,45084,0.897,0.9015
comcat_global_m4,catboost,45288,0.8885,0.896
comcat_global_m4,catboost,45492,0.8875,0.9
comcat_global_m4,catboost,45696,0.8845,0.8985
comcat_global_m4,catboost,45900,0.887,0.901
comcat_global_m4,catboost,46104,0.885,0.9
comcat_global_m4,catboost,46308,0.8855,0.899
comcat_global_m4,catboost,46512,0.8825,0.8995
comcat_global_m4,catboost,46716,0.882,0.9005
comcat_global_m4,catboost,46920,0.8825,0.9015
comcat_global_m4,catboost,47124,0.8855,0.9025
comcat_global_m4,catboost,47328,0.8905,0.9025
comcat_global_m4,catboost,47532,0.8915,0.899
comcat_global_m4,catboost,47736,0.897,0.902
comcat_global_m4,catboost,47940,0.898,0.901
comcat_global_m4,catboost,48144,0.896,0.8975
comcat_global_m4,catboost,48348,0.8965,0.9015
comcat_global_m4,catboost,48552,0.901,0.9035
comcat_global_m4,catboost,48756,0.903,0.9015
comcat_global_m4,catboost,48960,0.901,0.899
comcat_global_m4,catboost,49164,0.8935,0.894
comcat_global_m4,catboost,49368,0.8915,0.897
comcat_global_m4,catboost,49572,0.892,0.9005
comcat_global_m4,catboost,49776,0.886,0.8965
comcat_global_m4,catboost,49980,0.8865,0.9
comcat_global_m4,catboost,50184,0.888,0.9015
comcat_global_m4,catboost,50388,0.887,0.8995
comcat_global_m4,catboost,50592,0.8855,0.898
comcat_global_m4,catboost,50796,0.8845,0.8985
comcat_global_m4,catboost,51000,0.886,0.9015
comcat_global_m4,catboost,51204,0.8925,0.905
comcat_global_m4,catboost,51408,0.892,0.8995
comcat_global_m4,catboost,51612,0.8895,0.897
comcat_global_m4,catboost,51816,0.893,0.9015
comcat_global_m4,catboost,52020,0.8985,0.9035
comcat_global_m4,catboost,52224,0.904,0.9045
comcat_global_m4,catboost,52428,0.9025,0.9005
comcat_global_m4,catboost,52632,0.907,0.9045
comcat_global_m4,catboost,52836,0.907,0.9015
comcat_global_m4,catboost,53040,0.909,0.9015
comcat_global_m4,catboost,53244,0.909,0.9005
comcat_global_m4,catboost,53448,0.906,0.8995
comcat_global_m4,catboost,53652,0.908,0.901
comcat_global_m4,catboost,53856,0.906,0.8985
comcat_global_m4,catboost,54060,0.906,0.9
comcat_global_m4,catboost,54264,0.9085,0.9025
comcat_global_m4,catboost,54468,0.9115,0.9035
comcat_global_m4,catboost,54672,0.915,0.9055
comcat_global_m4,catboost,54876,0.9145,0.9
comcat_global_m4,catboost,55080,0.913,0.8975
comcat_global_m4,catboost,55284,0.9125,0.899
comcat_global_m4,catboost,55488,0.912,0.899
comcat_global_m4,catboost,55692,0.913,0.8995
comcat_global_m4,catboost,55896,0.9135,0.8995
comcat_global_m4,catboost,56100,0.905,0.896
comcat_global_m4,catboost,56304,0.8995,0.893
comcat_global_m4,catboost,56508,0.899,0.8965
comcat_global_m4,catboost,56712,0.8945,0.8955
comcat_global_m4,catboost,56916,0.9,0.904
comcat_global_m4,catboost,57120,0.905,0.906
comcat_global_m4,catboost,57324,0.91,0.9075
comcat_global_m4,catboost,57528,0.908,0.9005
comcat_global_m4,catboost,57732,0.9075,0.8995
comcat_global_m4,catboost,57936,0.912,0.9035
comcat_global_m4,catboost,58140,0.9235,0.906
comcat_global_m4,catboost,58344,0.9245,0.9035
comcat_global_m4,catboost,58548,0.922,0.8985
comcat_global_m4,catboost,58752,0.9195,0.896
comcat_global_m4,catboost,58956,0.912,0.894
comcat_global_m4,catboost,59160,0.902,0.891
comcat_global_m4,catboost,59364,0.8995,0.894
comcat_global_m4,catboost,59568,0.9,0.898
comcat_global_m4,catboost,59772,0.9,0.8995
comcat_global_m4,catboost,59976,0.892,0.8945
comcat_global_m4,catboost,60180,0.887,0.895
comcat_global_m4,catboost,60384,0.8875,0.8985
comcat_global_m4,catboost,60588,0.8895,0.901
comcat_global_m4,catboost,60792,0.8865,0.8995
comcat_global_m4,catboost,60996,0.8925,0.9035
comcat_global_m4,catboost,61200,0.898,0.9055
comcat_global_m4,catboost,61404,0.9035,0.908
comcat_global_m4,catboost,61608,0.909,0.909
comcat_global_m4,catboost,61812,0.91,0.904
comcat_global_m4,catboost,62016,0.9105,0.9005
comcat_global_m4,catboost,62220,0.9185,0.907
comcat_global_m4,catboost,62424,0.927,0.9145
comcat_global_m4,catboost,62628,0.9345,0.9205
comcat_global_m4,catboost,62832,0.945,0.927
comcat_global_m4,catboost,63036,0.9535,0.931
comcat_global_m4,catboost,63240,0.955,0.927
comcat_global_m4,catboost,63444,0.9555,0.923
comcat_global_m4,catboost,63648,0.9575,0.921
comcat_global_m4,catboost,63852,0.966,0.922
comcat_global_m4,catboost,64056,0.973,0.9165
comcat_global_m4,catboost,64260,0.9705,0.9075
comcat_global_m4,catboost,64464,0.9645,0.8955
comcat_global_m4,catboost,64668,0.96,0.886
comcat_global_m4,catboost,64872,0.9555,0.8805
comcat_global_m4,catboost,65076,0.949,0.8755
comcat_global_m4,catboost,65280,0.945,0.875
comcat_global_m4,catboost,65484,0.9405,0.872
comcat_global_m4,catboost,65688,0.938,0.878
comcat_global_m4,catboost,65892,0.9325,0.8805
comcat_global_m4,catboost,66096,0.935,0.892
comcat_global_m4,catboost,66300,0.933,0.8945
comcat_global_m4,catboost,66504,0.9305,0.8955
comcat_global_m4,catboost,66708,0.9305,0.897
comcat_global_m4,catboost,66912,0.929,0.896
comcat_global_m4,catboost,67116,0.9295,0.898
comcat_global_m4,catboost,67320,0.9295,0.9
comcat_global_m4,catboost,67524,0.928,0.902
comcat_global_m4,catboost,67728,0.9275,0.901
comcat_global_m4,catboost,67932,0.929,0.901
comcat_global_m4,catboost,68136,0.924,0.895
comcat_global_m4,catboost,68340,0.9245,0.8945
comcat_global_m4,catboost,68544,0.923,0.8955
comcat_global_m4,catboost,68748,0.926,0.9005
comcat_global_m4,catboost,68952,0.92,0.895
comcat_global_m4,catboost,69156,0.922,0.899
comcat_global_m4,catboost,69360,0.9145,0.8925
comcat_global_m4,catboost,69564,0.9125,0.894
comcat_global_m4,catboost,69768,0.9065,0.893
comcat_global_m4,catboost,69972,0.908,0.9
comcat_global_m4,catboost,70176,0.904,0.896
comcat_global_m4,catboost,70380,0.9,0.896
comcat_global_m4,catboost,70584,0.896,0.8975
comcat_global_m4,catboost,70788,0.89,0.8965
comcat_global_m4,catboost,70992,0.8905,0.8995
comcat_global_m4,catboost,71196,0.889,0.8995
comcat_global_m4,catboost,71400,0.89,0.9005
comcat_global_m4,catboost,71604,0.8895,0.9
comcat_global_m4,catboost,71808,0.888,0.8985
comcat_global_m4,catboost,72012,0.8925,0.903
comcat_global_m4,catboost,72216,0.89,0.9005
comcat_global_m4,catboost,72420,0.894,0.903
comcat_global_m4,catboost,72624,0.897,0.903
comcat_global_m4,catboost,72828,0.904,0.9045
comcat_global_m4,catboost,73032,0.904,0.9005
comcat_global_m4,catboost,73236,0.9035,0.8995
comcat_global_m4,catboost,73440,0.902,0.898
comcat_global_m4,catboost,73644,0.9075,0.901
comcat_global_m4,catboost,73848,0.908,0.9005
comcat_global_m4,catboost,74052,0.9035,0.896
comcat_global_m4,catboost,74256,0.904,0.898
comcat_global_m4,catboost,74460,0.9025,0.898
comcat_global_m4,catboost,74664,0.91,0.9055
comcat_global_m4,catboost,74868,0.9125,0.9065
comcat_global_m4,catboost,75072,0.91,0.902
comcat_global_m4,catboost,75276,0.914,0.9035
comcat_global_m4,catboost,75480,0.9185,0.9035
comcat_global_m4,catboost,75684,0.918,0.9015
comcat_global_m4,catboost,75888,0.923,0.905
comcat_global_m4,catboost,76092,0.9165,0.8975
comcat_global_m4,catboost,76296,0.9145,0.898
comcat_global_m4,catboost,76500,0.9095,0.896
comcat_global_m4,catboost,76704,0.902,0.8915
comcat_global_m4,catboost,76908,0.902,0.8945
comcat_global_m4,catboost,77112,0.9005,0.8975
comcat_global_m4,catboost,77316,0.901,0.9005
comcat_global_m4,catboost,77520,0.8985,0.8985
comcat_global_m4,catboost,77724,0.904,0.9035
comcat_global_m4,catboost,77928,0.9065,0.905
comcat_global_m4,catboost,78132,0.9135,0.9095
comcat_global_m4,catboost,78336,0.9135,0.904
comcat_global_m4,catboost,78540,0.9125,0.901
comcat_global_m4,catboost,78744,0.9115,0.8995
comcat_global_m4,catboost,78948,0.907,0.898
comcat_global_m4,catboost,79152,0.9065,0.899
comcat_global_m4,catboost,79356,0.9,0.8965
comcat_global_m4,catboost,79560,0.9015,0.9005
comcat_global_m4,catboost,79764,0.896,0.896
comcat_global_m4,catboost,79968,0.892,0.8955
comcat_global_m4,catboost,80172,0.8905,0.895
comcat_global_m4,catboost,80376,0.8885,0.8955
comcat_global_m4,catboost,80580,0.895,0.9025
comcat_global_m4,catboost,80784,0.8975,0.9035
comcat_global_m4,catboost,80988,0.9085,0.9095
comcat_global_m4,catboost,81192,0.913,0.91
comcat_global_m4,catboost,81396,0.9245,0.911
comcat_global_m4,catboost,81600,0.926,0.907
comcat_global_m4,xgboost,0,,
comcat_global_m4,xgboost,204,0.9659,0.9561
comcat_global_m4,xgboost,408,0.9707,0.9413
comcat_global_m4,xgboost,612,0.9592,0.9282
comcat_global_m4,xgboost,816,0.9559,0.9192
comcat_global_m4,xgboost,1020,0.953,0.9128
comcat_global_m4,xgboost,1224,0.9453,0.9053
comcat_global_m4,xgboost,1428,0.9328,0.8985
comcat_global_m4,xgboost,1632,0.9302,0.9002
comcat_global_m4,xgboost,1836,0.9232,0.8987
comcat_global_m4,xgboost,2040,0.919,0.8975
comcat_global_m4,xgboost,2244,0.915,0.896
comcat_global_m4,xgboost,2448,0.9115,0.895
comcat_global_m4,xgboost,2652,0.907,0.8905
comcat_global_m4,xgboost,2856,0.9015,0.8905
comcat_global_m4,xgboost,3060,0.8995,0.8945
comcat_global_m4,xgboost,3264,0.8995,0.8975
comcat_global_m4,xgboost,3468,0.901,0.899
comcat_global_m4,xgboost,3672,0.899,0.8995
comcat_global_m4,xgboost,3876,0.9005,0.9
comcat_global_m4,xgboost,4080,0.897,0.8965
comcat_global_m4,xgboost,4284,0.895,0.897
comcat_global_m4,xgboost,4488,0.8875,0.894
comcat_global_m4,xgboost,4692,0.885,0.898
comcat_global_m4,xgboost,4896,0.885,0.8995
comcat_global_m4,xgboost,5100,0.883,0.898
comcat_global_m4,xgboost,5304,0.885,0.8995
comcat_global_m4,xgboost,5508,0.886,0.8995
comcat_global_m4,xgboost,5712,0.8885,0.9005
comcat_global_m4,xgboost,5916,0.89,0.9005
comcat_global_m4,xgboost,6120,0.8935,0.9035
comcat_global_m4,xgboost,6324,0.8955,0.903
comcat_global_m4,xgboost,6528,0.8975,0.9025
comcat_global_m4,xgboost,6732,0.902,0.902
comcat_global_m4,xgboost,6936,0.903,0.901
comcat_global_m4,xgboost,7140,0.9025,0.901
comcat_global_m4,xgboost,7344,0.906,0.903
comcat_global_m4,xgboost,7548,0.9035,0.9
comcat_global_m4,xgboost,7752,0.907,0.9035
comcat_global_m4,xgboost,7956,0.908,0.9015
comcat_global_m4,xgboost,8160,0.9105,0.9
comcat_global_m4,xgboost,8364,0.911,0.901
comcat_global_m4,xgboost,8568,0.9085,0.8985
comcat_global_m4,xgboost,8772,0.9105,0.9015
comcat_global_m4,xgboost,8976,0.9125,0.9025
comcat_global_m4,xgboost,9180,0.9115,0.9
comcat_global_m4,xgboost,9384,0.906,0.8975
comcat_global_m4,xgboost,9588,0.909,0.9
comcat_global_m4,xgboost,9792,0.911,0.901
comcat_global_m4,xgboost,9996,0.911,0.902
comcat_global_m4,xgboost,10200,0.9115,0.9035
comcat_global_m4,xgboost,10404,0.916,0.9035
comcat_global_m4,xgboost,10608,0.9165,0.9035
comcat_global_m4,xgboost,10812,0.915,0.9005
comcat_global_m4,xgboost,11016,0.9135,0.9
comcat_global_m4,xgboost,11220,0.9165,0.8995
comcat_global_m4,xgboost,11424,0.913,0.899
comcat_global_m4,xgboost,11628,0.9135,0.901
comcat_global_m4,xgboost,11832,0.911,0.898
comcat_global_m4,xgboost,12036,0.9085,0.8975
comcat_global_m4,xgboost,12240,0.9045,0.895
comcat_global_m4,xgboost,12444,0.9005,0.896
comcat_global_m4,xgboost,12648,0.8995,0.8975
comcat_global_m4,xgboost,12852,0.891,0.894
comcat_global_m4,xgboost,13056,0.8925,0.8985
comcat_global_m4,xgboost,13260,0.8935,0.9015
comcat_global_m4,xgboost,13464,0.894,0.9
comcat_global_m4,xgboost,13668,0.893,0.8995
comcat_global_m4,xgboost,13872,0.89,0.898
comcat_global_m4,xgboost,14076,0.8885,0.899
comcat_global_m4,xgboost,14280,0.8885,0.9
comcat_global_m4,xgboost,14484,0.893,0.9025
comcat_global_m4,xgboost,14688,0.8955,0.902
comcat_global_m4,xgboost,14892,0.9,0.902
comcat_global_m4,xgboost,15096,0.896,0.898
comcat_global_m4,xgboost,15300,0.8975,0.899
comcat_global_m4,xgboost,15504,0.899,0.9
comcat_global_m4,xgboost,15708,0.898,0.899
comcat_global_m4,xgboost,15912,0.901,0.903
comcat_global_m4,xgboost,16116,0.8975,0.8975
comcat_global_m4,xgboost,16320,0.894,0.9
comcat_global_m4,xgboost,16524,0.891,0.8985
comcat_global_m4,xgboost,16728,0.8815,0.8955
comcat_global_m4,xgboost,16932,0.881,0.8985
comcat_global_m4,xgboost,17136,0.878,0.898
comcat_global_m4,xgboost,17340,0.8775,0.901
comcat_global_m4,xgboost,17544,0.878,0.9005
comcat_global_m4,xgboost,17748,0.8805,0.9025
comcat_global_m4,xgboost,17952,0.877,0.898
comcat_global_m4,xgboost,18156,0.89,0.9075
comcat_global_m4,xgboost,18360,0.897,0.9085
comcat_global_m4,xgboost,18564,0.9055,0.911
comcat_global_m4,xgboost,18768,0.913,0.9095
comcat_global_m4,xgboost,18972,0.911,0.904
comcat_global_m4,xgboost,19176,0.9105,0.901
comcat_global_m4,xgboost,19380,0.9085,0.8985
comcat_global_m4,xgboost,19584,0.9105,0.9
comcat_global_m4,xgboost,19788,0.909,0.899
comcat_global_m4,xgboost,19992,0.909,0.8995
comcat_global_m4,xgboost,20196,0.9005,0.892
comcat_global_m4,xgboost,20400,0.893,0.89
comcat_global_m4,xgboost,20604,0.8905,0.893
comcat_global_m4,xgboost,20808,0.8955,0.9
comcat_global_m4,xgboost,21012,0.89,0.897
comcat_global_m4,xgboost,21216,0.893,0.901
comcat_global_m4,xgboost,21420,0.893,0.8995
comcat_global_m4,xgboost,21624,0.8915,0.899
comcat_global_m4,xgboost,21828,0.8905,0.898
comcat_global_m4,xgboost,22032,0.8895,0.899
comcat_global_m4,xgboost,22236,0.8915,0.901
comcat_global_m4,xgboost,22440,0.896,0.902
comcat_global_m4,xgboost,22644,0.8975,0.902
comcat_global_m4,xgboost,22848,0.899,0.9015
comcat_global_m4,xgboost,23052,0.9045,0.903
comcat_global_m4,xgboost,23256,0.9115,0.905
comcat_global_m4,xgboost,23460,0.9125,0.9035
comcat_global_m4,xgboost,23664,0.907,0.8975
comcat_global_m4,xgboost,23868,0.9155,0.905
comcat_global_m4,xgboost,24072,0.922,0.907
comcat_global_m4,xgboost,24276,0.9245,0.903
comcat_global_m4,xgboost,24480,0.9185,0.897
comcat_global_m4,xgboost,24684,0.918,0.8985
comcat_global_m4,xgboost,24888,0.9145,0.8975
comcat_global_m4,xgboost,25092,0.909,0.895
comcat_global_m4,xgboost,25296,0.9055,0.8955
comcat_global_m4,xgboost,25500,0.9105,0.902
comcat_global_m4,xgboost,25704,0.9125,0.9015
comcat_global_m4,xgboost,25908,0.906,0.8945
comcat_global_m4,xgboost,26112,0.8995,0.8935
comcat_global_m4,xgboost,26316,0.8995,0.8975
comcat_global_m4,xgboost,26520,0.9035,0.8995
comcat_global_m4,xgboost,26724,0.9025,0.9005
comcat_global_m4,xgboost,26928,0.9025,0.9005
comcat_global_m4,xgboost,27132,0.902,0.8995
comcat_global_m4,xgboost,27336,0.9005,0.897
comcat_global_m4,xgboost,27540,0.896,0.896
comcat_global_m4,xgboost,27744,0.893,0.898
comcat_global_m4,xgboost,27948,0.894,0.901
comcat_global_m4,xgboost,28152,0.8905,0.8985
comcat_global_m4,xgboost,28356,0.891,0.902
comcat_global_m4,xgboost,28560,0.895,0.904
comcat_global_m4,xgboost,28764,0.897,0.902
comcat_global_m4,xgboost,28968,0.896,0.8985
comcat_global_m4,xgboost,29172,0.8995,0.901
comcat_global_m4,xgboost,29376,0.9005,0.901
comcat_global_m4,xgboost,29580,0.9055,0.902
comcat_global_m4,xgboost,29784,0.913,0.9045
comcat_global_m4,xgboost,29988,0.913,0.9015
comcat_global_m4,xgboost,30192,0.9205,0.905
comcat_global_m4,xgboost,30396,0.917,0.898
comcat_global_m4,xgboost,30600,0.916,0.898
comcat_global_m4,xgboost,30804,0.913,0.8975
comcat_global_m4,xgboost,31008,0.9125,0.899
comcat_global_m4,xgboost,31212,0.908,0.898
comcat_global_m4,xgboost,31416,0.907,0.8985
comcat_global_m4,xgboost,31620,0.9045,0.8975
comcat_global_m4,xgboost,31824,0.902,0.8985
comcat_global_m4,xgboost,32028,0.9065,0.9
comcat_global_m4,xgboost,32232,0.902,0.897
comcat_global_m4,xgboost,32436,0.901,0.898
comcat_global_m4,xgboost,32640,0.8955,0.8965
comcat_global_m4,xgboost,32844,0.8975,0.8995
comcat_global_m4,xgboost,33048,0.897,0.9015
comcat_global_m4,xgboost,33252,0.8955,0.9
comcat_global_m4,xgboost,33456,0.8955,0.8995
comcat_global_m4,xgboost,33660,0.897,0.902
comcat_global_m4,xgboost,33864,0.8995,0.903
comcat_global_m4,xgboost,34068,0.8975,0.9025
comcat_global_m4,xgboost,34272,0.897,0.9015
comcat_global_m4,xgboost,34476,0.898,0.902
comcat_global_m4,xgboost,34680,0.9,0.902
comcat_global_m4,xgboost,34884,0.901,0.901
comcat_global_m4,xgboost,35088,0.903,0.9
comcat_global_m4,xgboost,35292,0.9125,0.904
comcat_global_m4,xgboost,35496,0.9165,0.9055
comcat_global_m4,xgboost,35700,0.91,0.8975
comcat_global_m4,xgboost,35904,0.9075,0.8975
comcat_global_m4,xgboost,36108,0.909,0.899
comcat_global_m4,xgboost,36312,0.906,0.897
comcat_global_m4,xgboost,36516,0.912,0.9045
comcat_global_m4,xgboost,36720,0.9185,0.909
comcat_global_m4,xgboost,36924,0.926,0.9115
comcat_global_m4,xgboost,37128,0.929,0.9125
comcat_global_m4,xgboost,37332,0.929,0.906
comcat_global_m4,xgboost,37536,0.93,0.9035
comcat_global_m4,xgboost,37740,0.939,0.908
comcat_global_m4,xgboost,37944,0.9395,0.9055
comcat_global_m4,xgboost,38148,0.944,0.9055
comcat_global_m4,xgboost,38352,0.946,0.9035
comcat_global_m4,xgboost,38556,0.9425,0.8985
comcat_global_m4,xgboost,38760,0.933,0.889
comcat_global_m4,xgboost,38964,0.927,0.889
comcat_global_m4,xgboost,39168,0.923,0.889
comcat_global_m4,xgboost,39372,0.923,0.895
comcat_global_m4,xgboost,39576,0.9205,0.8965
comcat_global_m4,xgboost,39780,0.9165,0.8925
comcat_global_m4,xgboost,39984,0.91,0.891
comcat_global_m4,xgboost,40188,0.9015,0.8915
comcat_global_m4,xgboost,40392,0.896,0.8935
comcat_global_m4,xgboost,40596,0.889,0.8935
comcat_global_m4,xgboost,40800,0.89,0.898
comcat_global_m4,xgboost,41004,0.8875,0.8985
comcat_global_m4,xgboost,41208,0.8885,0.8995
comcat_global_m4,xgboost,41412,0.886,0.8975
comcat_global_m4,xgboost,41616,0.8885,0.897
comcat_global_m4,xgboost,41820,0.8895,0.9005
comcat_global_m4,xgboost,42024,0.8885,0.9005
comcat_global_m4,xgboost,42228,0.8955,0.9045
comcat_global_m4,xgboost,42432,0.9,0.904
comcat_global_m4,xgboost,42636,0.902,0.9025
comcat_global_m4,xgboost,42840,0.902,0.8995
comcat_global_m4,xgboost,43044,0.904,0.9005
comcat_global_m4,xgboost,43248,0.9015,0.8985
comcat_global_m4,xgboost,43452,0.9035,0.901
comcat_global_m4,xgboost,43656,0.899,0.9005
comcat_global_m4,xgboost,43860,0.899,0.9015
comcat_global_m4,xgboost,44064,0.902,0.901
comcat_global_m4,xgboost,44268,0.896,0.897
comcat_global_m4,xgboost,44472,0.9,0.9005
comcat_global_m4,xgboost,44676,0.8945,0.8985
comcat_global_m4,xgboost,44880,0.8965,0.902
comcat_global_m4,xgboost,45084,0.8985,0.9015
comcat_global_m4,xgboost,45288,0.8905,0.896
comcat_global_m4,xgboost,45492,0.892,0.901
comcat_global_m4,xgboost,45696,0.8895,0.8985
comcat_global_m4,xgboost,45900,0.8935,0.9005
comcat_global_m4,xgboost,46104,0.8915,0.9
comcat_global_m4,xgboost,46308,0.8915,0.899
comcat_global_m4,xgboost,46512,0.8885,0.899
comcat_global_m4,xgboost,46716,0.89,0.9
comcat_global_m4,xgboost,46920,0.891,0.901
comcat_global_m4,xgboost,47124,0.8935,0.9025
comcat_global_m4,xgboost,47328,0.8985,0.9025
comcat_global_m4,xgboost,47532,0.8975,0.8985
comcat_global_m4,xgboost,47736,0.9025,0.902
comcat_global_m4,xgboost,47940,0.9015,0.9005
comcat_global_m4,xgboost,48144,0.8995,0.898
comcat_global_m4,xgboost,48348,0.9,0.902
comcat_global_m4,xgboost,48552,0.9025,0.9025
comcat_global_m4,xgboost,48756,0.9035,0.9015
comcat_global_m4,xgboost,48960,0.901,0.898
comcat_global_m4,xgboost,49164,0.893,0.8935
comcat_global_m4,xgboost,49368,0.8915,0.897
comcat_global_m4,xgboost,49572,0.8935,0.9
comcat_global_m4,xgboost,49776,0.887,0.896
comcat_global_m4,xgboost,49980,0.89,0.9005
comcat_global_m4,xgboost,50184,0.892,0.902
comcat_global_m4,xgboost,50388,0.89,0.9
comcat_global_m4,xgboost,50592,0.889,0.899
comcat_global_m4,xgboost,50796,0.8885,0.899
comcat_global_m4,xgboost,51000,0.89,0.901
comcat_global_m4,xgboost,51204,0.8955,0.9045
comcat_global_m4,xgboost,51408,0.8945,0.9
comcat_global_m4,xgboost,51612,0.8915,0.8975
comcat_global_m4,xgboost,51816,0.8975,0.9025
comcat_global_m4,xgboost,52020,0.901,0.904
comcat_global_m4,xgboost,52224,0.906,0.9035
comcat_global_m4,xgboost,52428,0.9055,0.901
comcat_global_m4,xgboost,52632,0.91,0.9035
comcat_global_m4,xgboost,52836,0.9085,0.902
comcat_global_m4,xgboost,53040,0.9105,0.902
comcat_global_m4,xgboost,53244,0.9105,0.901
comcat_global_m4,xgboost,53448,0.908,0.899
comcat_global_m4,xgboost,53652,0.9095,0.9
comcat_global_m4,xgboost,53856,0.9055,0.898
comcat_global_m4,xgboost,54060,0.904,0.8985
comcat_global_m4,xgboost,54264,0.906,0.903
comcat_global_m4,xgboost,54468,0.9095,0.904
comcat_global_m4,xgboost,54672,0.914,0.905
comcat_global_m4,xgboost,54876,0.915,0.8995
comcat_global_m4,xgboost,55080,0.913,0.8975
comcat_global_m4,xgboost,55284,0.9145,0.8995
comcat_global_m4,xgboost,55488,0.914,0.899
comcat_global_m4,xgboost,55692,0.915,0.9005
comcat_global_m4,xgboost,55896,0.917,0.8995
comcat_global_m4,xgboost,56100,0.9095,0.896
comcat_global_m4,xgboost,56304,0.905,0.894
comcat_global_m4,xgboost,56508,0.9045,0.897
comcat_global_m4,xgboost,56712,0.899,0.896
comcat_global_m4,xgboost,56916,0.9035,0.904
comcat_global_m4,xgboost,57120,0.9085,0.907
comcat_global_m4,xgboost,57324,0.912,0.908
comcat_global_m4,xgboost,57528,0.9085,0.9
comcat_global_m4,xgboost,57732,0.908,0.899
comcat_global_m4,xgboost,57936,0.9125,0.9035
comcat_global_m4,xgboost,58140,0.923,0.9055
comcat_global_m4,xgboost,58344,0.924,0.903
comcat_global_m4,xgboost,58548,0.922,0.8985
comcat_global_m4,xgboost,58752,0.9195,0.896
comcat_global_m4,xgboost,58956,0.915,0.8935
comcat_global_m4,xgboost,59160,0.906,0.8905
comcat_global_m4,xgboost,59364,0.9045,0.894
comcat_global_m4,xgboost,59568,0.904,0.8975
comcat_global_m4,xgboost,59772,0.904,0.9
comcat_global_m4,xgboost,59976,0.8965,0.8945
comcat_global_m4,xgboost,60180,0.891,0.8945
comcat_global_m4,xgboost,60384,0.8915,0.8975
comcat_global_m4,xgboost,60588,0.893,0.9005
comcat_global_m4,xgboost,60792,0.889,0.898
comcat_global_m4,xgboost,60996,0.8935,0.902
comcat_global_m4,xgboost,61200,0.899,0.905
comcat_global_m4,xgboost,61404,0.904,0.908
comcat_global_m4,xgboost,61608,0.9105,0.9085
comcat_global_m4,xgboost,61812,0.911,0.9045
comcat_global_m4,xgboost,62016,0.9115,0.9005
comcat_global_m4,xgboost,62220,0.921,0.908
comcat_global_m4,xgboost,62424,0.9285,0.915
comcat_global_m4,xgboost,62628,0.9365,0.9215
comcat_global_m4,xgboost,62832,0.9465,0.928
comcat_global_m4,xgboost,63036,0.9545,0.932
comcat_global_m4,xgboost,63240,0.9565,0.928
comcat_global_m4,xgboost,63444,0.9565,0.9245
comcat_global_m4,xgboost,63648,0.9585,0.922
comcat_global_m4,xgboost,63852,0.9675,0.922
comcat_global_m4,xgboost,64056,0.9735,0.916
comcat_global_m4,xgboost,64260,0.971,0.906
comcat_global_m4,xgboost,64464,0.965,0.895
comcat_global_m4,xgboost,64668,0.9615,0.887
comcat_global_m4,xgboost,64872,0.9575,0.8805
comcat_global_m4,xgboost,65076,0.9505,0.8745
comcat_global_m4,xgboost,65280,0.948,0.874
comcat_global_m4,xgboost,65484,0.9435,0.8715
comcat_global_m4,xgboost,65688,0.941,0.8765
comcat_global_m4,xgboost,65892,0.9345,0.8795
comcat_global_m4,xgboost,66096,0.937,0.893
comcat_global_m4,xgboost,66300,0.9345,0.895
comcat_global_m4,xgboost,66504,0.9325,0.8945
comcat_global_m4,xgboost,66708,0.932,0.895
comcat_global_m4,xgboost,66912,0.9295,0.896
comcat_global_m4,xgboost,67116,0.93,0.8985
comcat_global_m4,xgboost,67320,0.929,0.9
comcat_global_m4,xgboost,67524,0.9275,0.902
comcat_global_m4,xgboost,67728,0.928,0.901
comcat_global_m4,xgboost,67932,0.929,0.9015
comcat_global_m4,xgboost,68136,0.924,0.895
comcat_global_m4,xgboost,68340,0.924,0.895
comcat_global_m4,xgboost,68544,0.9215,0.898
comcat_global_m4,xgboost,68748,0.925,0.9005
comcat_global_m4,xgboost,68952,0.9185,0.894
comcat_global_m4,xgboost,69156,0.9215,0.898
comcat_global_m4,xgboost,69360,0.916,0.8935
comcat_global_m4,xgboost,69564,0.9145,0.8945
comcat_global_m4,xgboost,69768,0.9085,0.8935
comcat_global_m4,xgboost,69972,0.911,0.899
comcat_global_m4,xgboost,70176,0.9075,0.896
comcat_global_m4,xgboost,70380,0.9045,0.897
comcat_global_m4,xgboost,70584,0.902,0.8965
comcat_global_m4,xgboost,70788,0.8965,0.8965
comcat_global_m4,xgboost,70992,0.897,0.9005
comcat_global_m4,xgboost,71196,0.895,0.8995
comcat_global_m4,xgboost,71400,0.8935,0.8995
comcat_global_m4,xgboost,71604,0.8935,0.9
comcat_global_m4,xgboost,71808,0.892,0.899
comcat_global_m4,xgboost,72012,0.896,0.903
comcat_global_m4,xgboost,72216,0.894,0.9005
comcat_global_m4,xgboost,72420,0.896,0.9015
comcat_global_m4,xgboost,72624,0.8995,0.903
comcat_global_m4,xgboost,72828,0.905,0.9035
comcat_global_m4,xgboost,73032,0.9055,0.901
comcat_global_m4,xgboost,73236,0.904,0.9005
comcat_global_m4,xgboost,73440,0.9015,0.898
comcat_global_m4,xgboost,73644,0.9075,0.9005
comcat_global_m4,xgboost,73848,0.908,0.9005
comcat_global_m4,xgboost,74052,0.902,0.8965
comcat_global_m4,xgboost,74256,0.9015,0.8975
comcat_global_m4,xgboost,74460,0.9005,0.8975
comcat_global_m4,xgboost,74664,0.9065,0.904
comcat_global_m4,xgboost,74868,0.91,0.9075
comcat_global_m4,xgboost,75072,0.9075,0.9025
comcat_global_m4,xgboost,75276,0.9135,0.904
comcat_global_m4,xgboost,75480,0.9175,0.9035
comcat_global_m4,xgboost,75684,0.916,0.9005
comcat_global_m4,xgboost,75888,0.9215,0.905
comcat_global_m4,xgboost,76092,0.915,0.898
comcat_global_m4,xgboost,76296,0.9135,0.8995
comcat_global_m4,xgboost,76500,0.909,0.897
comcat_global_m4,xgboost,76704,0.904,0.8935
comcat_global_m4,xgboost,76908,0.9025,0.895
comcat_global_m4,xgboost,77112,0.902,0.8975
comcat_global_m4,xgboost,77316,0.9035,0.9
comcat_global_m4,xgboost,77520,0.9025,0.8995
comcat_global_m4,xgboost,77724,0.9085,0.9055
comcat_global_m4,xgboost,77928,0.9115,0.905
comcat_global_m4,xgboost,78132,0.92,0.908
comcat_global_m4,xgboost,78336,0.9195,0.9025
comcat_global_m4,xgboost,78540,0.9195,0.901
comcat_global_m4,xgboost,78744,0.916,0.8985
comcat_global_m4,xgboost,78948,0.912,0.8975
comcat_global_m4,xgboost,79152,0.9105,0.8975
comcat_global_m4,xgboost,79356,0.903,0.896
comcat_global_m4,xgboost,79560,0.903,0.899
comcat_global_m4,xgboost,79764,0.8975,0.895
comcat_global_m4,xgboost,79968,0.8945,0.895
comcat_global_m4,xgboost,80172,0.892,0.8965
comcat_global_m4,xgboost,80376,0.8895,0.8965
comcat_global_m4,xgboost,80580,0.8965,0.9025
comcat_global_m4,xgboost,80784,0.8995,0.9035
comcat_global_m4,xgboost,80988,0.9105,0.91
comcat_global_m4,xgboost,81192,0.916,0.9105
comcat_global_m4,xgboost,81396,0.9275,0.9115
comcat_global_m4,xgboost,81600,0.929,0.9075
comcat_global_m4,lightgbm,0,,
comcat_global_m4,lightgbm,204,0.961,0.9561
comcat_global_m4,lightgbm,408,0.9682,0.9413
comcat_global_m4,lightgbm,612,0.9576,0.9266
comcat_global_m4,lightgbm,816,0.9547,0.9204
comcat_global_m4,lightgbm,1020,0.952,0.9167
comcat_global_m4,lightgbm,1224,0.9437,0.9061
comcat_global_m4,lightgbm,1428,0.9321,0.8992
comcat_global_m4,lightgbm,1632,0.9296,0.9002
comcat_global_m4,lightgbm,1836,0.9222,0.8982
comcat_global_m4,lightgbm,2040,0.918,0.898
comcat_global_m4,lightgbm,2244,0.914,0.8955
comcat_global_m4,lightgbm,2448,0.9105,0.8955
comcat_global_m4,lightgbm,2652,0.906,0.8905
comcat_global_m4,lightgbm,2856,0.8995,0.889
comcat_global_m4,lightgbm,3060,0.8975,0.8925
comcat_global_m4,lightgbm,3264,0.8975,0.8975
comcat_global_m4,lightgbm,3468,0.8985,0.8985
comcat_global_m4,lightgbm,3672,0.897,0.8995
comcat_global_m4,lightgbm,3876,0.9,0.9005
comcat_global_m4,lightgbm,4080,0.8965,0.8965
comcat_global_m4,lightgbm,4284,0.895,0.8965
comcat_global_m4,lightgbm,4488,0.8865,0.894
comcat_global_m4,lightgbm,4692,0.885,0.8985
comcat_global_m4,lightgbm,4896,0.8855,0.9005
comcat_global_m4,lightgbm,5100,0.8845,0.8985
comcat_global_m4,lightgbm,5304,0.886,0.8995
comcat_global_m4,lightgbm,5508,0.887,0.9005
comcat_global_m4,lightgbm,5712,0.8895,0.901
comcat_global_m4,lightgbm,5916,0.8905,0.8995
comcat_global_m4,lightgbm,6120,0.894,0.903
comcat_global_m4,lightgbm,6324,0.8955,0.9025
comcat_global_m4,lightgbm,6528,0.898,0.9025
comcat_global_m4,lightgbm,6732,0.901,0.901
comcat_global_m4,lightgbm,6936,0.902,0.9
comcat_global_m4,lightgbm,7140,0.9015,0.901
comcat_global_m4,lightgbm,7344,0.905,0.903
comcat_global_m4,lightgbm,7548,0.902,0.8995
comcat_global_m4,lightgbm,7752,0.904,0.903
comcat_global_m4,lightgbm,7956,0.9035,0.9015
comcat_global_m4,lightgbm,8160,0.905,0.9
comcat_global_m4,lightgbm,8364,0.906,0.9015
comcat_global_m4,lightgbm,8568,0.9035,0.898
comcat_global_m4,lightgbm,8772,0.906,0.902
comcat_global_m4,lightgbm,8976,0.9075,0.903
comcat_global_m4,lightgbm,9180,0.9065,0.9
comcat_global_m4,lightgbm,9384,0.902,0.8975
comcat_global_m4,lightgbm,9588,0.905,0.9005
comcat_global_m4,lightgbm,9792,0.9095,0.901
comcat_global_m4,lightgbm,9996,0.9095,0.901
comcat_global_m4,lightgbm,10200,0.91,0.9035
comcat_global_m4,lightgbm,10404,0.9145,0.903
comcat_global_m4,lightgbm,10608,0.9155,0.9035
comcat_global_m4,lightgbm,10812,0.915,0.901
comcat_global_m4,lightgbm,11016,0.9145,0.9005
comcat_global_m4,lightgbm,11220,0.918,0.9005
comcat_global_m4,lightgbm,11424,0.914,0.899
comcat_global_m4,lightgbm,11628,0.915,0.9005
comcat_global_m4,lightgbm,11832,0.911,0.899
comcat_global_m4,lightgbm,12036,0.9085,0.899
comcat_global_m4,lightgbm,12240,0.905,0.895
comcat_global_m4,lightgbm,12444,0.901,0.897
comcat_global_m4,lightgbm,12648,0.9,0.8975
comcat_global_m4,lightgbm,12852,0.8915,0.8945
comcat_global_m4,lightgbm,13056,0.892,0.8985
comcat_global_m4,lightgbm,13260,0.8925,0.9015
comcat_global_m4,lightgbm,13464,0.893,0.9
comcat_global_m4,lightgbm,13668,0.8925,0.899
comcat_global_m4,lightgbm,13872,0.8905,0.8975
comcat_global_m4,lightgbm,14076,0.8885,0.899
comcat_global_m4,lightgbm,14280,0.888,0.9
comcat_global_m4,lightgbm,14484,0.892,0.902
comcat_global_m4,lightgbm,14688,0.8925,0.902
comcat_global_m4,lightgbm,14892,0.8965,0.901
comcat_global_m4,lightgbm,15096,0.893,0.898
comcat_global_m4,lightgbm,15300,0.894,0.8985
comcat_global_m4,lightgbm,15504,0.896,0.9
comcat_global_m4,lightgbm,15708,0.894,0.8985
comcat_global_m4,lightgbm,15912,0.898,0.903
comcat_global_m4,lightgbm,16116,0.895,0.898
comcat_global_m4,lightgbm,16320,0.8915,0.9005
comcat_global_m4,lightgbm,16524,0.889,0.8985
comcat_global_m4,lightgbm,16728,0.8815,0.895
comcat_global_m4,lightgbm,16932,0.8815,0.8985
comcat_global_m4,lightgbm,17136,0.8785,0.8975
comcat_global_m4,lightgbm,17340,0.878,0.901
comcat_global_m4,lightgbm,17544,0.8775,0.9005
comcat_global_m4,lightgbm,17748,0.88,0.9025
comcat_global_m4,lightgbm,17952,0.8765,0.898
comcat_global_m4,lightgbm,18156,0.889,0.9075
comcat_global_m4,lightgbm,18360,0.8965,0.908
comcat_global_m4,lightgbm,18564,0.905,0.9115
comcat_global_m4,lightgbm,18768,0.912,0.9105
comcat_global_m4,lightgbm,18972,0.9095,0.9035
comcat_global_m4,lightgbm,19176,0.909,0.9005
comcat_global_m4,lightgbm,19380,0.908,0.899
comcat_global_m4,lightgbm,19584,0.9095,0.9
comcat_global_m4,lightgbm,19788,0.908,0.8995
comcat_global_m4,lightgbm,19992,0.908,0.899
comcat_global_m4,lightgbm,20196,0.899,0.892
comcat_global_m4,lightgbm,20400,0.892,0.889
comcat_global_m4,lightgbm,20604,0.8895,0.8925
comcat_global_m4,lightgbm,20808,0.895,0.9005
comcat_global_m4,lightgbm,21012,0.89,0.8965
comcat_global_m4,lightgbm,21216,0.8925,0.9015
comcat_global_m4,lightgbm,21420,0.8915,0.9
comcat_global_m4,lightgbm,21624,0.8905,0.899
comcat_global_m4,lightgbm,21828,0.8895,0.898
comcat_global_m4,lightgbm,22032,0.8885,0.899
comcat_global_m4,lightgbm,22236,0.891,0.901
comcat_global_m4,lightgbm,22440,0.8945,0.902
comcat_global_m4,lightgbm,22644,0.896,0.901
comcat_global_m4,lightgbm,22848,0.897,0.901
comcat_global_m4,lightgbm,23052,0.902,0.9025
comcat_global_m4,lightgbm,23256,0.91,0.904
comcat_global_m4,lightgbm,23460,0.911,0.9025
comcat_global_m4,lightgbm,23664,0.9065,0.898
comcat_global_m4,lightgbm,23868,0.915,0.904
comcat_global_m4,lightgbm,24072,0.9205,0.907
comcat_global_m4,lightgbm,24276,0.923,0.904
comcat_global_m4,lightgbm,24480,0.917,0.897
comcat_global_m4,lightgbm,24684,0.9165,0.8985
comcat_global_m4,lightgbm,24888,0.9135,0.8975
comcat_global_m4,lightgbm,25092,0.908,0.8955
comcat_global_m4,lightgbm,25296,0.904,0.896
comcat_global_m4,lightgbm,25500,0.909,0.9015
comcat_global_m4,lightgbm,25704,0.9105,0.9005
comcat_global_m4,lightgbm,25908,0.9025,0.8945
comcat_global_m4,lightgbm,26112,0.8965,0.8935
comcat_global_m4,lightgbm,26316,0.8955,0.8965
comcat_global_m4,lightgbm,26520,0.9,0.9
comcat_global_m4,lightgbm,26724,0.9,0.8995
comcat_global_m4,lightgbm,26928,0.8995,0.8995
comcat_global_m4,lightgbm,27132,0.8995,0.8995
comcat_global_m4,lightgbm,27336,0.898,0.8975
comcat_global_m4,lightgbm,27540,0.8935,0.8965
comcat_global_m4,lightgbm,27744,0.891,0.899
comcat_global_m4,lightgbm,27948,0.892,0.9015
comcat_global_m4,lightgbm,28152,0.8885,0.8985
comcat_global_m4,lightgbm,28356,0.89,0.9025
comcat_global_m4,lightgbm,28560,0.894,0.905
comcat_global_m4,lightgbm,28764,0.895,0.902
comcat_global_m4,lightgbm,28968,0.894,0.898
comcat_global_m4,lightgbm,29172,0.8955,0.9005
comcat_global_m4,lightgbm,29376,0.898,0.901
comcat_global_m4,lightgbm,29580,0.9025,0.9025
comcat_global_m4,lightgbm,29784,0.91,0.9045
comcat_global_m4,lightgbm,29988,0.9115,0.902
comcat_global_m4,lightgbm,30192,0.9195,0.9055
comcat_global_m4,lightgbm,30396,0.916,0.898
comcat_global_m4,lightgbm,30600,0.915,0.897
comcat_global_m4,lightgbm,30804,0.9125,0.8975
comcat_global_m4,lightgbm,31008,0.913,0.9005
comcat_global_m4,lightgbm,31212,0.909,0.8975
comcat_global_m4,lightgbm,31416,0.9075,0.8985
comcat_global_m4,lightgbm,31620,0.9035,0.8975
comcat_global_m4,lightgbm,31824,0.9005,0.899
comcat_global_m4,lightgbm,32028,0.903,0.8995
comcat_global_m4,lightgbm,32232,0.8985,0.896
comcat_global_m4,lightgbm,32436,0.897,0.8975
comcat_global_m4,lightgbm,32640,0.891,0.8965
comcat_global_m4,lightgbm,32844,0.893,0.8995
comcat_global_m4,lightgbm,33048,0.892,0.9005
comcat_global_m4,lightgbm,33252,0.891,0.9
comcat_global_m4,lightgbm,33456,0.892,0.9
comcat_global_m4,lightgbm,33660,0.8955,0.9015
comcat_global_m4,lightgbm,33864,0.898,0.903
comcat_global_m4,lightgbm,34068,0.8975,0.9015
comcat_global_m4,lightgbm,34272,0.897,0.901
comcat_global_m4,lightgbm,34476,0.8975,0.9015
comcat_global_m4,lightgbm,34680,0.8995,0.902
comcat_global_m4,lightgbm,34884,0.9,0.901
comcat_global_m4,lightgbm,35088,0.902,0.9
comcat_global_m4,lightgbm,35292,0.9115,0.9035
comcat_global_m4,lightgbm,35496,0.9155,0.904
comcat_global_m4,lightgbm,35700,0.909,0.897
comcat_global_m4,lightgbm,35904,0.9065,0.8965
comcat_global_m4,lightgbm,36108,0.908,0.9
comcat_global_m4,lightgbm,36312,0.9045,0.897
comcat_global_m4,lightgbm,36516,0.911,0.9045
comcat_global_m4,lightgbm,36720,0.9175,0.9095
comcat_global_m4,lightgbm,36924,0.9255,0.9115
comcat_global_m4,lightgbm,37128,0.928,0.9125
comcat_global_m4,lightgbm,37332,0.9275,0.9065
comcat_global_m4,lightgbm,37536,0.928,0.904
comcat_global_m4,lightgbm,37740,0.937,0.9085
comcat_global_m4,lightgbm,37944,0.938,0.906
comcat_global_m4,lightgbm,38148,0.942,0.906
comcat_global_m4,lightgbm,38352,0.9445,0.905
comcat_global_m4,lightgbm,38556,0.9415,0.8995
comcat_global_m4,lightgbm,38760,0.9325,0.889
comcat_global_m4,lightgbm,38964,0.927,0.888
comcat_global_m4,lightgbm,39168,0.923,0.8895
comcat_global_m4,lightgbm,39372,0.9235,0.8955
comcat_global_m4,lightgbm,39576,0.9215,0.897
comcat_global_m4,lightgbm,39780,0.917,0.892
comcat_global_m4,lightgbm,39984,0.911,0.8905
comcat_global_m4,lightgbm,40188,0.902,0.892
comcat_global_m4,lightgbm,40392,0.8955,0.8935
comcat_global_m4,lightgbm,40596,0.8885,0.894
comcat_global_m4,lightgbm,40800,0.8895,0.8985
comcat_global_m4,lightgbm,41004,0.8865,0.899
comcat_global_m4,lightgbm,41208,0.888,0.899
comcat_global_m4,lightgbm,41412,0.886,0.897
comcat_global_m4,lightgbm,41616,0.8895,0.897
comcat_global_m4,lightgbm,41820,0.8905,0.901
comcat_global_m4,lightgbm,42024,0.8895,0.9005
comcat_global_m4,lightgbm,42228,0.8965,0.9035
comcat_global_m4,lightgbm,42432,0.9005,0.9035
comcat_global_m4,lightgbm,42636,0.903,0.902
comcat_global_m4,lightgbm,42840,0.9035,0.9
comcat_global_m4,lightgbm,43044,0.906,0.9005
comcat_global_m4,lightgbm,43248,0.903,0.8995
comcat_global_m4,lightgbm,43452,0.9045,0.9015
comcat_global_m4,lightgbm,43656,0.9,0.9
comcat_global_m4,lightgbm,43860,0.9,0.9005
comcat_global_m4,lightgbm,44064,0.9035,0.9
comcat_global_m4,lightgbm,44268,0.898,0.8975
comcat_global_m4,lightgbm,44472,0.903,0.9005
comcat_global_m4,lightgbm,44676,0.8975,0.898
comcat_global_m4,lightgbm,44880,0.899,0.9015
comcat_global_m4,lightgbm,45084,0.9,0.901
comcat_global_m4,lightgbm,45288,0.89,0.896
comcat_global_m4,lightgbm,45492,0.8905,0.9
comcat_global_m4,lightgbm,45696,0.889,0.8985
comcat_global_m4,lightgbm,45900,0.8925,0.9015
comcat_global_m4,lightgbm,46104,0.891,0.9
comcat_global_m4,lightgbm,46308,0.8905,0.8985
comcat_global_m4,lightgbm,46512,0.8865,0.899
comcat_global_m4,lightgbm,46716,0.887,0.9
comcat_global_m4,lightgbm,46920,0.888,0.9005
comcat_global_m4,lightgbm,47124,0.892,0.9025
comcat_global_m4,lightgbm,47328,0.899,0.9025
comcat_global_m4,lightgbm,47532,0.8975,0.8985
comcat_global_m4,lightgbm,47736,0.9015,0.902
comcat_global_m4,lightgbm,47940,0.9005,0.8995
comcat_global_m4,lightgbm,48144,0.898,0.898
comcat_global_m4,lightgbm,48348,0.898,0.9015
comcat_global_m4,lightgbm,48552,0.901,0.902
comcat_global_m4,lightgbm,48756,0.902,0.901
comcat_global_m4,lightgbm,48960,0.8995,0.8975
comcat_global_m4,lightgbm,49164,0.891,0.894
comcat_global_m4,lightgbm,49368,0.8895,0.897
comcat_global_m4,lightgbm,49572,0.892,0.9005
comcat_global_m4,lightgbm,49776,0.8865,0.8965
comcat_global_m4,lightgbm,49980,0.8895,0.9005
comcat_global_m4,lightgbm,50184,0.892,0.902
comcat_global_m4,lightgbm,50388,0.891,0.9
comcat_global_m4,lightgbm,50592,0.89,0.8995
comcat_global_m4,lightgbm,50796,0.8895,0.8995
comcat_global_m4,lightgbm,51000,0.89,0.9015
comcat_global_m4,lightgbm,51204,0.897,0.9045
comcat_global_m4,lightgbm,51408,0.8955,0.9005
comcat_global_m4,lightgbm,51612,0.8925,0.8975
comcat_global_m4,lightgbm,51816,0.8975,0.902
comcat_global_m4,lightgbm,52020,0.9005,0.9025
comcat_global_m4,lightgbm,52224,0.906,0.9035
comcat_global_m4,lightgbm,52428,0.9045,0.9005
comcat_global_m4,lightgbm,52632,0.9085,0.9035
comcat_global_m4,lightgbm,52836,0.9065,0.902
comcat_global_m4,lightgbm,53040,0.9085,0.9015
comcat_global_m4,lightgbm,53244,0.909,0.9015
comcat_global_m4,lightgbm,53448,0.9065,0.899
comcat_global_m4,lightgbm,53652,0.908,0.9
comcat_global_m4,lightgbm,53856,0.904,0.8985
comcat_global_m4,lightgbm,54060,0.904,0.9
comcat_global_m4,lightgbm,54264,0.9065,0.903
comcat_global_m4,lightgbm,54468,0.9105,0.904
comcat_global_m4,lightgbm,54672,0.915,0.9045
comcat_global_m4,lightgbm,54876,0.916,0.9005
comcat_global_m4,lightgbm,55080,0.9135,0.897
comcat_global_m4,lightgbm,55284,0.913,0.8985
comcat_global_m4,lightgbm,55488,0.912,0.8995
comcat_global_m4,lightgbm,55692,0.913,0.9005
comcat_global_m4,lightgbm,55896,0.914,0.8985
comcat_global_m4,lightgbm,56100,0.906,0.8955
comcat_global_m4,lightgbm,56304,0.8995,0.8935
comcat_global_m4,lightgbm,56508,0.8985,0.8975
comcat_global_m4,lightgbm,56712,0.8935,0.896
comcat_global_m4,lightgbm,56916,0.898,0.9035
comcat_global_m4,lightgbm,57120,0.904,0.907
comcat_global_m4,lightgbm,57324,0.9085,0.9085
comcat_global_m4,lightgbm,57528,0.9055,0.9005
comcat_global_m4,lightgbm,57732,0.9045,0.8995
comcat_global_m4,lightgbm,57936,0.9095,0.9045
comcat_global_m4,lightgbm,58140,0.92,0.9055
comcat_global_m4,lightgbm,58344,0.921,0.903
comcat_global_m4,lightgbm,58548,0.919,0.8985
comcat_global_m4,lightgbm,58752,0.9165,0.8965
comcat_global_m4,lightgbm,58956,0.911,0.8945
comcat_global_m4,lightgbm,59160,0.9015,0.891
comcat_global_m4,lightgbm,59364,0.9,0.894
comcat_global_m4,lightgbm,59568,0.9,0.897
comcat_global_m4,lightgbm,59772,0.9015,0.8995
comcat_global_m4,lightgbm,59976,0.8935,0.894
comcat_global_m4,lightgbm,60180,0.8885,0.8945
comcat_global_m4,lightgbm,60384,0.89,0.898
comcat_global_m4,lightgbm,60588,0.8915,0.901
comcat_global_m4,lightgbm,60792,0.8875,0.898
comcat_global_m4,lightgbm,60996,0.892,0.9025
comcat_global_m4,lightgbm,61200,0.8985,0.905
comcat_global_m4,lightgbm,61404,0.903,0.908
comcat_global_m4,lightgbm,61608,0.908,0.9085
comcat_global_m4,lightgbm,61812,0.9075,0.9045
comcat_global_m4,lightgbm,62016,0.908,0.9
comcat_global_m4,lightgbm,62220,0.917,0.9075
comcat_global_m4,lightgbm,62424,0.9245,0.9145
comcat_global_m4,lightgbm,62628,0.9335,0.921
comcat_global_m4,lightgbm,62832,0.944,0.927
comcat_global_m4,lightgbm,63036,0.9515,0.9295
comcat_global_m4,lightgbm,63240,0.9535,0.925
comcat_global_m4,lightgbm,63444,0.9535,0.922
comcat_global_m4,lightgbm,63648,0.956,0.9185
comcat_global_m4,lightgbm,63852,0.9655,0.92
comcat_global_m4,lightgbm,64056,0.9725,0.916
comcat_global_m4,lightgbm,64260,0.97,0.9065
comcat_global_m4,lightgbm,64464,0.9645,0.8945
comcat_global_m4,lightgbm,64668,0.961,0.887
comcat_global_m4,lightgbm,64872,0.9575,0.882
comcat_global_m4,lightgbm,65076,0.951,0.879
comcat_global_m4,lightgbm,65280,0.9485,0.878
comcat_global_m4,lightgbm,65484,0.9435,0.874
comcat_global_m4,lightgbm,65688,0.941,0.8795
comcat_global_m4,lightgbm,65892,0.935,0.882
comcat_global_m4,lightgbm,66096,0.9375,0.8925
comcat_global_m4,lightgbm,66300,0.935,0.897
comcat_global_m4,lightgbm,66504,0.932,0.8975
comcat_global_m4,lightgbm,66708,0.932,0.8965
comcat_global_m4,lightgbm,66912,0.9285,0.895
comcat_global_m4,lightgbm,67116,0.9285,0.896
comcat_global_m4,lightgbm,67320,0.9275,0.8985
comcat_global_m4,lightgbm,67524,0.9265,0.9015
comcat_global_m4,lightgbm,67728,0.9265,0.899
comcat_global_m4,lightgbm,67932,0.9285,0.9005
comcat_global_m4,lightgbm,68136,0.9235,0.894
comcat_global_m4,lightgbm,68340,0.924,0.8935
comcat_global_m4,lightgbm,68544,0.922,0.895
comcat_global_m4,lightgbm,68748,0.9245,0.9005
comcat_global_m4,lightgbm,68952,0.919,0.895
comcat_global_m4,lightgbm,69156,0.9225,0.8985
comcat_global_m4,lightgbm,69360,0.9165,0.894
comcat_global_m4,lightgbm,69564,0.915,0.895
comcat_global_m4,lightgbm,69768,0.909,0.8955
comcat_global_m4,lightgbm,69972,0.9105,0.9005
comcat_global_m4,lightgbm,70176,0.9065,0.8965
comcat_global_m4,lightgbm,70380,0.9035,0.897
comcat_global_m4,lightgbm,70584,0.9005,0.897
comcat_global_m4,lightgbm,70788,0.896,0.896
comcat_global_m4,lightgbm,70992,0.8965,0.8995
comcat_global_m4,lightgbm,71196,0.8945,0.899
comcat_global_m4,lightgbm,71400,0.893,0.8995
comcat_global_m4,lightgbm,71604,0.892,0.8995
comcat_global_m4,lightgbm,71808,0.891,0.8975
comcat_global_m4,lightgbm,72012,0.895,0.902
comcat_global_m4,lightgbm,72216,0.8935,0.9005
comcat_global_m4,lightgbm,72420,0.896,0.9015
comcat_global_m4,lightgbm,72624,0.899,0.903
comcat_global_m4,lightgbm,72828,0.9035,0.9035
comcat_global_m4,lightgbm,73032,0.9035,0.901
comcat_global_m4,lightgbm,73236,0.9025,0.9005
comcat_global_m4,lightgbm,73440,0.9005,0.898
comcat_global_m4,lightgbm,73644,0.906,0.901
comcat_global_m4,lightgbm,73848,0.9055,0.9005
comcat_global_m4,lightgbm,74052,0.899,0.8965
comcat_global_m4,lightgbm,74256,0.899,0.898
comcat_global_m4,lightgbm,74460,0.8975,0.8975
comcat_global_m4,lightgbm,74664,0.9035,0.904
comcat_global_m4,lightgbm,74868,0.9075,0.908
comcat_global_m4,lightgbm,75072,0.905,0.9025
comcat_global_m4,lightgbm,75276,0.9105,0.904
comcat_global_m4,lightgbm,75480,0.916,0.9035
comcat_global_m4,lightgbm,75684,0.9145,0.9
comcat_global_m4,lightgbm,75888,0.9215,0.905
comcat_global_m4,lightgbm,76092,0.915,0.8985
comcat_global_m4,lightgbm,76296,0.913,0.8995
comcat_global_m4,lightgbm,76500,0.9095,0.897
comcat_global_m4,lightgbm,76704,0.904,0.893
comcat_global_m4,lightgbm,76908,0.9025,0.8925
comcat_global_m4,lightgbm,77112,0.902,0.897
comcat_global_m4,lightgbm,77316,0.9025,0.9
comcat_global_m4,lightgbm,77520,0.901,0.8995
comcat_global_m4,lightgbm,77724,0.9065,0.906
comcat_global_m4,lightgbm,77928,0.9095,0.907
comcat_global_m4,lightgbm,78132,0.918,0.908
comcat_global_m4,lightgbm,78336,0.9175,0.902
comcat_global_m4,lightgbm,78540,0.9165,0.901
comcat_global_m4,lightgbm,78744,0.9145,0.9
comcat_global_m4,lightgbm,78948,0.9105,0.899
comcat_global_m4,lightgbm,79152,0.909,0.899
comcat_global_m4,lightgbm,79356,0.9015,0.8965
comcat_global_m4,lightgbm,79560,0.9015,0.8985
comcat_global_m4,lightgbm,79764,0.8955,0.8945
comcat_global_m4,lightgbm,79968,0.8915,0.894
comcat_global_m4,lightgbm,80172,0.888,0.895
comcat_global_m4,lightgbm,80376,0.886,0.896
comcat_global_m4,lightgbm,80580,0.893,0.9025
comcat_global_m4,lightgbm,80784,0.895,0.903
comcat_global_m4,lightgbm,80988,0.9065,0.91
comcat_global_m4,lightgbm,81192,0.912,0.911
comcat_global_m4,lightgbm,81396,0.924,0.911
comcat_global_m4,lightgbm,81600,0.9265,0.9095
scedc_socal_m25,catboost,0,,
scedc_socal_m25,catboost,29,,
scedc_socal_m25,catboost,58,,
scedc_socal_m25,catboost,87,,
scedc_socal_m25,catboost,116,,
scedc_socal_m25,catboost,145,,
scedc_socal_m25,catboost,174,,
scedc_socal_m25,catboost,203,0.75,0.848
scedc_socal_m25,catboost,232,0.7682,0.8627
scedc_socal_m25,catboost,261,0.771,0.8664
scedc_socal_m25,catboost,290,0.7595,0.866
scedc_socal_m25,catboost,319,0.7562,0.8688
scedc_socal_m25,catboost,348,0.7536,0.8739
scedc_socal_m25,catboost,377,0.7593,0.8757
scedc_socal_m25,catboost,406,0.769,0.8796
scedc_socal_m25,catboost,435,0.7661,0.8761
scedc_socal_m25,catboost,464,0.772,0.8839
scedc_socal_m25,catboost,493,0.7733,0.8826
scedc_socal_m25,catboost,522,0.7744,0.8815
scedc_socal_m25,catboost,551,0.7772,0.8841
scedc_socal_m25,catboost,580,0.7762,0.8881
scedc_socal_m25,catboost,609,0.7787,0.8885
scedc_socal_m25,catboost,638,0.7856,0.892
scedc_socal_m25,catboost,667,0.7889,0.8907
scedc_socal_m25,catboost,696,0.7848,0.8867
scedc_socal_m25,catboost,725,0.7879,0.8898
scedc_socal_m25,catboost,754,0.7921,0.8914
scedc_socal_m25,catboost,783,0.7946,0.8903
scedc_socal_m25,catboost,812,0.797,0.8905
scedc_socal_m25,catboost,841,0.8005,0.8919
scedc_socal_m25,catboost,870,0.7979,0.8909
scedc_socal_m25,catboost,899,0.8022,0.8922
scedc_socal_m25,catboost,928,0.8009,0.8913
scedc_socal_m25,catboost,957,0.7985,0.8894
scedc_socal_m25,catboost,986,0.8014,0.8906
scedc_socal_m25,catboost,1015,0.7992,0.8898
scedc_socal_m25,catboost,1044,0.8029,0.8919
scedc_socal_m25,catboost,1073,0.8045,0.8939
scedc_socal_m25,catboost,1102,0.8051,0.893
scedc_socal_m25,catboost,1131,0.8074,0.894
scedc_socal_m25,catboost,1160,0.8088,0.8949
scedc_socal_m25,catboost,1189,0.8101,0.895
scedc_socal_m25,catboost,1218,0.8113,0.8958
scedc_socal_m25,catboost,1247,0.8125,0.8958
scedc_socal_m25,catboost,1276,0.8136,0.8966
scedc_socal_m25,catboost,1305,0.8155,0.8974
scedc_socal_m25,catboost,1334,0.8195,0.8996
scedc_socal_m25,catboost,1363,0.8189,0.8988
scedc_socal_m25,catboost,1392,0.8184,0.8988
scedc_socal_m25,catboost,1421,0.8207,0.8994
scedc_socal_m25,catboost,1450,0.8215,0.8987
scedc_socal_m25,catboost,1479,0.8236,0.8993
scedc_socal_m25,catboost,1508,0.8257,0.8999
scedc_socal_m25,catboost,1537,0.827,0.8999
scedc_socal_m25,catboost,1566,0.8277,0.8992
scedc_socal_m25,catboost,1595,0.8296,0.8997
scedc_socal_m25,catboost,1624,0.8295,0.8985
scedc_socal_m25,catboost,1653,0.8301,0.8984
scedc_socal_m25,catboost,1682,0.8277,0.8948
scedc_socal_m25,catboost,1711,0.8265,0.8943
scedc_socal_m25,catboost,1740,0.826,0.8943
scedc_socal_m25,catboost,1769,0.8254,0.8932
scedc_socal_m25,catboost,1798,0.8255,0.8927
scedc_socal_m25,catboost,1827,0.8249,0.8922
scedc_socal_m25,catboost,1856,0.8255,0.8934
scedc_socal_m25,catboost,1885,0.8256,0.8934
scedc_socal_m25,catboost,1914,0.824,0.8945
scedc_socal_m25,catboost,1943,0.8261,0.8961
scedc_socal_m25,catboost,1972,0.8246,0.8946
scedc_socal_m25,catboost,2001,0.823,0.893
scedc_socal_m25,catboost,2030,0.8245,0.895
scedc_socal_m25,catboost,2059,0.8255,0.898
scedc_socal_m25,catboost,2088,0.8245,0.8985
scedc_socal_m25,catboost,2117,0.8255,0.8985
scedc_socal_m25,catboost,2146,0.828,0.899
scedc_socal_m25,catboost,2175,0.8285,0.9
scedc_socal_m25,catboost,2204,0.827,0.9
scedc_socal_m25,catboost,2233,0.8275,0.9
scedc_socal_m25,catboost,2262,0.829,0.9005
scedc_socal_m25,catboost,2291,0.83,0.9005
scedc_socal_m25,catboost,2320,0.833,0.901
scedc_socal_m25,catboost,2349,0.832,0.8995
scedc_socal_m25,catboost,2378,0.832,0.9
scedc_socal_m25,catboost,2407,0.8315,0.8995
scedc_socal_m25,catboost,2436,0.8335,0.901
scedc_socal_m25,catboost,2465,0.831,0.8995
scedc_socal_m25,catboost,2494,0.831,0.9005
scedc_socal_m25,catboost,2523,0.8295,0.9
scedc_socal_m25,catboost,2552,0.83,0.901
scedc_socal_m25,catboost,2581,0.833,0.901
scedc_socal_m25,catboost,2610,0.8345,0.9015
scedc_socal_m25,catboost,2639,0.8335,0.9
scedc_socal_m25,catboost,2668,0.8315,0.899
scedc_socal_m25,catboost,2697,0.833,0.8995
scedc_socal_m25,catboost,2726,0.8335,0.8995
scedc_socal_m25,catboost,2755,0.8325,0.8995
scedc_socal_m25,catboost,2784,0.8335,0.901
scedc_socal_m25,catboost,2813,0.8335,0.901
scedc_socal_m25,catboost,2842,0.831,0.8995
scedc_socal_m25,catboost,2871,0.8325,0.9
scedc_socal_m25,catboost,2900,0.832,0.9
scedc_socal_m25,catboost,2929,0.834,0.901
scedc_socal_m25,catboost,2958,0.8365,0.9025
scedc_socal_m25,catboost,2987,0.8355,0.901
scedc_socal_m25,catboost,3016,0.8355,0.9005
scedc_socal_m25,catboost,3045,0.8345,0.8995
scedc_socal_m25,catboost,3074,0.8345,0.8995
scedc_socal_m25,catboost,3103,0.8345,0.9005
scedc_socal_m25,catboost,3132,0.833,0.8995
scedc_socal_m25,catboost,3161,0.8345,0.9005
scedc_socal_m25,catboost,3190,0.8345,0.9
scedc_socal_m25,catboost,3219,0.8355,0.9
scedc_socal_m25,catboost,3248,0.8375,0.9015
scedc_socal_m25,catboost,3277,0.8395,0.9025
scedc_socal_m25,catboost,3306,0.841,0.9035
scedc_socal_m25,catboost,3335,0.841,0.9035
scedc_socal_m25,catboost,3364,0.844,0.9055
scedc_socal_m25,catboost,3393,0.8465,0.906
scedc_socal_m25,catboost,3422,0.8475,0.907
scedc_socal_m25,catboost,3451,0.8495,0.909
scedc_socal_m25,catboost,3480,0.85,0.9095
scedc_socal_m25,catboost,3509,0.851,0.91
scedc_socal_m25,catboost,3538,0.8525,0.9115
scedc_socal_m25,catboost,3567,0.855,0.914
scedc_socal_m25,catboost,3596,0.8555,0.9145
scedc_socal_m25,catboost,3625,0.858,0.917
scedc_socal_m25,catboost,3654,0.86,0.9185
scedc_socal_m25,catboost,3683,0.865,0.923
scedc_socal_m25,catboost,3712,0.868,0.925
scedc_socal_m25,catboost,3741,0.871,0.9265
scedc_socal_m25,catboost,3770,0.874,0.929
scedc_socal_m25,catboost,3799,0.8765,0.931
scedc_socal_m25,catboost,3828,0.8795,0.933
scedc_socal_m25,catboost,3857,0.8815,0.9335
scedc_socal_m25,catboost,3886,0.884,0.935
scedc_socal_m25,catboost,3915,0.8885,0.9355
scedc_socal_m25,catboost,3944,0.889,0.936
scedc_socal_m25,catboost,3973,0.8925,0.9385
scedc_socal_m25,catboost,4002,0.8965,0.9415
scedc_socal_m25,catboost,4031,0.899,0.943
scedc_socal_m25,catboost,4060,0.9025,0.9435
scedc_socal_m25,catboost,4089,0.906,0.946
scedc_socal_m25,catboost,4118,0.908,0.947
scedc_socal_m25,catboost,4147,0.9115,0.948
scedc_socal_m25,catboost,4176,0.9145,0.949
scedc_socal_m25,catboost,4205,0.918,0.95
scedc_socal_m25,catboost,4234,0.919,0.9505
scedc_socal_m25,catboost,4263,0.921,0.952
scedc_socal_m25,catboost,4292,0.9245,0.9535
scedc_socal_m25,catboost,4321,0.9255,0.9545
scedc_socal_m25,catboost,4350,0.9305,0.957
scedc_socal_m25,catboost,4379,0.933,0.958
scedc_socal_m25,catboost,4408,0.935,0.9595
scedc_socal_m25,catboost,4437,0.9375,0.9605
scedc_socal_m25,catboost,4466,0.9415,0.962
scedc_socal_m25,catboost,4495,0.9445,0.963
scedc_socal_m25,catboost,4524,0.949,0.9655
scedc_socal_m25,catboost,4553,0.951,0.9655
scedc_socal_m25,catboost,4582,0.9515,0.966
scedc_socal_m25,catboost,4611,0.9525,0.967
scedc_socal_m25,catboost,4640,0.9545,0.969
scedc_socal_m25,catboost,4669,0.9585,0.972
scedc_socal_m25,catboost,4698,0.9615,0.9745
scedc_socal_m25,catboost,4727,0.963,0.975
scedc_socal_m25,catboost,4756,0.9655,0.976
scedc_socal_m25,catboost,4785,0.9665,0.9765
scedc_socal_m25,catboost,4814,0.969,0.978
scedc_socal_m25,catboost,4843,0.9725,0.9805
scedc_socal_m25,catboost,4872,0.975,0.9815
scedc_socal_m25,catboost,4901,0.976,0.982
scedc_socal_m25,catboost,4930,0.9775,0.983
scedc_socal_m25,catboost,4959,0.979,0.984
scedc_socal_m25,catboost,4988,0.982,0.9865
scedc_socal_m25,catboost,5017,0.9855,0.989
scedc_socal_m25,catboost,5046,0.988,0.9905
scedc_socal_m25,catboost,5075,0.989,0.9905
scedc_socal_m25,catboost,5104,0.992,0.9915
scedc_socal_m25,catboost,5133,0.9945,0.993
scedc_socal_m25,catboost,5162,0.995,0.993
scedc_socal_m25,catboost,5191,0.997,0.995
scedc_socal_m25,catboost,5220,0.998,0.996
scedc_socal_m25,catboost,5249,0.998,0.9955
scedc_socal_m25,catboost,5278,0.998,0.995
scedc_socal_m25,catboost,5307,0.998,0.9945
scedc_socal_m25,catboost,5336,0.9975,0.994
scedc_socal_m25,catboost,5365,0.998,0.9935
scedc_socal_m25,catboost,5394,0.998,0.9935
scedc_socal_m25,catboost,5423,0.998,0.9935
scedc_socal_m25,catboost,5452,0.998,0.9935
scedc_socal_m25,catboost,5481,0.9985,0.993
scedc_socal_m25,catboost,5510,0.998,0.993
scedc_socal_m25,catboost,5539,0.998,0.9925
scedc_socal_m25,catboost,5568,0.9975,0.992
scedc_socal_m25,catboost,5597,0.997,0.99
scedc_socal_m25,catboost,5626,0.997,0.99
scedc_socal_m25,catboost,5655,0.9965,0.9885
scedc_socal_m25,catboost,5684,0.9965,0.9875
scedc_socal_m25,catboost,5713,0.9955,0.9855
scedc_socal_m25,catboost,5742,0.9955,0.9835
scedc_socal_m25,catboost,5771,0.9955,0.982
scedc_socal_m25,catboost,5800,0.9945,0.98
scedc_socal_m25,catboost,5829,0.9935,0.977
scedc_socal_m25,catboost,5858,0.993,0.976
scedc_socal_m25,catboost,5887,0.9915,0.9725
scedc_socal_m25,catboost,5916,0.99,0.969
scedc_socal_m25,catboost,5945,0.9885,0.964
scedc_socal_m25,catboost,5974,0.9865,0.957
scedc_socal_m25,catboost,6003,0.9855,0.953
scedc_socal_m25,catboost,6032,0.9835,0.9475
scedc_socal_m25,catboost,6061,0.9815,0.9405
scedc_socal_m25,catboost,6090,0.979,0.9355
scedc_socal_m25,catboost,6119,0.978,0.931
scedc_socal_m25,catboost,6148,0.9775,0.9255
scedc_socal_m25,catboost,6177,0.976,0.92
scedc_socal_m25,catboost,6206,0.976,0.917
scedc_socal_m25,catboost,6235,0.9745,0.913
scedc_socal_m25,catboost,6264,0.973,0.9075
scedc_socal_m25,catboost,6293,0.971,0.9015
scedc_socal_m25,catboost,6322,0.9695,0.8955
scedc_socal_m25,catboost,6351,0.967,0.888
scedc_socal_m25,catboost,6380,0.963,0.877
scedc_socal_m25,catboost,6409,0.9615,0.871
scedc_socal_m25,catboost,6438,0.96,0.868
scedc_socal_m25,catboost,6467,0.9595,0.8625
scedc_socal_m25,catboost,6496,0.9565,0.856
scedc_socal_m25,catboost,6525,0.9545,0.853
scedc_socal_m25,catboost,6554,0.954,0.8505
scedc_socal_m25,catboost,6583,0.9525,0.847
scedc_socal_m25,catboost,6612,0.951,0.845
scedc_socal_m25,catboost,6641,0.951,0.8445
scedc_socal_m25,catboost,6670,0.95,0.843
scedc_socal_m25,catboost,6699,0.95,0.842
scedc_socal_m25,catboost,6728,0.9485,0.8395
scedc_socal_m25,catboost,6757,0.9485,0.839
scedc_socal_m25,catboost,6786,0.948,0.838
scedc_socal_m25,catboost,6815,0.945,0.834
scedc_socal_m25,catboost,6844,0.944,0.8315
scedc_socal_m25,catboost,6873,0.9415,0.8285
scedc_socal_m25,catboost,6902,0.9405,0.8265
scedc_socal_m25,catboost,6931,0.94,0.8255
scedc_socal_m25,catboost,6960,0.939,0.8245
scedc_socal_m25,catboost,6989,0.938,0.8225
scedc_socal_m25,catboost,7018,0.9365,0.821
scedc_socal_m25,catboost,7047,0.935,0.8195
scedc_socal_m25,catboost,7076,0.934,0.8165
scedc_socal_m25,catboost,7105,0.9325,0.8155
scedc_socal_m25,catboost,7134,0.9325,0.8155
scedc_socal_m25,catboost,7163,0.9325,0.8155
scedc_socal_m25,catboost,7192,0.9325,0.8155
scedc_socal_m25,catboost,7221,0.9325,0.8155
scedc_socal_m25,catboost,7250,0.9325,0.816
scedc_socal_m25,catboost,7279,0.932,0.816
scedc_socal_m25,catboost,7308,0.93,0.813
scedc_socal_m25,catboost,7337,0.93,0.812
scedc_socal_m25,catboost,7366,0.9285,0.8105
scedc_socal_m25,catboost,7395,0.927,0.806
scedc_socal_m25,catboost,7424,0.925,0.804
scedc_socal_m25,catboost,7453,0.9215,0.7995
scedc_socal_m25,catboost,7482,0.92,0.799
scedc_socal_m25,catboost,7511,0.9195,0.7985
scedc_socal_m25,catboost,7540,0.918,0.7975
scedc_socal_m25,catboost,7569,0.9175,0.797
scedc_socal_m25,catboost,7598,0.916,0.797
scedc_socal_m25,catboost,7627,0.915,0.796
scedc_socal_m25,catboost,7656,0.912,0.794
scedc_socal_m25,catboost,7685,0.9085,0.7925
scedc_socal_m25,catboost,7714,0.907,0.792
scedc_socal_m25,catboost,7743,0.9045,0.792
scedc_socal_m25,catboost,7772,0.903,0.792
scedc_socal_m25,catboost,7801,0.902,0.792
scedc_socal_m25,catboost,7830,0.9015,0.794
scedc_socal_m25,catboost,7859,0.901,0.794
scedc_socal_m25,catboost,7888,0.9025,0.7975
scedc_socal_m25,catboost,7917,0.904,0.801
scedc_socal_m25,catboost,7946,0.9055,0.806
scedc_socal_m25,catboost,7975,0.907,0.8115
scedc_socal_m25,catboost,8004,0.905,0.813
scedc_socal_m25,catboost,8033,0.906,0.8175
scedc_socal_m25,catboost,8062,0.9075,0.823
scedc_socal_m25,catboost,8091,0.9065,0.8245
scedc_socal_m25,catboost,8120,0.9055,0.827
scedc_socal_m25,catboost,8149,0.904,0.8305
scedc_socal_m25,catboost,8178,0.9015,0.833
scedc_socal_m25,catboost,8207,0.901,0.8355
scedc_socal_m25,catboost,8236,0.902,0.84
scedc_socal_m25,catboost,8265,0.899,0.8405
scedc_socal_m25,catboost,8294,0.8985,0.845
scedc_socal_m25,catboost,8323,0.8985,0.8495
scedc_socal_m25,catboost,8352,0.8985,0.8555
scedc_socal_m25,catboost,8381,0.9005,0.865
scedc_socal_m25,catboost,8410,0.8995,0.87
scedc_socal_m25,catboost,8439,0.897,0.872
scedc_socal_m25,catboost,8468,0.8935,0.8745
scedc_socal_m25,catboost,8497,0.895,0.8805
scedc_socal_m25,catboost,8526,0.895,0.8835
scedc_socal_m25,catboost,8555,0.8935,0.8845
scedc_socal_m25,catboost,8584,0.8925,0.8865
scedc_socal_m25,catboost,8613,0.893,0.8875
scedc_socal_m25,catboost,8642,0.8915,0.887
scedc_socal_m25,catboost,8671,0.889,0.8855
scedc_socal_m25,catboost,8700,0.8845,0.8845
scedc_socal_m25,catboost,8729,0.8835,0.8855
scedc_socal_m25,catboost,8758,0.881,0.884
scedc_socal_m25,catboost,8787,0.8805,0.884
scedc_socal_m25,catboost,8816,0.882,0.887
scedc_socal_m25,catboost,8845,0.88,0.887
scedc_socal_m25,catboost,8874,0.882,0.8905
scedc_socal_m25,catboost,8903,0.8815,0.8915
scedc_socal_m25,catboost,8932,0.8785,0.8905
scedc_socal_m25,catboost,8961,0.8775,0.8895
scedc_socal_m25,catboost,8990,0.8765,0.89
scedc_socal_m25,catboost,9019,0.877,0.8915
scedc_socal_m25,catboost,9048,0.875,0.892
scedc_socal_m25,catboost,9077,0.875,0.8945
scedc_socal_m25,catboost,9106,0.874,0.8945
scedc_socal_m25,catboost,9135,0.872,0.893
scedc_socal_m25,catboost,9164,0.866,0.8885
scedc_socal_m25,catboost,9193,0.864,0.8875
scedc_socal_m25,catboost,9222,0.8605,0.884
scedc_socal_m25,catboost,9251,0.8595,0.8835
scedc_socal_m25,catboost,9280,0.8585,0.883
scedc_socal_m25,catboost,9309,0.8595,0.886
scedc_socal_m25,catboost,9338,0.8585,0.8875
scedc_socal_m25,catboost,9367,0.8575,0.8885
scedc_socal_m25,catboost,9396,0.854,0.89
scedc_socal_m25,catboost,9425,0.8555,0.8915
scedc_socal_m25,catboost,9454,0.856,0.8945
scedc_socal_m25,catboost,9483,0.8555,0.894
scedc_socal_m25,catboost,9512,0.8545,0.8945
scedc_socal_m25,catboost,9541,0.8535,0.894
scedc_socal_m25,catboost,9570,0.8525,0.893
scedc_socal_m25,catboost,9599,0.8515,0.8935
scedc_socal_m25,catboost,9628,0.8475,0.893
scedc_socal_m25,catboost,9657,0.85,0.8955
scedc_socal_m25,catboost,9686,0.852,0.898
scedc_socal_m25,catboost,9715,0.852,0.899
scedc_socal_m25,catboost,9744,0.8515,0.8995
scedc_socal_m25,catboost,9773,0.85,0.8985
scedc_socal_m25,catboost,9802,0.85,0.9
scedc_socal_m25,catboost,9831,0.851,0.9005
scedc_socal_m25,catboost,9860,0.85,0.8995
scedc_socal_m25,catboost,9889,0.848,0.898
scedc_socal_m25,catboost,9918,0.8445,0.896
scedc_socal_m25,catboost,9947,0.84,0.893
scedc_socal_m25,catboost,9976,0.839,0.894
scedc_socal_m25,catboost,10005,0.842,0.897
scedc_socal_m25,catboost,10034,0.841,0.8965
scedc_socal_m25,catboost,10063,0.8395,0.896
scedc_socal_m25,catboost,10092,0.842,0.8995
scedc_socal_m25,catboost,10121,0.8435,0.9005
scedc_socal_m25,catboost,10150,0.8425,0.8995
scedc_socal_m25,catboost,10179,0.845,0.9015
scedc_socal_m25,catboost,10208,0.844,0.9005
scedc_socal_m25,catboost,10237,0.8435,0.8995
scedc_socal_m25,catboost,10266,0.848,0.9035
scedc_socal_m25,catboost,10295,0.85,0.905
scedc_socal_m25,catboost,10324,0.851,0.906
scedc_socal_m25,catboost,10353,0.853,0.9075
scedc_socal_m25,catboost,10382,0.854,0.9075
scedc_socal_m25,catboost,10411,0.855,0.9055
scedc_socal_m25,catboost,10440,0.858,0.9065
scedc_socal_m25,catboost,10469,0.86,0.906
scedc_socal_m25,catboost,10498,0.8585,0.903
scedc_socal_m25,catboost,10527,0.8585,0.902
scedc_socal_m25,catboost,10556,0.858,0.9005
scedc_socal_m25,catboost,10585,0.8585,0.9005
scedc_socal_m25,catboost,10614,0.858,0.9
scedc_socal_m25,catboost,10643,0.857,0.8995
scedc_socal_m25,catboost,10672,0.8585,0.9005
scedc_socal_m25,catboost,10701,0.859,0.9
scedc_socal_m25,catboost,10730,0.858,0.8995
scedc_socal_m25,catboost,10759,0.8575,0.9
scedc_socal_m25,catboost,10788,0.8565,0.899
scedc_socal_m25,catboost,10817,0.856,0.9
scedc_socal_m25,catboost,10846,0.8555,0.901
scedc_socal_m25,catboost,10875,0.8545,0.9005
scedc_socal_m25,catboost,10904,0.853,0.8995
scedc_socal_m25,catboost,10933,0.854,0.9005
scedc_socal_m25,catboost,10962,0.8525,0.8995
scedc_socal_m25,catboost,10991,0.8515,0.899
scedc_socal_m25,catboost,11020,0.8495,0.898
scedc_socal_m25,catboost,11049,0.8485,0.8965
scedc_socal_m25,catboost,11078,0.8475,0.895
scedc_socal_m25,catboost,11107,0.849,0.896
scedc_socal_m25,catboost,11136,0.8485,0.897
scedc_socal_m25,catboost,11165,0.853,0.901
scedc_socal_m25,catboost,11194,0.8515,0.9
scedc_socal_m25,catboost,11223,0.853,0.9025
scedc_socal_m25,catboost,11252,0.8515,0.9015
scedc_socal_m25,catboost,11281,0.851,0.901
scedc_socal_m25,catboost,11310,0.849,0.8995
scedc_socal_m25,catboost,11339,0.849,0.8995
scedc_socal_m25,catboost,11368,0.848,0.8985
scedc_socal_m25,catboost,11397,0.851,0.9005
scedc_socal_m25,catboost,11426,0.849,0.899
scedc_socal_m25,catboost,11455,0.851,0.9
scedc_socal_m25,catboost,11484,0.853,0.9015
scedc_socal_m25,catboost,11513,0.8535,0.901
scedc_socal_m25,catboost,11542,0.8525,0.901
scedc_socal_m25,catboost,11571,0.8515,0.9005
scedc_socal_m25,catboost,11600,0.853,0.9005
scedc_socal_m25,catboost,11629,0.8555,0.9015
scedc_socal_m25,catboost,11658,0.8535,0.9
scedc_socal_m25,catboost,11687,0.854,0.899
scedc_socal_m25,catboost,11716,0.8545,0.899
scedc_socal_m25,catboost,11745,0.8565,0.9005
scedc_socal_m25,catboost,11774,0.858,0.9015
scedc_socal_m25,catboost,11803,0.857,0.9
scedc_socal_m25,catboost,11832,0.853,0.898
scedc_socal_m25,catboost,11861,0.852,0.8985
scedc_socal_m25,xgboost,0,,
scedc_socal_m25,xgboost,29,,
scedc_socal_m25,xgboost,58,,
scedc_socal_m25,xgboost,87,,
scedc_socal_m25,xgboost,116,,
scedc_socal_m25,xgboost,145,,
scedc_socal_m25,xgboost,174,,
scedc_socal_m25,xgboost,203,0.7353,0.8431
scedc_socal_m25,xgboost,232,0.7511,0.8541
scedc_socal_m25,xgboost,261,0.7557,0.8588
scedc_socal_m25,xgboost,290,0.7491,0.8625
scedc_socal_m25,xgboost,319,0.7438,0.8656
scedc_socal_m25,xgboost,348,0.745,0.8682
scedc_socal_m25,xgboost,377,0.7487,0.8677
scedc_socal_m25,xgboost,406,0.7617,0.8722
scedc_socal_m25,xgboost,435,0.7638,0.8693
scedc_socal_m25,xgboost,464,0.7699,0.8753
scedc_socal_m25,xgboost,493,0.7672,0.8765
scedc_socal_m25,xgboost,522,0.7667,0.8738
scedc_socal_m25,xgboost,551,0.7681,0.8786
scedc_socal_m25,xgboost,580,0.7728,0.883
scedc_socal_m25,xgboost,609,0.7738,0.8836
scedc_socal_m25,xgboost,638,0.7809,0.8858
scedc_socal_m25,xgboost,667,0.7814,0.8862
scedc_socal_m25,xgboost,696,0.7791,0.8824
scedc_socal_m25,xgboost,725,0.7824,0.8843
scedc_socal_m25,xgboost,754,0.7828,0.8861
scedc_socal_m25,xgboost,783,0.7844,0.8865
scedc_socal_m25,xgboost,812,0.7872,0.8893
scedc_socal_m25,xgboost,841,0.791,0.8907
scedc_socal_m25,xgboost,870,0.7887,0.8886
scedc_socal_m25,xgboost,899,0.7911,0.89
scedc_socal_m25,xgboost,928,0.7922,0.8891
scedc_socal_m25,xgboost,957,0.7891,0.8873
scedc_socal_m25,xgboost,986,0.7913,0.8896
scedc_socal_m25,xgboost,1015,0.7904,0.8888
scedc_socal_m25,xgboost,1044,0.7943,0.8909
scedc_socal_m25,xgboost,1073,0.7961,0.8929
scedc_socal_m25,xgboost,1102,0.7969,0.8921
scedc_socal_m25,xgboost,1131,0.7995,0.8931
scedc_socal_m25,xgboost,1160,0.8019,0.8932
scedc_socal_m25,xgboost,1189,0.8025,0.8933
scedc_socal_m25,xgboost,1218,0.8039,0.8934
scedc_socal_m25,xgboost,1247,0.8061,0.8942
scedc_socal_m25,xgboost,1276,0.8066,0.8951
scedc_socal_m25,xgboost,1305,0.8093,0.8959
scedc_socal_m25,xgboost,1334,0.8127,0.8974
scedc_socal_m25,xgboost,1363,0.813,0.8959
scedc_socal_m25,xgboost,1392,0.8126,0.8959
scedc_socal_m25,xgboost,1421,0.815,0.8966
scedc_socal_m25,xgboost,1450,0.8153,0.8959
scedc_socal_m25,xgboost,1479,0.8162,0.8973
scedc_socal_m25,xgboost,1508,0.8184,0.8979
scedc_socal_m25,xgboost,1537,0.8192,0.8973
scedc_socal_m25,xgboost,1566,0.82,0.8966
scedc_socal_m25,xgboost,1595,0.8214,0.8972
scedc_socal_m25,xgboost,1624,0.8215,0.896
scedc_socal_m25,xgboost,1653,0.8222,0.8954
scedc_socal_m25,xgboost,1682,0.8194,0.8936
scedc_socal_m25,xgboost,1711,0.8189,0.8943
scedc_socal_m25,xgboost,1740,0.8185,0.8943
scedc_socal_m25,xgboost,1769,0.8175,0.8938
scedc_socal_m25,xgboost,1798,0.8177,0.8938
scedc_socal_m25,xgboost,1827,0.8167,0.8928
scedc_socal_m25,xgboost,1856,0.8174,0.8939
scedc_socal_m25,xgboost,1885,0.8176,0.8929
scedc_socal_m25,xgboost,1914,0.8157,0.894
scedc_socal_m25,xgboost,1943,0.8179,0.8951
scedc_socal_m25,xgboost,1972,0.816,0.8941
scedc_socal_m25,xgboost,2001,0.814,0.8925
scedc_socal_m25,xgboost,2030,0.815,0.895
scedc_socal_m25,xgboost,2059,0.8165,0.898
scedc_socal_m25,xgboost,2088,0.8165,0.898
scedc_socal_m25,xgboost,2117,0.8165,0.898
scedc_socal_m25,xgboost,2146,0.819,0.899
scedc_socal_m25,xgboost,2175,0.82,0.8995
scedc_socal_m25,xgboost,2204,0.82,0.9005
scedc_socal_m25,xgboost,2233,0.821,0.901
scedc_socal_m25,xgboost,2262,0.8225,0.9015
scedc_socal_m25,xgboost,2291,0.8235,0.901
scedc_socal_m25,xgboost,2320,0.8265,0.9015
scedc_socal_m25,xgboost,2349,0.8245,0.8995
scedc_socal_m25,xgboost,2378,0.8245,0.901
scedc_socal_m25,xgboost,2407,0.8235,0.9005
scedc_socal_m25,xgboost,2436,0.8255,0.9025
scedc_socal_m25,xgboost,2465,0.822,0.9005
scedc_socal_m25,xgboost,2494,0.8235,0.9005
scedc_socal_m25,xgboost,2523,0.823,0.9005
scedc_socal_m25,xgboost,2552,0.8235,0.9005
scedc_socal_m25,xgboost,2581,0.825,0.9005
scedc_socal_m25,xgboost,2610,0.827,0.901
scedc_socal_m25,xgboost,2639,0.826,0.9005
scedc_socal_m25,xgboost,2668,0.8245,0.899
scedc_socal_m25,xgboost,2697,0.8255,0.8995
scedc_socal_m25,xgboost,2726,0.826,0.9
scedc_socal_m25,xgboost,2755,0.827,0.9
scedc_socal_m25,xgboost,2784,0.8285,0.901
scedc_socal_m25,xgboost,2813,0.8275,0.9
scedc_socal_m25,xgboost,2842,0.8245,0.898
scedc_socal_m25,xgboost,2871,0.826,0.899
scedc_socal_m25,xgboost,2900,0.826,0.899
scedc_socal_m25,xgboost,2929,0.826,0.9005
scedc_socal_m25,xgboost,2958,0.8295,0.9025
scedc_socal_m25,xgboost,2987,0.8285,0.901
scedc_socal_m25,xgboost,3016,0.828,0.9005
scedc_socal_m25,xgboost,3045,0.827,0.8995
scedc_socal_m25,xgboost,3074,0.827,0.899
scedc_socal_m25,xgboost,3103,0.828,0.9
scedc_socal_m25,xgboost,3132,0.827,0.8995
scedc_socal_m25,xgboost,3161,0.8285,0.901
scedc_socal_m25,xgboost,3190,0.8285,0.9005
scedc_socal_m25,xgboost,3219,0.8295,0.901
scedc_socal_m25,xgboost,3248,0.831,0.902
scedc_socal_m25,xgboost,3277,0.8335,0.903
scedc_socal_m25,xgboost,3306,0.8345,0.904
scedc_socal_m25,xgboost,3335,0.835,0.9045
scedc_socal_m25,xgboost,3364,0.8375,0.907
scedc_socal_m25,xgboost,3393,0.84,0.9075
scedc_socal_m25,xgboost,3422,0.841,0.9085
scedc_socal_m25,xgboost,3451,0.8435,0.9105
scedc_socal_m25,xgboost,3480,0.845,0.9105
scedc_socal_m25,xgboost,3509,0.846,0.9115
scedc_socal_m25,xgboost,3538,0.848,0.9135
scedc_socal_m25,xgboost,3567,0.8505,0.916
scedc_socal_m25,xgboost,3596,0.8515,0.9165
scedc_socal_m25,xgboost,3625,0.854,0.919
scedc_socal_m25,xgboost,3654,0.856,0.921
scedc_socal_m25,xgboost,3683,0.8615,0.924
scedc_socal_m25,xgboost,3712,0.864,0.925
scedc_socal_m25,xgboost,3741,0.867,0.9265
scedc_socal_m25,xgboost,3770,0.8705,0.9285
scedc_socal_m25,xgboost,3799,0.873,0.93
scedc_socal_m25,xgboost,3828,0.8765,0.9325
scedc_socal_m25,xgboost,3857,0.8785,0.9325
scedc_socal_m25,xgboost,3886,0.881,0.934
scedc_socal_m25,xgboost,3915,0.886,0.934
scedc_socal_m25,xgboost,3944,0.8865,0.9345
scedc_socal_m25,xgboost,3973,0.8905,0.936
scedc_socal_m25,xgboost,4002,0.895,0.939
scedc_socal_m25,xgboost,4031,0.898,0.9395
scedc_socal_m25,xgboost,4060,0.9015,0.94
scedc_socal_m25,xgboost,4089,0.905,0.9425
scedc_socal_m25,xgboost,4118,0.907,0.9425
scedc_socal_m25,xgboost,4147,0.9105,0.943
scedc_socal_m25,xgboost,4176,0.913,0.943
scedc_socal_m25,xgboost,4205,0.916,0.943
scedc_socal_m25,xgboost,4234,0.917,0.9425
scedc_socal_m25,xgboost,4263,0.919,0.9435
scedc_socal_m25,xgboost,4292,0.922,0.9445
scedc_socal_m25,xgboost,4321,0.9235,0.945
scedc_socal_m25,xgboost,4350,0.929,0.947
scedc_socal_m25,xgboost,4379,0.932,0.947
scedc_socal_m25,xgboost,4408,0.934,0.9475
scedc_socal_m25,xgboost,4437,0.9355,0.9475
scedc_socal_m25,xgboost,4466,0.9405,0.9485
scedc_socal_m25,xgboost,4495,0.943,0.9495
scedc_socal_m25,xgboost,4524,0.9475,0.951
scedc_socal_m25,xgboost,4553,0.9495,0.951
scedc_socal_m25,xgboost,4582,0.95,0.9515
scedc_socal_m25,xgboost,4611,0.951,0.9515
scedc_socal_m25,xgboost,4640,0.953,0.952
scedc_socal_m25,xgboost,4669,0.9575,0.954
scedc_socal_m25,xgboost,4698,0.9605,0.955
scedc_socal_m25,xgboost,4727,0.962,0.9545
scedc_socal_m25,xgboost,4756,0.964,0.953
scedc_socal_m25,xgboost,4785,0.965,0.952
scedc_socal_m25,xgboost,4814,0.968,0.952
scedc_socal_m25,xgboost,4843,0.9725,0.952
scedc_socal_m25,xgboost,4872,0.975,0.952
scedc_socal_m25,xgboost,4901,0.9765,0.952
scedc_socal_m25,xgboost,4930,0.979,0.9505
scedc_socal_m25,xgboost,4959,0.9805,0.951
scedc_socal_m25,xgboost,4988,0.9835,0.9515
scedc_socal_m25,xgboost,5017,0.987,0.9525
scedc_socal_m25,xgboost,5046,0.9895,0.9535
scedc_socal_m25,xgboost,5075,0.9905,0.9525
scedc_socal_m25,xgboost,5104,0.9925,0.9515
scedc_socal_m25,xgboost,5133,0.9945,0.9505
scedc_socal_m25,xgboost,5162,0.995,0.948
scedc_socal_m25,xgboost,5191,0.997,0.946
scedc_socal_m25,xgboost,5220,0.998,0.9445
scedc_socal_m25,xgboost,5249,0.998,0.942
scedc_socal_m25,xgboost,5278,0.998,0.9395
scedc_socal_m25,xgboost,5307,0.998,0.9385
scedc_socal_m25,xgboost,5336,0.9975,0.938
scedc_socal_m25,xgboost,5365,0.998,0.9375
scedc_socal_m25,xgboost,5394,0.998,0.936
scedc_socal_m25,xgboost,5423,0.998,0.935
scedc_socal_m25,xgboost,5452,0.998,0.934
scedc_socal_m25,xgboost,5481,0.9985,0.932
scedc_socal_m25,xgboost,5510,0.998,0.931
scedc_socal_m25,xgboost,5539,0.998,0.93
scedc_socal_m25,xgboost,5568,0.998,0.929
scedc_socal_m25,xgboost,5597,0.9975,0.9255
scedc_socal_m25,xgboost,5626,0.9975,0.9255
scedc_socal_m25,xgboost,5655,0.997,0.9235
scedc_socal_m25,xgboost,5684,0.997,0.9225
scedc_socal_m25,xgboost,5713,0.9965,0.919
scedc_socal_m25,xgboost,5742,0.996,0.9165
scedc_socal_m25,xgboost,5771,0.996,0.9145
scedc_socal_m25,xgboost,5800,0.995,0.9125
scedc_socal_m25,xgboost,5829,0.994,0.909
scedc_socal_m25,xgboost,5858,0.9935,0.9075
scedc_socal_m25,xgboost,5887,0.9925,0.903
scedc_socal_m25,xgboost,5916,0.9915,0.9
scedc_socal_m25,xgboost,5945,0.9905,0.894
scedc_socal_m25,xgboost,5974,0.9885,0.888
scedc_socal_m25,xgboost,6003,0.988,0.885
scedc_socal_m25,xgboost,6032,0.986,0.8815
scedc_socal_m25,xgboost,6061,0.984,0.8765
scedc_socal_m25,xgboost,6090,0.9815,0.873
scedc_socal_m25,xgboost,6119,0.981,0.8715
scedc_socal_m25,xgboost,6148,0.9805,0.87
scedc_socal_m25,xgboost,6177,0.979,0.8685
scedc_socal_m25,xgboost,6206,0.978,0.867
scedc_socal_m25,xgboost,6235,0.9765,0.866
scedc_socal_m25,xgboost,6264,0.9745,0.864
scedc_socal_m25,xgboost,6293,0.9725,0.8615
scedc_socal_m25,xgboost,6322,0.971,0.86
scedc_socal_m25,xgboost,6351,0.9675,0.858
scedc_socal_m25,xgboost,6380,0.963,0.8545
scedc_socal_m25,xgboost,6409,0.962,0.8545
scedc_socal_m25,xgboost,6438,0.9605,0.854
scedc_socal_m25,xgboost,6467,0.9595,0.8545
scedc_socal_m25,xgboost,6496,0.9565,0.852
scedc_socal_m25,xgboost,6525,0.9545,0.8525
scedc_socal_m25,xgboost,6554,0.954,0.852
scedc_socal_m25,xgboost,6583,0.9525,0.851
scedc_socal_m25,xgboost,6612,0.951,0.85
scedc_socal_m25,xgboost,6641,0.951,0.851
scedc_socal_m25,xgboost,6670,0.95,0.851
scedc_socal_m25,xgboost,6699,0.95,0.8525
scedc_socal_m25,xgboost,6728,0.9485,0.8515
scedc_socal_m25,xgboost,6757,0.9485,0.854
scedc_socal_m25,xgboost,6786,0.948,0.855
scedc_socal_m25,xgboost,6815,0.9455,0.8535
scedc_socal_m25,xgboost,6844,0.945,0.856
scedc_socal_m25,xgboost,6873,0.9425,0.855
scedc_socal_m25,xgboost,6902,0.942,0.854
scedc_socal_m25,xgboost,6931,0.9415,0.855
scedc_socal_m25,xgboost,6960,0.9405,0.854
scedc_socal_m25,xgboost,6989,0.9395,0.8545
scedc_socal_m25,xgboost,7018,0.938,0.8545
scedc_socal_m25,xgboost,7047,0.937,0.854
scedc_socal_m25,xgboost,7076,0.9355,0.8535
scedc_socal_m25,xgboost,7105,0.934,0.8545
scedc_socal_m25,xgboost,7134,0.934,0.8565
scedc_socal_m25,xgboost,7163,0.934,0.8595
scedc_socal_m25,xgboost,7192,0.934,0.863
scedc_socal_m25,xgboost,7221,0.934,0.8655
scedc_socal_m25,xgboost,7250,0.934,0.868
scedc_socal_m25,xgboost,7279,0.9335,0.87
scedc_socal_m25,xgboost,7308,0.9315,0.8675
scedc_socal_m25,xgboost,7337,0.9315,0.8665
scedc_socal_m25,xgboost,7366,0.9295,0.865
scedc_socal_m25,xgboost,7395,0.928,0.8635
scedc_socal_m25,xgboost,7424,0.9265,0.862
scedc_socal_m25,xgboost,7453,0.923,0.859
scedc_socal_m25,xgboost,7482,0.9215,0.86
scedc_socal_m25,xgboost,7511,0.921,0.86
scedc_socal_m25,xgboost,7540,0.9195,0.8595
scedc_socal_m25,xgboost,7569,0.9185,0.859
scedc_socal_m25,xgboost,7598,0.9175,0.861
scedc_socal_m25,xgboost,7627,0.9165,0.86
scedc_socal_m25,xgboost,7656,0.9135,0.8585
scedc_socal_m25,xgboost,7685,0.91,0.856
scedc_socal_m25,xgboost,7714,0.908,0.857
scedc_socal_m25,xgboost,7743,0.9065,0.8585
scedc_socal_m25,xgboost,7772,0.9045,0.859
scedc_socal_m25,xgboost,7801,0.9035,0.859
scedc_socal_m25,xgboost,7830,0.902,0.8615
scedc_socal_m25,xgboost,7859,0.9015,0.8625
scedc_socal_m25,xgboost,7888,0.9025,0.868
scedc_socal_m25,xgboost,7917,0.9035,0.872
scedc_socal_m25,xgboost,7946,0.9045,0.878
scedc_socal_m25,xgboost,7975,0.9065,0.884
scedc_socal_m25,xgboost,8004,0.9045,0.8845
scedc_socal_m25,xgboost,8033,0.9055,0.888
scedc_socal_m25,xgboost,8062,0.9055,0.891
scedc_socal_m25,xgboost,8091,0.9045,0.891
scedc_socal_m25,xgboost,8120,0.903,0.891
scedc_socal_m25,xgboost,8149,0.901,0.891
scedc_socal_m25,xgboost,8178,0.8995,0.891
scedc_socal_m25,xgboost,8207,0.9,0.8925
scedc_socal_m25,xgboost,8236,0.901,0.8945
scedc_socal_m25,xgboost,8265,0.8985,0.893
scedc_socal_m25,xgboost,8294,0.898,0.894
scedc_socal_m25,xgboost,8323,0.898,0.8945
scedc_socal_m25,xgboost,8352,0.899,0.8965
scedc_socal_m25,xgboost,8381,0.902,0.8995
scedc_socal_m25,xgboost,8410,0.9005,0.8995
scedc_socal_m25,xgboost,8439,0.899,0.899
scedc_socal_m25,xgboost,8468,0.895,0.897
scedc_socal_m25,xgboost,8497,0.897,0.899
scedc_socal_m25,xgboost,8526,0.896,0.899
scedc_socal_m25,xgboost,8555,0.894,0.8975
scedc_socal_m25,xgboost,8584,0.893,0.898
scedc_socal_m25,xgboost,8613,0.8925,0.899
scedc_socal_m25,xgboost,8642,0.891,0.8975
scedc_socal_m25,xgboost,8671,0.8885,0.8965
scedc_socal_m25,xgboost,8700,0.884,0.894
scedc_socal_m25,xgboost,8729,0.884,0.895
scedc_socal_m25,xgboost,8758,0.8815,0.8935
scedc_socal_m25,xgboost,8787,0.881,0.8935
scedc_socal_m25,xgboost,8816,0.8815,0.895
scedc_socal_m25,xgboost,8845,0.879,0.893
scedc_socal_m25,xgboost,8874,0.8805,0.8955
scedc_socal_m25,xgboost,8903,0.88,0.896
scedc_socal_m25,xgboost,8932,0.877,0.8945
scedc_socal_m25,xgboost,8961,0.8755,0.894
scedc_socal_m25,xgboost,8990,0.874,0.894
scedc_socal_m25,xgboost,9019,0.874,0.895
scedc_socal_m25,xgboost,9048,0.8715,0.8935
scedc_socal_m25,xgboost,9077,0.8725,0.8955
scedc_socal_m25,xgboost,9106,0.871,0.895
scedc_socal_m25,xgboost,9135,0.8695,0.8935
scedc_socal_m25,xgboost,9164,0.863,0.89
scedc_socal_m25,xgboost,9193,0.861,0.889
scedc_socal_m25,xgboost,9222,0.8575,0.8865
scedc_socal_m25,xgboost,9251,0.8565,0.886
scedc_socal_m25,xgboost,9280,0.8555,0.8855
scedc_socal_m25,xgboost,9309,0.8565,0.888
scedc_socal_m25,xgboost,9338,0.8555,0.8895
scedc_socal_m25,xgboost,9367,0.855,0.89
scedc_socal_m25,xgboost,9396,0.851,0.89
scedc_socal_m25,xgboost,9425,0.852,0.892
scedc_socal_m25,xgboost,9454,0.8535,0.8945
scedc_socal_m25,xgboost,9483,0.853,0.894
scedc_socal_m25,xgboost,9512,0.8525,0.895
scedc_socal_m25,xgboost,9541,0.852,0.8955
scedc_socal_m25,xgboost,9570,0.851,0.895
scedc_socal_m25,xgboost,9599,0.8495,0.895
scedc_socal_m25,xgboost,9628,0.8465,0.893
scedc_socal_m25,xgboost,9657,0.8485,0.8955
scedc_socal_m25,xgboost,9686,0.8505,0.898
scedc_socal_m25,xgboost,9715,0.8505,0.8995
scedc_socal_m25,xgboost,9744,0.849,0.898
scedc_socal_m25,xgboost,9773,0.8475,0.898
scedc_socal_m25,xgboost,9802,0.8475,0.899
scedc_socal_m25,xgboost,9831,0.849,0.8995
scedc_socal_m25,xgboost,9860,0.848,0.899
scedc_socal_m25,xgboost,9889,0.8455,0.8975
scedc_socal_m25,xgboost,9918,0.842,0.896
scedc_socal_m25,xgboost,9947,0.838,0.8935
scedc_socal_m25,xgboost,9976,0.8365,0.8935
scedc_socal_m25,xgboost,10005,0.839,0.8965
scedc_socal_m25,xgboost,10034,0.838,0.8955
scedc_socal_m25,xgboost,10063,0.838,0.8955
scedc_socal_m25,xgboost,10092,0.841,0.899
scedc_socal_m25,xgboost,10121,0.8425,0.9005
scedc_socal_m25,xgboost,10150,0.842,0.9005
scedc_socal_m25,xgboost,10179,0.8435,0.9015
scedc_socal_m25,xgboost,10208,0.842,0.9005
scedc_socal_m25,xgboost,10237,0.8415,0.8995
scedc_socal_m25,xgboost,10266,0.846,0.903
scedc_socal_m25,xgboost,10295,0.848,0.905
scedc_socal_m25,xgboost,10324,0.849,0.906
scedc_socal_m25,xgboost,10353,0.851,0.907
scedc_socal_m25,xgboost,10382,0.8515,0.9065
scedc_socal_m25,xgboost,10411,0.8515,0.9045
scedc_socal_m25,xgboost,10440,0.854,0.906
scedc_socal_m25,xgboost,10469,0.8565,0.9055
scedc_socal_m25,xgboost,10498,0.8545,0.903
scedc_socal_m25,xgboost,10527,0.855,0.9025
scedc_socal_m25,xgboost,10556,0.8555,0.9025
scedc_socal_m25,xgboost,10585,0.856,0.902
scedc_socal_m25,xgboost,10614,0.8565,0.901
scedc_socal_m25,xgboost,10643,0.856,0.901
scedc_socal_m25,xgboost,10672,0.8565,0.9015
scedc_socal_m25,xgboost,10701,0.8565,0.9015
scedc_socal_m25,xgboost,10730,0.8565,0.901
scedc_socal_m25,xgboost,10759,0.8565,0.901
scedc_socal_m25,xgboost,10788,0.855,0.8995
scedc_socal_m25,xgboost,10817,0.8555,0.8995
scedc_socal_m25,xgboost,10846,0.855,0.9
scedc_socal_m25,xgboost,10875,0.854,0.9005
scedc_socal_m25,xgboost,10904,0.8525,0.8995
scedc_socal_m25,xgboost,10933,0.8525,0.9005
scedc_socal_m25,xgboost,10962,0.8515,0.899
scedc_socal_m25,xgboost,10991,0.8515,0.899
scedc_socal_m25,xgboost,11020,0.85,0.898
scedc_socal_m25,xgboost,11049,0.849,0.897
scedc_socal_m25,xgboost,11078,0.8475,0.8955
scedc_socal_m25,xgboost,11107,0.85,0.8975
scedc_socal_m25,xgboost,11136,0.8495,0.8985
scedc_socal_m25,xgboost,11165,0.854,0.902
scedc_socal_m25,xgboost,11194,0.8525,0.9
scedc_socal_m25,xgboost,11223,0.853,0.9015
scedc_socal_m25,xgboost,11252,0.8505,0.9005
scedc_socal_m25,xgboost,11281,0.85,0.9
scedc_socal_m25,xgboost,11310,0.8475,0.899
scedc_socal_m25,xgboost,11339,0.8475,0.899
scedc_socal_m25,xgboost,11368,0.846,0.8975
scedc_socal_m25,xgboost,11397,0.8495,0.9
scedc_socal_m25,xgboost,11426,0.848,0.8995
scedc_socal_m25,xgboost,11455,0.849,0.9
scedc_socal_m25,xgboost,11484,0.851,0.9015
scedc_socal_m25,xgboost,11513,0.8505,0.901
scedc_socal_m25,xgboost,11542,0.8485,0.9005
scedc_socal_m25,xgboost,11571,0.8475,0.8995
scedc_socal_m25,xgboost,11600,0.849,0.9005
scedc_socal_m25,xgboost,11629,0.8505,0.9025
scedc_socal_m25,xgboost,11658,0.849,0.9005
scedc_socal_m25,xgboost,11687,0.8495,0.901
scedc_socal_m25,xgboost,11716,0.85,0.901
scedc_socal_m25,xgboost,11745,0.8525,0.9035
scedc_socal_m25,xgboost,11774,0.854,0.9025
scedc_socal_m25,xgboost,11803,0.8525,0.9015
scedc_socal_m25,xgboost,11832,0.8495,0.8995
scedc_socal_m25,xgboost,11861,0.8485,0.8995
scedc_socal_m25,lightgbm,0,,
scedc_socal_m25,lightgbm,29,,
scedc_socal_m25,lightgbm,58,,
scedc_socal_m25,lightgbm,87,,
scedc_socal_m25,lightgbm,116,,
scedc_socal_m25,lightgbm,145,,
scedc_socal_m25,lightgbm,174,,
scedc_socal_m25,lightgbm,203,0.7451,0.8431
scedc_socal_m25,lightgbm,232,0.7639,0.8498
scedc_socal_m25,lightgbm,261,0.771,0.855
scedc_socal_m25,lightgbm,290,0.7663,0.8591
scedc_socal_m25,lightgbm,319,0.7625,0.8625
scedc_socal_m25,lightgbm,348,0.7622,0.8653
scedc_socal_m25,lightgbm,377,0.7619,0.8651
scedc_socal_m25,lightgbm,406,0.7715,0.8698
scedc_socal_m25,lightgbm,435,0.7706,0.867
scedc_socal_m25,lightgbm,464,0.7763,0.8731
scedc_socal_m25,lightgbm,493,0.7733,0.8745
scedc_socal_m25,lightgbm,522,0.7725,0.8738
scedc_socal_m25,lightgbm,551,0.7736,0.8786
scedc_socal_m25,lightgbm,580,0.7797,0.883
scedc_socal_m25,lightgbm,609,0.782,0.8852
scedc_socal_m25,lightgbm,638,0.7872,0.8873
scedc_socal_m25,lightgbm,667,0.7874,0.8847
scedc_socal_m25,lightgbm,696,0.7848,0.8809
scedc_socal_m25,lightgbm,725,0.7879,0.8843
scedc_socal_m25,lightgbm,754,0.7854,0.8874
scedc_socal_m25,lightgbm,783,0.7883,0.8878
scedc_socal_m25,lightgbm,812,0.7909,0.8893
scedc_socal_m25,lightgbm,841,0.7933,0.8907
scedc_socal_m25,lightgbm,870,0.7922,0.8886
scedc_socal_m25,lightgbm,899,0.7944,0.89
scedc_socal_m25,lightgbm,928,0.7955,0.8902
scedc_socal_m25,lightgbm,957,0.7933,0.8883
scedc_socal_m25,lightgbm,986,0.7953,0.8906
scedc_socal_m25,lightgbm,1015,0.7943,0.8888
scedc_socal_m25,lightgbm,1044,0.7981,0.89
scedc_socal_m25,lightgbm,1073,0.8017,0.892
scedc_socal_m25,lightgbm,1102,0.8024,0.8912
scedc_socal_m25,lightgbm,1131,0.8039,0.8931
scedc_socal_m25,lightgbm,1160,0.8062,0.8932
scedc_socal_m25,lightgbm,1189,0.8076,0.8933
scedc_socal_m25,lightgbm,1218,0.8089,0.8925
scedc_socal_m25,lightgbm,1247,0.8109,0.8926
scedc_socal_m25,lightgbm,1276,0.8113,0.8935
scedc_socal_m25,lightgbm,1305,0.8139,0.8943
scedc_socal_m25,lightgbm,1334,0.8172,0.8959
scedc_socal_m25,lightgbm,1363,0.8182,0.8959
scedc_socal_m25,lightgbm,1392,0.8184,0.8959
scedc_socal_m25,lightgbm,1421,0.8207,0.8966
scedc_socal_m25,lightgbm,1450,0.8208,0.8952
scedc_socal_m25,lightgbm,1479,0.823,0.8966
scedc_socal_m25,lightgbm,1508,0.825,0.8973
scedc_socal_m25,lightgbm,1537,0.8257,0.8966
scedc_socal_m25,lightgbm,1566,0.8258,0.896
scedc_socal_m25,lightgbm,1595,0.8271,0.8966
scedc_socal_m25,lightgbm,1624,0.8271,0.896
scedc_socal_m25,lightgbm,1653,0.8277,0.896
scedc_socal_m25,lightgbm,1682,0.8253,0.8936
scedc_socal_m25,lightgbm,1711,0.8242,0.8943
scedc_socal_m25,lightgbm,1740,0.8237,0.8943
scedc_socal_m25,lightgbm,1769,0.8226,0.8938
scedc_socal_m25,lightgbm,1798,0.8227,0.8938
scedc_socal_m25,lightgbm,1827,0.8222,0.8928
scedc_socal_m25,lightgbm,1856,0.8234,0.8939
scedc_socal_m25,lightgbm,1885,0.8234,0.8929
scedc_socal_m25,lightgbm,1914,0.8225,0.894
scedc_socal_m25,lightgbm,1943,0.8246,0.8956
scedc_socal_m25,lightgbm,1972,0.8226,0.8946
scedc_socal_m25,lightgbm,2001,0.8205,0.893
scedc_socal_m25,lightgbm,2030,0.822,0.8955
scedc_socal_m25,lightgbm,2059,0.823,0.8975
scedc_socal_m25,lightgbm,2088,0.8225,0.8975
scedc_socal_m25,lightgbm,2117,0.822,0.8975
scedc_socal_m25,lightgbm,2146,0.8235,0.8985
scedc_socal_m25,lightgbm,2175,0.825,0.8995
scedc_socal_m25,lightgbm,2204,0.825,0.9005
scedc_socal_m25,lightgbm,2233,0.8255,0.9015
scedc_socal_m25,lightgbm,2262,0.8265,0.902
scedc_socal_m25,lightgbm,2291,0.8265,0.901
scedc_socal_m25,lightgbm,2320,0.828,0.9015
scedc_socal_m25,lightgbm,2349,0.827,0.9
scedc_socal_m25,lightgbm,2378,0.828,0.9015
scedc_socal_m25,lightgbm,2407,0.828,0.901
scedc_socal_m25,lightgbm,2436,0.83,0.903
scedc_socal_m25,lightgbm,2465,0.827,0.9005
scedc_socal_m25,lightgbm,2494,0.8285,0.9005
scedc_socal_m25,lightgbm,2523,0.828,0.901
scedc_socal_m25,lightgbm,2552,0.8285,0.901
scedc_socal_m25,lightgbm,2581,0.8295,0.9015
scedc_socal_m25,lightgbm,2610,0.831,0.9015
scedc_socal_m25,lightgbm,2639,0.8305,0.9005
scedc_socal_m25,lightgbm,2668,0.829,0.9
scedc_socal_m25,lightgbm,2697,0.83,0.9005
scedc_socal_m25,lightgbm,2726,0.8305,0.9005
scedc_socal_m25,lightgbm,2755,0.8325,0.9
scedc_socal_m25,lightgbm,2784,0.8335,0.901
scedc_socal_m25,lightgbm,2813,0.8325,0.9005
scedc_socal_m25,lightgbm,2842,0.8305,0.899
scedc_socal_m25,lightgbm,2871,0.8315,0.9
scedc_socal_m25,lightgbm,2900,0.8315,0.9
scedc_socal_m25,lightgbm,2929,0.832,0.901
scedc_socal_m25,lightgbm,2958,0.835,0.9025
scedc_socal_m25,lightgbm,2987,0.834,0.9005
scedc_socal_m25,lightgbm,3016,0.8335,0.9005
scedc_socal_m25,lightgbm,3045,0.8325,0.8995
scedc_socal_m25,lightgbm,3074,0.831,0.899
scedc_socal_m25,lightgbm,3103,0.8315,0.9
scedc_socal_m25,lightgbm,3132,0.831,0.899
scedc_socal_m25,lightgbm,3161,0.832,0.9005
scedc_socal_m25,lightgbm,3190,0.832,0.9
scedc_socal_m25,lightgbm,3219,0.833,0.901
scedc_socal_m25,lightgbm,3248,0.8345,0.9025
scedc_socal_m25,lightgbm,3277,0.837,0.9035
scedc_socal_m25,lightgbm,3306,0.838,0.9045
scedc_socal_m25,lightgbm,3335,0.8385,0.905
scedc_socal_m25,lightgbm,3364,0.8405,0.9065
scedc_socal_m25,lightgbm,3393,0.8425,0.907
scedc_socal_m25,lightgbm,3422,0.8435,0.908
scedc_socal_m25,lightgbm,3451,0.846,0.9105
scedc_socal_m25,lightgbm,3480,0.8465,0.9105
scedc_socal_m25,lightgbm,3509,0.8475,0.9115
scedc_socal_m25,lightgbm,3538,0.8495,0.9135
scedc_socal_m25,lightgbm,3567,0.8525,0.916
scedc_socal_m25,lightgbm,3596,0.8535,0.9165
scedc_socal_m25,lightgbm,3625,0.856,0.9185
scedc_socal_m25,lightgbm,3654,0.858,0.92
scedc_socal_m25,lightgbm,3683,0.863,0.9235
scedc_socal_m25,lightgbm,3712,0.866,0.9245
scedc_socal_m25,lightgbm,3741,0.869,0.926
scedc_socal_m25,lightgbm,3770,0.8725,0.928
scedc_socal_m25,lightgbm,3799,0.875,0.9295
scedc_socal_m25,lightgbm,3828,0.878,0.932
scedc_socal_m25,lightgbm,3857,0.8795,0.9325
scedc_socal_m25,lightgbm,3886,0.882,0.935
scedc_socal_m25,lightgbm,3915,0.886,0.9355
scedc_socal_m25,lightgbm,3944,0.8865,0.936
scedc_socal_m25,lightgbm,3973,0.8905,0.938
scedc_socal_m25,lightgbm,4002,0.895,0.941
scedc_socal_m25,lightgbm,4031,0.898,0.943
scedc_socal_m25,lightgbm,4060,0.9015,0.944
scedc_socal_m25,lightgbm,4089,0.9055,0.9465
scedc_socal_m25,lightgbm,4118,0.9075,0.9475
scedc_socal_m25,lightgbm,4147,0.911,0.9485
scedc_socal_m25,lightgbm,4176,0.913,0.9495
scedc_socal_m25,lightgbm,4205,0.9165,0.9495
scedc_socal_m25,lightgbm,4234,0.9175,0.95
scedc_socal_m25,lightgbm,4263,0.9195,0.9515
scedc_socal_m25,lightgbm,4292,0.923,0.9535
scedc_socal_m25,lightgbm,4321,0.9255,0.9535
scedc_socal_m25,lightgbm,4350,0.93,0.9565
scedc_socal_m25,lightgbm,4379,0.9325,0.9565
scedc_socal_m25,lightgbm,4408,0.934,0.957
scedc_socal_m25,lightgbm,4437,0.936,0.957
scedc_socal_m25,lightgbm,4466,0.9405,0.959
scedc_socal_m25,lightgbm,4495,0.943,0.96
scedc_socal_m25,lightgbm,4524,0.9475,0.961
scedc_socal_m25,lightgbm,4553,0.9495,0.9615
scedc_socal_m25,lightgbm,4582,0.95,0.9615
scedc_socal_m25,lightgbm,4611,0.951,0.9605
scedc_socal_m25,lightgbm,4640,0.953,0.9615
scedc_socal_m25,lightgbm,4669,0.9575,0.9635
scedc_socal_m25,lightgbm,4698,0.9605,0.9645
scedc_socal_m25,lightgbm,4727,0.962,0.964
scedc_socal_m25,lightgbm,4756,0.964,0.963
scedc_socal_m25,lightgbm,4785,0.965,0.962
scedc_socal_m25,lightgbm,4814,0.968,0.961
scedc_socal_m25,lightgbm,4843,0.972,0.962
scedc_socal_m25,lightgbm,4872,0.9745,0.9625
scedc_socal_m25,lightgbm,4901,0.976,0.9625
scedc_socal_m25,lightgbm,4930,0.978,0.9605
scedc_socal_m25,lightgbm,4959,0.9795,0.9615
scedc_socal_m25,lightgbm,4988,0.9825,0.9625
scedc_socal_m25,lightgbm,5017,0.986,0.9625
scedc_socal_m25,lightgbm,5046,0.9885,0.964
scedc_socal_m25,lightgbm,5075,0.9905,0.9635
scedc_socal_m25,lightgbm,5104,0.993,0.9635
scedc_socal_m25,lightgbm,5133,0.995,0.9625
scedc_socal_m25,lightgbm,5162,0.9955,0.9605
scedc_socal_m25,lightgbm,5191,0.9975,0.9595
scedc_socal_m25,lightgbm,5220,0.9985,0.9585
scedc_socal_m25,lightgbm,5249,0.9985,0.9565
scedc_socal_m25,lightgbm,5278,0.9985,0.9545
scedc_socal_m25,lightgbm,5307,0.9985,0.9535
scedc_socal_m25,lightgbm,5336,0.998,0.9525
scedc_socal_m25,lightgbm,5365,0.9985,0.9515
scedc_socal_m25,lightgbm,5394,0.9985,0.9505
scedc_socal_m25,lightgbm,5423,0.9985,0.95
scedc_socal_m25,lightgbm,5452,0.9985,0.949
scedc_socal_m25,lightgbm,5481,0.999,0.947
scedc_socal_m25,lightgbm,5510,0.9985,0.946
scedc_socal_m25,lightgbm,5539,0.9985,0.9445
scedc_socal_m25,lightgbm,5568,0.9985,0.943
scedc_socal_m25,lightgbm,5597,0.998,0.939
scedc_socal_m25,lightgbm,5626,0.998,0.9385
scedc_socal_m25,lightgbm,5655,0.9975,0.936
scedc_socal_m25,lightgbm,5684,0.9975,0.934
scedc_socal_m25,lightgbm,5713,0.9965,0.931
scedc_socal_m25,lightgbm,5742,0.996,0.9275
scedc_socal_m25,lightgbm,5771,0.996,0.9235
scedc_socal_m25,lightgbm,5800,0.995,0.9205
scedc_socal_m25,lightgbm,5829,0.994,0.916
scedc_socal_m25,lightgbm,5858,0.9935,0.9145
scedc_socal_m25,lightgbm,5887,0.992,0.908
scedc_socal_m25,lightgbm,5916,0.992,0.902
scedc_socal_m25,lightgbm,5945,0.991,0.895
scedc_socal_m25,lightgbm,5974,0.989,0.888
scedc_socal_m25,lightgbm,6003,0.988,0.884
scedc_socal_m25,lightgbm,6032,0.986,0.8785
scedc_socal_m25,lightgbm,6061,0.984,0.874
scedc_socal_m25,lightgbm,6090,0.9815,0.8705
scedc_socal_m25,lightgbm,6119,0.9815,0.8675
scedc_socal_m25,lightgbm,6148,0.981,0.8655
scedc_socal_m25,lightgbm,6177,0.9795,0.863
scedc_socal_m25,lightgbm,6206,0.979,0.861
scedc_socal_m25,lightgbm,6235,0.9775,0.8585
scedc_socal_m25,lightgbm,6264,0.9755,0.856
scedc_socal_m25,lightgbm,6293,0.9735,0.8535
scedc_socal_m25,lightgbm,6322,0.9725,0.852
scedc_socal_m25,lightgbm,6351,0.969,0.8485
scedc_socal_m25,lightgbm,6380,0.9645,0.8445
scedc_socal_m25,lightgbm,6409,0.9635,0.845
scedc_socal_m25,lightgbm,6438,0.962,0.844
scedc_socal_m25,lightgbm,6467,0.9615,0.8445
scedc_socal_m25,lightgbm,6496,0.9585,0.8425
scedc_socal_m25,lightgbm,6525,0.9575,0.842
scedc_socal_m25,lightgbm,6554,0.957,0.8415
scedc_socal_m25,lightgbm,6583,0.9555,0.8405
scedc_socal_m25,lightgbm,6612,0.954,0.841
scedc_socal_m25,lightgbm,6641,0.954,0.842
scedc_socal_m25,lightgbm,6670,0.953,0.842
scedc_socal_m25,lightgbm,6699,0.953,0.8435
scedc_socal_m25,lightgbm,6728,0.9515,0.843
scedc_socal_m25,lightgbm,6757,0.9515,0.845
scedc_socal_m25,lightgbm,6786,0.951,0.846
scedc_socal_m25,lightgbm,6815,0.949,0.8455
scedc_socal_m25,lightgbm,6844,0.9485,0.8465
scedc_socal_m25,lightgbm,6873,0.946,0.845
scedc_socal_m25,lightgbm,6902,0.9455,0.844
scedc_socal_m25,lightgbm,6931,0.9445,0.8455
scedc_socal_m25,lightgbm,6960,0.9435,0.8445
scedc_socal_m25,lightgbm,6989,0.9425,0.8445
scedc_socal_m25,lightgbm,7018,0.941,0.8455
scedc_socal_m25,lightgbm,7047,0.94,0.845
scedc_socal_m25,lightgbm,7076,0.938,0.844
scedc_socal_m25,lightgbm,7105,0.9365,0.844
scedc_socal_m25,lightgbm,7134,0.9365,0.846
scedc_socal_m25,lightgbm,7163,0.9365,0.8485
scedc_socal_m25,lightgbm,7192,0.9365,0.8505
scedc_socal_m25,lightgbm,7221,0.9365,0.8525
scedc_socal_m25,lightgbm,7250,0.9365,0.8545
scedc_socal_m25,lightgbm,7279,0.936,0.856
scedc_socal_m25,lightgbm,7308,0.934,0.853
scedc_socal_m25,lightgbm,7337,0.934,0.852
scedc_socal_m25,lightgbm,7366,0.932,0.851
scedc_socal_m25,lightgbm,7395,0.9305,0.8495
scedc_socal_m25,lightgbm,7424,0.9285,0.8475
scedc_socal_m25,lightgbm,7453,0.9245,0.844
scedc_socal_m25,lightgbm,7482,0.923,0.845
scedc_socal_m25,lightgbm,7511,0.9225,0.845
scedc_socal_m25,lightgbm,7540,0.9205,0.8445
scedc_socal_m25,lightgbm,7569,0.9195,0.8445
scedc_socal_m25,lightgbm,7598,0.919,0.8475
scedc_socal_m25,lightgbm,7627,0.918,0.847
scedc_socal_m25,lightgbm,7656,0.915,0.846
scedc_socal_m25,lightgbm,7685,0.9115,0.846
scedc_socal_m25,lightgbm,7714,0.9095,0.8465
scedc_socal_m25,lightgbm,7743,0.9075,0.849
scedc_socal_m25,lightgbm,7772,0.9055,0.851
scedc_socal_m25,lightgbm,7801,0.904,0.8525
scedc_socal_m25,lightgbm,7830,0.9025,0.855
scedc_socal_m25,lightgbm,7859,0.902,0.8555
scedc_socal_m25,lightgbm,7888,0.9035,0.862
scedc_socal_m25,lightgbm,7917,0.9035,0.868
scedc_socal_m25,lightgbm,7946,0.9045,0.875
scedc_socal_m25,lightgbm,7975,0.9065,0.8815
scedc_socal_m25,lightgbm,8004,0.905,0.883
scedc_socal_m25,lightgbm,8033,0.906,0.8875
scedc_socal_m25,lightgbm,8062,0.907,0.8905
scedc_socal_m25,lightgbm,8091,0.9065,0.891
scedc_socal_m25,lightgbm,8120,0.9045,0.8915
scedc_socal_m25,lightgbm,8149,0.9025,0.891
scedc_socal_m25,lightgbm,8178,0.901,0.891
scedc_socal_m25,lightgbm,8207,0.901,0.8925
scedc_socal_m25,lightgbm,8236,0.9025,0.895
scedc_socal_m25,lightgbm,8265,0.9,0.8935
scedc_socal_m25,lightgbm,8294,0.9,0.8945
scedc_socal_m25,lightgbm,8323,0.899,0.895
scedc_socal_m25,lightgbm,8352,0.8995,0.896
scedc_socal_m25,lightgbm,8381,0.9025,0.8995
scedc_socal_m25,lightgbm,8410,0.901,0.8985
scedc_socal_m25,lightgbm,8439,0.899,0.899
scedc_socal_m25,lightgbm,8468,0.895,0.8975
scedc_socal_m25,lightgbm,8497,0.896,0.8995
scedc_socal_m25,lightgbm,8526,0.894,0.899
scedc_socal_m25,lightgbm,8555,0.8925,0.898
scedc_socal_m25,lightgbm,8584,0.8915,0.8975
scedc_socal_m25,lightgbm,8613,0.891,0.8975
scedc_socal_m25,lightgbm,8642,0.889,0.8965
scedc_socal_m25,lightgbm,8671,0.8865,0.8955
scedc_socal_m25,lightgbm,8700,0.882,0.8935
scedc_socal_m25,lightgbm,8729,0.8815,0.894
scedc_socal_m25,lightgbm,8758,0.879,0.8925
scedc_socal_m25,lightgbm,8787,0.879,0.8925
scedc_socal_m25,lightgbm,8816,0.879,0.8945
scedc_socal_m25,lightgbm,8845,0.877,0.8925
scedc_socal_m25,lightgbm,8874,0.8785,0.895
scedc_socal_m25,lightgbm,8903,0.878,0.8955
scedc_socal_m25,lightgbm,8932,0.876,0.894
scedc_socal_m25,lightgbm,8961,0.8745,0.893
scedc_socal_m25,lightgbm,8990,0.8735,0.8935
scedc_socal_m25,lightgbm,9019,0.8735,0.8945
scedc_socal_m25,lightgbm,9048,0.871,0.893
scedc_socal_m25,lightgbm,9077,0.872,0.895
scedc_socal_m25,lightgbm,9106,0.8705,0.895
scedc_socal_m25,lightgbm,9135,0.869,0.8935
scedc_socal_m25,lightgbm,9164,0.8625,0.889
scedc_socal_m25,lightgbm,9193,0.8605,0.888
scedc_socal_m25,lightgbm,9222,0.857,0.8855
scedc_socal_m25,lightgbm,9251,0.856,0.8855
scedc_socal_m25,lightgbm,9280,0.855,0.885
scedc_socal_m25,lightgbm,9309,0.856,0.8885
scedc_socal_m25,lightgbm,9338,0.855,0.89
scedc_socal_m25,lightgbm,9367,0.8545,0.8905
scedc_socal_m25,lightgbm,9396,0.8505,0.89
scedc_socal_m25,lightgbm,9425,0.852,0.892
scedc_socal_m25,lightgbm,9454,0.8545,0.8955
scedc_socal_m25,lightgbm,9483,0.854,0.895
scedc_socal_m25,lightgbm,9512,0.854,0.896
scedc_socal_m25,lightgbm,9541,0.854,0.897
scedc_socal_m25,lightgbm,9570,0.853,0.8965
scedc_socal_m25,lightgbm,9599,0.851,0.8955
scedc_socal_m25,lightgbm,9628,0.8475,0.894
scedc_socal_m25,lightgbm,9657,0.8495,0.8965
scedc_socal_m25,lightgbm,9686,0.8515,0.8975
scedc_socal_m25,lightgbm,9715,0.8525,0.899
scedc_socal_m25,lightgbm,9744,0.8515,0.897
scedc_socal_m25,lightgbm,9773,0.85,0.8975
scedc_socal_m25,lightgbm,9802,0.8505,0.8985
scedc_socal_m25,lightgbm,9831,0.852,0.8995
scedc_socal_m25,lightgbm,9860,0.851,0.8995
scedc_socal_m25,lightgbm,9889,0.8485,0.898
scedc_socal_m25,lightgbm,9918,0.8455,0.8965
scedc_socal_m25,lightgbm,9947,0.841,0.8935
scedc_socal_m25,lightgbm,9976,0.8395,0.893
scedc_socal_m25,lightgbm,10005,0.842,0.896
scedc_socal_m25,lightgbm,10034,0.8405,0.895
scedc_socal_m25,lightgbm,10063,0.8395,0.894
scedc_socal_m25,lightgbm,10092,0.842,0.8975
scedc_socal_m25,lightgbm,10121,0.8435,0.899
scedc_socal_m25,lightgbm,10150,0.843,0.9005
scedc_socal_m25,lightgbm,10179,0.8445,0.9015
scedc_socal_m25,lightgbm,10208,0.843,0.9
scedc_socal_m25,lightgbm,10237,0.842,0.8995
scedc_socal_m25,lightgbm,10266,0.8455,0.9025
scedc_socal_m25,lightgbm,10295,0.848,0.9045
scedc_socal_m25,lightgbm,10324,0.849,0.9055
scedc_socal_m25,lightgbm,10353,0.8515,0.9075
scedc_socal_m25,lightgbm,10382,0.852,0.9075
scedc_socal_m25,lightgbm,10411,0.8515,0.9055
scedc_socal_m25,lightgbm,10440,0.8545,0.906
scedc_socal_m25,lightgbm,10469,0.8565,0.9055
scedc_socal_m25,lightgbm,10498,0.8555,0.903
scedc_socal_m25,lightgbm,10527,0.8555,0.902
scedc_socal_m25,lightgbm,10556,0.855,0.902
scedc_socal_m25,lightgbm,10585,0.8555,0.903
scedc_socal_m25,lightgbm,10614,0.8565,0.903
scedc_socal_m25,lightgbm,10643,0.8565,0.902
scedc_socal_m25,lightgbm,10672,0.856,0.9015
scedc_socal_m25,lightgbm,10701,0.856,0.901
scedc_socal_m25,lightgbm,10730,0.8555,0.9005
scedc_socal_m25,lightgbm,10759,0.855,0.9005
scedc_socal_m25,lightgbm,10788,0.8525,0.8985
scedc_socal_m25,lightgbm,10817,0.8525,0.899
scedc_socal_m25,lightgbm,10846,0.852,0.8995
scedc_socal_m25,lightgbm,10875,0.8515,0.8995
scedc_socal_m25,lightgbm,10904,0.85,0.898
scedc_socal_m25,lightgbm,10933,0.849,0.899
scedc_socal_m25,lightgbm,10962,0.8475,0.8985
scedc_socal_m25,lightgbm,10991,0.847,0.898
scedc_socal_m25,lightgbm,11020,0.8455,0.8975
scedc_socal_m25,lightgbm,11049,0.8445,0.8965
scedc_socal_m25,lightgbm,11078,0.843,0.895
scedc_socal_m25,lightgbm,11107,0.8455,0.8965
scedc_socal_m25,lightgbm,11136,0.8455,0.8975
scedc_socal_m25,lightgbm,11165,0.85,0.902
scedc_socal_m25,lightgbm,11194,0.8485,0.9015
scedc_socal_m25,lightgbm,11223,0.849,0.9025
scedc_socal_m25,lightgbm,11252,0.8465,0.901
scedc_socal_m25,lightgbm,11281,0.846,0.9005
scedc_socal_m25,lightgbm,11310,0.8435,0.899
scedc_socal_m25,lightgbm,11339,0.8435,0.8995
scedc_socal_m25,lightgbm,11368,0.842,0.8985
scedc_socal_m25,lightgbm,11397,0.8455,0.901
scedc_socal_m25,lightgbm,11426,0.8435,0.9
scedc_socal_m25,lightgbm,11455,0.844,0.9005
scedc_socal_m25,lightgbm,11484,0.8455,0.902
scedc_socal_m25,lightgbm,11513,0.845,0.9015
scedc_socal_m25,lightgbm,11542,0.8435,0.9005
scedc_socal_m25,lightgbm,11571,0.842,0.8995
scedc_socal_m25,lightgbm,11600,0.844,0.901
scedc_socal_m25,lightgbm,11629,0.846,0.902
scedc_socal_m25,lightgbm,11658,0.8445,0.9005
scedc_socal_m25,lightgbm,11687,0.845,0.9005
scedc_socal_m25,lightgbm,11716,0.8445,0.9005
scedc_socal_m25,lightgbm,11745,0.847,0.9035
scedc_socal_m25,lightgbm,11774,0.8485,0.9025
scedc_socal_m25,lightgbm,11803,0.847,0.9015
scedc_socal_m25,lightgbm,11832,0.8445,0.899
scedc_socal_m25,lightgbm,11861,0.844,0.8985
comcat_himalaya_m4,catboost,0,,
comcat_himalaya_m4,catboost,1,,
comcat_himalaya_m4,catboost,2,,
comcat_himalaya_m4,catboost,3,,
comcat_himalaya_m4,catboost,4,,
comcat_himalaya_m4,catboost,5,,
comcat_himalaya_m4,catboost,6,,
comcat_himalaya_m4,catboost,7,,
comcat_himalaya_m4,catboost,8,,
comcat_himalaya_m4,catboost,9,,
comcat_himalaya_m4,catboost,10,,
comcat_himalaya_m4,catboost,11,,
comcat_himalaya_m4,catboost,12,,
comcat_himalaya_m4,catboost,13,,
comcat_himalaya_m4,catboost,14,,
comcat_himalaya_m4,catboost,15,,
comcat_himalaya_m4,catboost,16,,
comcat_himalaya_m4,catboost,17,,
comcat_himalaya_m4,catboost,18,,
comcat_himalaya_m4,catboost,19,,
comcat_himalaya_m4,catboost,20,,
comcat_himalaya_m4,catboost,21,,
comcat_himalaya_m4,catboost,22,,
comcat_himalaya_m4,catboost,23,,
comcat_himalaya_m4,catboost,24,,
comcat_himalaya_m4,catboost,25,,
comcat_himalaya_m4,catboost,26,,
comcat_himalaya_m4,catboost,27,,
comcat_himalaya_m4,catboost,28,,
comcat_himalaya_m4,catboost,29,,
comcat_himalaya_m4,catboost,30,,
comcat_himalaya_m4,catboost,31,,
comcat_himalaya_m4,catboost,32,,
comcat_himalaya_m4,catboost,33,,
comcat_himalaya_m4,catboost,34,,
comcat_himalaya_m4,catboost,35,,
comcat_himalaya_m4,catboost,36,,
comcat_himalaya_m4,catboost,37,,
comcat_himalaya_m4,catboost,38,,
comcat_himalaya_m4,catboost,39,,
comcat_himalaya_m4,catboost,40,,
comcat_himalaya_m4,catboost,41,,
comcat_himalaya_m4,catboost,42,,
comcat_himalaya_m4,catboost,43,,
comcat_himalaya_m4,catboost,44,,
comcat_himalaya_m4,catboost,45,,
comcat_himalaya_m4,catboost,46,,
comcat_himalaya_m4,catboost,47,,
comcat_himalaya_m4,catboost,48,,
comcat_himalaya_m4,catboost,49,,
comcat_himalaya_m4,catboost,50,,
comcat_himalaya_m4,catboost,51,,
comcat_himalaya_m4,catboost,52,,
comcat_himalaya_m4,catboost,53,,
comcat_himalaya_m4,catboost,54,,
comcat_himalaya_m4,catboost,55,,
comcat_himalaya_m4,catboost,56,,
comcat_himalaya_m4,catboost,57,,
comcat_himalaya_m4,catboost,58,,
comcat_himalaya_m4,catboost,59,,
comcat_himalaya_m4,catboost,60,,
comcat_himalaya_m4,catboost,61,,
comcat_himalaya_m4,catboost,62,,
comcat_himalaya_m4,catboost,63,,
comcat_himalaya_m4,catboost,64,,
comcat_himalaya_m4,catboost,65,,
comcat_himalaya_m4,catboost,66,,
comcat_himalaya_m4,catboost,67,,
comcat_himalaya_m4,catboost,68,,
comcat_himalaya_m4,catboost,69,,
comcat_himalaya_m4,catboost,70,,
comcat_himalaya_m4,catboost,71,,
comcat_himalaya_m4,catboost,72,,
comcat_himalaya_m4,catboost,73,,
comcat_himalaya_m4,catboost,74,,
comcat_himalaya_m4,catboost,75,,
comcat_himalaya_m4,catboost,76,,
comcat_himalaya_m4,catboost,77,,
comcat_himalaya_m4,catboost,78,,
comcat_himalaya_m4,catboost,79,,
comcat_himalaya_m4,catboost,80,,
comcat_himalaya_m4,catboost,81,,
comcat_himalaya_m4,catboost,82,,
comcat_himalaya_m4,catboost,83,,
comcat_himalaya_m4,catboost,84,,
comcat_himalaya_m4,catboost,85,,
comcat_himalaya_m4,catboost,86,,
comcat_himalaya_m4,catboost,87,,
comcat_himalaya_m4,catboost,88,,
comcat_himalaya_m4,catboost,89,,
comcat_himalaya_m4,catboost,90,,
comcat_himalaya_m4,catboost,91,,
comcat_himalaya_m4,catboost,92,,
comcat_himalaya_m4,catboost,93,,
comcat_himalaya_m4,catboost,94,,
comcat_himalaya_m4,catboost,95,,
comcat_himalaya_m4,catboost,96,,
comcat_himalaya_m4,catboost,97,,
comcat_himalaya_m4,catboost,98,,
comcat_himalaya_m4,catboost,99,,
comcat_himalaya_m4,catboost,100,,
comcat_himalaya_m4,catboost,101,,
comcat_himalaya_m4,catboost,102,,
comcat_himalaya_m4,catboost,103,,
comcat_himalaya_m4,catboost,104,,
comcat_himalaya_m4,catboost,105,,
comcat_himalaya_m4,catboost,106,,
comcat_himalaya_m4,catboost,107,,
comcat_himalaya_m4,catboost,108,,
comcat_himalaya_m4,catboost,109,,
comcat_himalaya_m4,catboost,110,,
comcat_himalaya_m4,catboost,111,,
comcat_himalaya_m4,catboost,112,,
comcat_himalaya_m4,catboost,113,,
comcat_himalaya_m4,catboost,114,,
comcat_himalaya_m4,catboost,115,,
comcat_himalaya_m4,catboost,116,,
comcat_himalaya_m4,catboost,117,,
comcat_himalaya_m4,catboost,118,,
comcat_himalaya_m4,catboost,119,,
comcat_himalaya_m4,catboost,120,,
comcat_himalaya_m4,catboost,121,,
comcat_himalaya_m4,catboost,122,,
comcat_himalaya_m4,catboost,123,,
comcat_himalaya_m4,catboost,124,,
comcat_himalaya_m4,catboost,125,,
comcat_himalaya_m4,catboost,126,,
comcat_himalaya_m4,catboost,127,,
comcat_himalaya_m4,catboost,128,,
comcat_himalaya_m4,catboost,129,,
comcat_himalaya_m4,catboost,130,,
comcat_himalaya_m4,catboost,131,,
comcat_himalaya_m4,catboost,132,,
comcat_himalaya_m4,catboost,133,,
comcat_himalaya_m4,catboost,134,,
comcat_himalaya_m4,catboost,135,,
comcat_himalaya_m4,catboost,136,,
comcat_himalaya_m4,catboost,137,,
comcat_himalaya_m4,catboost,138,,
comcat_himalaya_m4,catboost,139,,
comcat_himalaya_m4,catboost,140,,
comcat_himalaya_m4,catboost,141,,
comcat_himalaya_m4,catboost,142,,
comcat_himalaya_m4,catboost,143,,
comcat_himalaya_m4,catboost,144,,
comcat_himalaya_m4,catboost,145,,
comcat_himalaya_m4,catboost,146,,
comcat_himalaya_m4,catboost,147,,
comcat_himalaya_m4,catboost,148,,
comcat_himalaya_m4,catboost,149,,
comcat_himalaya_m4,catboost,150,,
comcat_himalaya_m4,catboost,151,,
comcat_himalaya_m4,catboost,152,,
comcat_himalaya_m4,catboost,153,,
comcat_himalaya_m4,catboost,154,,
comcat_himalaya_m4,catboost,155,,
comcat_himalaya_m4,catboost,156,,
comcat_himalaya_m4,catboost,157,,
comcat_himalaya_m4,catboost,158,,
comcat_himalaya_m4,catboost,159,,
comcat_himalaya_m4,catboost,160,,
comcat_himalaya_m4,catboost,161,,
comcat_himalaya_m4,catboost,162,,
comcat_himalaya_m4,catboost,163,,
comcat_himalaya_m4,catboost,164,,
comcat_himalaya_m4,catboost,165,,
comcat_himalaya_m4,catboost,166,,
comcat_himalaya_m4,catboost,167,,
comcat_himalaya_m4,catboost,168,,
comcat_himalaya_m4,catboost,169,,
comcat_himalaya_m4,catboost,170,,
comcat_himalaya_m4,catboost,171,,
comcat_himalaya_m4,catboost,172,,
comcat_himalaya_m4,catboost,173,,
comcat_himalaya_m4,catboost,174,,
comcat_himalaya_m4,catboost,175,,
comcat_himalaya_m4,catboost,176,,
comcat_himalaya_m4,catboost,177,,
comcat_himalaya_m4,catboost,178,,
comcat_himalaya_m4,catboost,179,,
comcat_himalaya_m4,catboost,180,,
comcat_himalaya_m4,catboost,181,,
comcat_himalaya_m4,catboost,182,,
comcat_himalaya_m4,catboost,183,,
comcat_himalaya_m4,catboost,184,,
comcat_himalaya_m4,catboost,185,,
comcat_himalaya_m4,catboost,186,,
comcat_himalaya_m4,catboost,187,,
comcat_himalaya_m4,catboost,188,,
comcat_himalaya_m4,catboost,189,,
comcat_himalaya_m4,catboost,190,,
comcat_himalaya_m4,catboost,191,,
comcat_himalaya_m4,catboost,192,,
comcat_himalaya_m4,catboost,193,,
comcat_himalaya_m4,catboost,194,,
comcat_himalaya_m4,catboost,195,,
comcat_himalaya_m4,catboost,196,,
comcat_himalaya_m4,catboost,197,,
comcat_himalaya_m4,catboost,198,,
comcat_himalaya_m4,catboost,199,0.845,0.89
comcat_himalaya_m4,catboost,200,0.8458,0.8905
comcat_himalaya_m4,catboost,201,0.8465,0.8911
comcat_himalaya_m4,catboost,202,0.8473,0.8916
comcat_himalaya_m4,catboost,203,0.848,0.8922
comcat_himalaya_m4,catboost,204,0.8488,0.8927
comcat_himalaya_m4,catboost,205,0.8495,0.8932
comcat_himalaya_m4,catboost,206,0.8502,0.8937
comcat_himalaya_m4,catboost,207,0.851,0.8942
comcat_himalaya_m4,catboost,208,0.8517,0.8947
comcat_himalaya_m4,catboost,209,0.8524,0.8952
comcat_himalaya_m4,catboost,210,0.8531,0.8957
comcat_himalaya_m4,catboost,211,0.8538,0.8962
comcat_himalaya_m4,catboost,212,0.8545,0.8967
comcat_himalaya_m4,catboost,213,0.8551,0.8972
comcat_himalaya_m4,catboost,214,0.8558,0.8977
comcat_himalaya_m4,catboost,215,0.8565,0.8981
comcat_himalaya_m4,catboost,216,0.8571,0.8986
comcat_himalaya_m4,catboost,217,0.8578,0.8991
comcat_himalaya_m4,catboost,218,0.8584,0.8995
comcat_himalaya_m4,catboost,219,0.8591,0.9
comcat_himalaya_m4,catboost,220,0.8552,0.8959
comcat_himalaya_m4,catboost,221,0.8559,0.8964
comcat_himalaya_m4,catboost,222,0.8565,0.8969
comcat_himalaya_m4,catboost,223,0.8571,0.8973
comcat_himalaya_m4,catboost,224,0.8578,0.8978
comcat_himalaya_m4,catboost,225,0.8584,0.8982
comcat_himalaya_m4,catboost,226,0.859,0.8987
comcat_himalaya_m4,catboost,227,0.8596,0.8991
comcat_himalaya_m4,catboost,228,0.8603,0.8996
comcat_himalaya_m4,catboost,229,0.8609,0.9
comcat_himalaya_m4,catboost,230,0.8615,0.9004
comcat_himalaya_m4,catboost,231,0.8621,0.9009
comcat_himalaya_m4,catboost,232,0.8627,0.9013
comcat_himalaya_m4,catboost,233,0.8632,0.9017
comcat_himalaya_m4,catboost,234,0.8638,0.9021
comcat_himalaya_m4,catboost,235,0.8602,0.8983
comcat_himalaya_m4,catboost,236,0.8565,0.8945
comcat_himalaya_m4,catboost,237,0.8571,0.895
comcat_himalaya_m4,catboost,238,0.8536,0.8912
comcat_himalaya_m4,catboost,239,0.8542,0.8917
comcat_himalaya_m4,catboost,240,0.8548,0.8921
comcat_himalaya_m4,catboost,241,0.8554,0.8926
comcat_himalaya_m4,catboost,242,0.856,0.893
comcat_himalaya_m4,catboost,243,0.8566,0.8934
comcat_himalaya_m4,catboost,244,0.8571,0.8939
comcat_himalaya_m4,catboost,245,0.8577,0.8943
comcat_himalaya_m4,catboost,246,0.8583,0.8947
comcat_himalaya_m4,catboost,247,0.8589,0.8952
comcat_himalaya_m4,catboost,248,0.8554,0.8916
comcat_himalaya_m4,catboost,249,0.856,0.892
comcat_himalaya_m4,catboost,250,0.8566,0.8924
comcat_himalaya_m4,catboost,251,0.8532,0.8889
comcat_himalaya_m4,catboost,252,0.8538,0.8893
comcat_himalaya_m4,catboost,253,0.8543,0.8898
comcat_himalaya_m4,catboost,254,0.851,0.8863
comcat_himalaya_m4,catboost,255,0.8516,0.8867
comcat_himalaya_m4,catboost,256,0.8521,0.8872
comcat_himalaya_m4,catboost,257,0.8527,0.8876
comcat_himalaya_m4,catboost,258,0.8533,0.888
comcat_himalaya_m4,catboost,259,0.8538,0.8885
comcat_himalaya_m4,catboost,260,0.8544,0.8889
comcat_himalaya_m4,catboost,261,0.855,0.8893
comcat_himalaya_m4,catboost,262,0.8555,0.8897
comcat_himalaya_m4,catboost,263,0.8523,0.8864
comcat_himalaya_m4,catboost,264,0.8491,0.883
comcat_himalaya_m4,catboost,265,0.8496,0.8835
comcat_himalaya_m4,catboost,266,0.8502,0.8839
comcat_himalaya_m4,catboost,267,0.8507,0.8843
comcat_himalaya_m4,catboost,268,0.8513,0.8848
comcat_himalaya_m4,catboost,269,0.8519,0.8852
comcat_himalaya_m4,catboost,270,0.8524,0.8856
comcat_himalaya_m4,catboost,271,0.8529,0.886
comcat_himalaya_m4,catboost,272,0.8535,0.8864
comcat_himalaya_m4,catboost,273,0.854,0.8869
comcat_himalaya_m4,catboost,274,0.8545,0.8873
comcat_himalaya_m4,catboost,275,0.8514,0.8841
comcat_himalaya_m4,catboost,276,0.852,0.8845
comcat_himalaya_m4,catboost,277,0.8525,0.8849
comcat_himalaya_m4,catboost,278,0.853,0.8853
comcat_himalaya_m4,catboost,279,0.8536,0.8857
comcat_himalaya_m4,catboost,280,0.8541,0.8861
comcat_himalaya_m4,catboost,281,0.8546,0.8865
comcat_himalaya_m4,catboost,282,0.8551,0.8869
comcat_himalaya_m4,catboost,283,0.8556,0.8873
comcat_himalaya_m4,catboost,284,0.8561,0.8877
comcat_himalaya_m4,catboost,285,0.8566,0.8881
comcat_himalaya_m4,catboost,286,0.8571,0.8885
comcat_himalaya_m4,catboost,287,0.8576,0.8889
comcat_himalaya_m4,catboost,288,0.8581,0.8893
comcat_himalaya_m4,catboost,289,0.8552,0.8862
comcat_himalaya_m4,catboost,290,0.8557,0.8866
comcat_himalaya_m4,catboost,291,0.8562,0.887
comcat_himalaya_m4,catboost,292,0.8532,0.8874
comcat_himalaya_m4,catboost,293,0.8537,0.8878
comcat_himalaya_m4,catboost,294,0.8542,0.8881
comcat_himalaya_m4,catboost,295,0.8547,0.8885
comcat_himalaya_m4,catboost,296,0.8552,0.8889
comcat_himalaya_m4,catboost,297,0.8557,0.8893
comcat_himalaya_m4,catboost,298,0.8562,0.8896
comcat_himalaya_m4,catboost,299,0.8567,0.89
comcat_himalaya_m4,catboost,300,0.8571,0.8904
comcat_himalaya_m4,catboost,301,0.8576,0.8907
comcat_himalaya_m4,catboost,302,0.8548,0.8878
comcat_himalaya_m4,catboost,303,0.852,0.8882
comcat_himalaya_m4,catboost,304,0.8525,0.8885
comcat_himalaya_m4,catboost,305,0.8529,0.8889
comcat_himalaya_m4,catboost,306,0.8534,0.8893
comcat_himalaya_m4,catboost,307,0.8539,0.8896
comcat_himalaya_m4,catboost,308,0.8544,0.89
comcat_himalaya_m4,catboost,309,0.8516,0.8903
comcat_himalaya_m4,catboost,310,0.8521,0.8907
comcat_himalaya_m4,catboost,311,0.8526,0.891
comcat_himalaya_m4,catboost,312,0.853,0.8914
comcat_himalaya_m4,catboost,313,0.8535,0.8917
comcat_himalaya_m4,catboost,314,0.854,0.8921
comcat_himalaya_m4,catboost,315,0.8513,0.8892
comcat_himalaya_m4,catboost,316,0.8517,0.8896
comcat_himalaya_m4,catboost,317,0.8522,0.8899
comcat_himalaya_m4,catboost,318,0.8495,0.8871
comcat_himalaya_m4,catboost,319,0.8469,0.8844
comcat_himalaya_m4,catboost,320,0.8442,0.8816
comcat_himalaya_m4,catboost,321,0.8447,0.882
comcat_himalaya_m4,catboost,322,0.8421,0.8824
comcat_himalaya_m4,catboost,323,0.8395,0.8827
comcat_himalaya_m4,catboost,324,0.8369,0.8831
comcat_himalaya_m4,catboost,325,0.8374,0.8834
comcat_himalaya_m4,catboost,326,0.8379,0.8838
comcat_himalaya_m4,catboost,327,0.8384,0.8841
comcat_himalaya_m4,catboost,328,0.8389,0.8845
comcat_himalaya_m4,catboost,329,0.8394,0.8848
comcat_himalaya_m4,catboost,330,0.8399,0.8852
comcat_himalaya_m4,catboost,331,0.8404,0.8855
comcat_himalaya_m4,catboost,332,0.8408,0.8859
comcat_himalaya_m4,catboost,333,0.8413,0.8862
comcat_himalaya_m4,catboost,334,0.8418,0.8866
comcat_himalaya_m4,catboost,335,0.8423,0.8869
comcat_himalaya_m4,catboost,336,0.8427,0.8872
comcat_himalaya_m4,catboost,337,0.8432,0.8876
comcat_himalaya_m4,catboost,338,0.8437,0.8879
comcat_himalaya_m4,catboost,339,0.8441,0.8882
comcat_himalaya_m4,catboost,340,0.8446,0.8886
comcat_himalaya_m4,catboost,341,0.845,0.8889
comcat_himalaya_m4,catboost,342,0.8455,0.8892
comcat_himalaya_m4,catboost,343,0.8459,0.8895
comcat_himalaya_m4,catboost,344,0.8464,0.8899
comcat_himalaya_m4,catboost,345,0.8468,0.8902
comcat_himalaya_m4,catboost,346,0.8473,0.8905
comcat_himalaya_m4,catboost,347,0.8448,0.8879
comcat_himalaya_m4,catboost,348,0.8453,0.8883
comcat_himalaya_m4,catboost,349,0.8457,0.8886
comcat_himalaya_m4,catboost,350,0.8462,0.8889
comcat_himalaya_m4,catboost,351,0.8438,0.8864
comcat_himalaya_m4,catboost,352,0.8442,0.8867
comcat_himalaya_m4,catboost,353,0.8446,0.887
comcat_himalaya_m4,catboost,354,0.8451,0.8873
comcat_himalaya_m4,catboost,355,0.8455,0.8876
comcat_himalaya_m4,catboost,356,0.8459,0.888
comcat_himalaya_m4,catboost,357,0.8464,0.8883
comcat_himalaya_m4,catboost,358,0.8468,0.8886
comcat_himalaya_m4,catboost,359,0.8472,0.8889
comcat_himalaya_m4,catboost,360,0.8476,0.8892
comcat_himalaya_m4,catboost,361,0.8481,0.8895
comcat_himalaya_m4,catboost,362,0.8485,0.8898
comcat_himalaya_m4,catboost,363,0.8489,0.8901
comcat_himalaya_m4,catboost,364,0.8493,0.8904
comcat_himalaya_m4,catboost,365,0.8497,0.8907
comcat_himalaya_m4,catboost,366,0.8501,0.891
comcat_himalaya_m4,catboost,367,0.8505,0.8913
comcat_himalaya_m4,catboost,368,0.8509,0.8916
comcat_himalaya_m4,catboost,369,0.8514,0.8919
comcat_himalaya_m4,catboost,370,0.8518,0.8922
comcat_himalaya_m4,catboost,371,0.8522,0.8925
comcat_himalaya_m4,catboost,372,0.8525,0.8928
comcat_himalaya_m4,catboost,373,0.8529,0.893
comcat_himalaya_m4,catboost,374,0.8533,0.8933
comcat_himalaya_m4,catboost,375,0.8537,0.8936
comcat_himalaya_m4,catboost,376,0.8541,0.8939
comcat_himalaya_m4,catboost,377,0.8545,0.8942
comcat_himalaya_m4,catboost,378,0.8549,0.8945
comcat_himalaya_m4,catboost,379,0.8553,0.8947
comcat_himalaya_m4,catboost,380,0.8556,0.895
comcat_himalaya_m4,catboost,381,0.856,0.8953
comcat_himalaya_m4,catboost,382,0.8564,0.8956
comcat_himalaya_m4,catboost,383,0.8568,0.8958
comcat_himalaya_m4,catboost,384,0.8571,0.8961
comcat_himalaya_m4,catboost,385,0.8575,0.8964
comcat_himalaya_m4,catboost,386,0.8579,0.8966
comcat_himalaya_m4,catboost,387,0.8582,0.8969
comcat_himalaya_m4,catboost,388,0.8586,0.8972
comcat_himalaya_m4,catboost,389,0.859,0.8974
comcat_himalaya_m4,catboost,390,0.8593,0.8977
comcat_himalaya_m4,catboost,391,0.8597,0.898
comcat_himalaya_m4,catboost,392,0.8601,0.8982
comcat_himalaya_m4,catboost,393,0.8604,0.8985
comcat_himalaya_m4,catboost,394,0.8608,0.8987
comcat_himalaya_m4,catboost,395,0.8611,0.899
comcat_himalaya_m4,catboost,396,0.8615,0.8992
comcat_himalaya_m4,catboost,397,0.8618,0.8995
comcat_himalaya_m4,catboost,398,0.8622,0.8997
comcat_himalaya_m4,catboost,399,0.8625,0.9
comcat_himalaya_m4,catboost,400,0.8628,0.9002
comcat_himalaya_m4,catboost,401,0.8632,0.9005
comcat_himalaya_m4,catboost,402,0.8635,0.9007
comcat_himalaya_m4,catboost,403,0.8639,0.901
comcat_himalaya_m4,catboost,404,0.8642,0.9012
comcat_himalaya_m4,catboost,405,0.8645,0.9015
comcat_himalaya_m4,catboost,406,0.8649,0.9017
comcat_himalaya_m4,catboost,407,0.8652,0.902
comcat_himalaya_m4,catboost,408,0.8655,0.9022
comcat_himalaya_m4,catboost,409,0.8659,0.9024
comcat_himalaya_m4,catboost,410,0.8662,0.9027
comcat_himalaya_m4,catboost,411,0.8665,0.9029
comcat_himalaya_m4,catboost,412,0.8668,0.9031
comcat_himalaya_m4,catboost,413,0.8671,0.9034
comcat_himalaya_m4,catboost,414,0.8675,0.9036
comcat_himalaya_m4,catboost,415,0.8678,0.9038
comcat_himalaya_m4,catboost,416,0.8681,0.9041
comcat_himalaya_m4,catboost,417,0.8684,0.9043
comcat_himalaya_m4,catboost,418,0.8687,0.9045
comcat_himalaya_m4,catboost,419,0.869,0.9048
comcat_himalaya_m4,catboost,420,0.8694,0.905
comcat_himalaya_m4,catboost,421,0.8697,0.9052
comcat_himalaya_m4,catboost,422,0.87,0.9054
comcat_himalaya_m4,catboost,423,0.8703,0.9057
comcat_himalaya_m4,catboost,424,0.8706,0.9059
comcat_himalaya_m4,catboost,425,0.8685,0.9038
comcat_himalaya_m4,catboost,426,0.8689,0.904
comcat_himalaya_m4,catboost,427,0.8692,0.9042
comcat_himalaya_m4,catboost,428,0.8695,0.9044
comcat_himalaya_m4,catboost,429,0.8698,0.9047
comcat_himalaya_m4,catboost,430,0.8677,0.9026
comcat_himalaya_m4,catboost,431,0.8681,0.9028
comcat_himalaya_m4,catboost,432,0.8684,0.903
comcat_himalaya_m4,catboost,433,0.8687,0.9032
comcat_himalaya_m4,catboost,434,0.869,0.9034
comcat_himalaya_m4,catboost,435,0.8693,0.9037
comcat_himalaya_m4,catboost,436,0.8696,0.9039
comcat_himalaya_m4,catboost,437,0.8699,0.9041
comcat_himalaya_m4,catboost,438,0.8702,0.9043
comcat_himalaya_m4,catboost,439,0.8705,0.9045
comcat_himalaya_m4,catboost,440,0.8707,0.9048
comcat_himalaya_m4,catboost,441,0.871,0.905
comcat_himalaya_m4,catboost,442,0.8713,0.9052
comcat_himalaya_m4,catboost,443,0.8716,0.9054
comcat_himalaya_m4,catboost,444,0.8697,0.9034
comcat_himalaya_m4,catboost,445,0.8677,0.9013
comcat_himalaya_m4,catboost,446,0.8658,0.8993
comcat_himalaya_m4,catboost,447,0.8661,0.8996
comcat_himalaya_m4,catboost,448,0.8664,0.8998
comcat_himalaya_m4,catboost,449,0.8667,0.9
comcat_himalaya_m4,catboost,450,0.867,0.9002
comcat_himalaya_m4,catboost,451,0.8673,0.9004
comcat_himalaya_m4,catboost,452,0.8675,0.9007
comcat_himalaya_m4,catboost,453,0.8656,0.8987
comcat_himalaya_m4,catboost,454,0.8659,0.8989
comcat_himalaya_m4,catboost,455,0.8662,0.8991
comcat_himalaya_m4,catboost,456,0.8665,0.8993
comcat_himalaya_m4,catboost,457,0.8668,0.8996
comcat_himalaya_m4,catboost,458,0.8671,0.8998
comcat_himalaya_m4,catboost,459,0.8674,0.9
comcat_himalaya_m4,catboost,460,0.8655,0.898
comcat_himalaya_m4,catboost,461,0.8658,0.8983
comcat_himalaya_m4,catboost,462,0.8661,0.8985
comcat_himalaya_m4,catboost,463,0.8664,0.8987
comcat_himalaya_m4,catboost,464,0.8667,0.8989
comcat_himalaya_m4,catboost,465,0.867,0.8991
comcat_himalaya_m4,catboost,466,0.8672,0.8994
comcat_himalaya_m4,catboost,467,0.8675,0.8996
comcat_himalaya_m4,catboost,468,0.8678,0.8998
comcat_himalaya_m4,catboost,469,0.8681,0.9
comcat_himalaya_m4,catboost,470,0.8684,0.9002
comcat_himalaya_m4,catboost,471,0.8686,0.9004
comcat_himalaya_m4,catboost,472,0.8689,0.9006
comcat_himalaya_m4,catboost,473,0.8692,0.9008
comcat_himalaya_m4,catboost,474,0.8695,0.9011
comcat_himalaya_m4,catboost,475,0.8697,0.9013
comcat_himalaya_m4,catboost,476,0.87,0.9015
comcat_himalaya_m4,catboost,477,0.8682,0.8996
comcat_himalaya_m4,catboost,478,0.8685,0.8998
comcat_himalaya_m4,catboost,479,0.8688,0.9
comcat_himalaya_m4,catboost,480,0.869,0.9002
comcat_himalaya_m4,catboost,481,0.8672,0.8983
comcat_himalaya_m4,catboost,482,0.8675,0.8986
comcat_himalaya_m4,catboost,483,0.8678,0.8988
comcat_himalaya_m4,catboost,484,0.868,0.899
comcat_himalaya_m4,catboost,485,0.8663,0.8971
comcat_himalaya_m4,catboost,486,0.8665,0.8973
comcat_himalaya_m4,catboost,487,0.8668,0.8975
comcat_himalaya_m4,catboost,488,0.8671,0.8978
comcat_himalaya_m4,catboost,489,0.8673,0.898
comcat_himalaya_m4,catboost,490,0.8656,0.8961
comcat_himalaya_m4,catboost,491,0.8638,0.8943
comcat_himalaya_m4,catboost,492,0.8641,0.8945
comcat_himalaya_m4,catboost,493,0.8644,0.8947
comcat_himalaya_m4,catboost,494,0.8646,0.8949
comcat_himalaya_m4,catboost,495,0.8649,0.8952
comcat_himalaya_m4,catboost,496,0.8652,0.8954
comcat_himalaya_m4,catboost,497,0.8655,0.8956
comcat_himalaya_m4,catboost,498,0.8657,0.8958
comcat_himalaya_m4,catboost,499,0.866,0.896
comcat_himalaya_m4,catboost,500,0.8663,0.8962
comcat_himalaya_m4,catboost,501,0.8665,0.8964
comcat_himalaya_m4,catboost,502,0.8668,0.8966
comcat_himalaya_m4,catboost,503,0.8671,0.8968
comcat_himalaya_m4,catboost,504,0.8673,0.897
comcat_himalaya_m4,catboost,505,0.8676,0.8972
comcat_himalaya_m4,catboost,506,0.8659,0.8955
comcat_himalaya_m4,catboost,507,0.8661,0.8957
comcat_himalaya_m4,catboost,508,0.8664,0.8959
comcat_himalaya_m4,catboost,509,0.8667,0.8961
comcat_himalaya_m4,catboost,510,0.8669,0.8963
comcat_himalaya_m4,catboost,511,0.8652,0.8945
comcat_himalaya_m4,catboost,512,0.8655,0.8947
comcat_himalaya_m4,catboost,513,0.8638,0.893
comcat_himalaya_m4,catboost,514,0.8641,0.8932
comcat_himalaya_m4,catboost,515,0.8643,0.8934
comcat_himalaya_m4,catboost,516,0.8646,0.8936
comcat_himalaya_m4,catboost,517,0.8649,0.8938
comcat_himalaya_m4,catboost,518,0.8651,0.894
comcat_himalaya_m4,catboost,519,0.8654,0.8942
comcat_himalaya_m4,catboost,520,0.8656,0.8944
comcat_himalaya_m4,catboost,521,0.8659,0.8946
comcat_himalaya_m4,catboost,522,0.8662,0.8948
comcat_himalaya_m4,catboost,523,0.8664,0.895
comcat_himalaya_m4,catboost,524,0.8648,0.8933
comcat_himalaya_m4,catboost,525,0.865,0.8935
comcat_himalaya_m4,catboost,526,0.8653,0.8937
comcat_himalaya_m4,catboost,527,0.8655,0.8939
comcat_himalaya_m4,catboost,528,0.8658,0.8941
comcat_himalaya_m4,catboost,529,0.866,0.8943
comcat_himalaya_m4,catboost,530,0.8663,0.8945
comcat_himalaya_m4,catboost,531,0.8665,0.8947
comcat_himalaya_m4,catboost,532,0.8668,0.8949
comcat_himalaya_m4,catboost,533,0.867,0.8951
comcat_himalaya_m4,catboost,534,0.8654,0.8953
comcat_himalaya_m4,catboost,535,0.8657,0.8955
comcat_himalaya_m4,catboost,536,0.8659,0.8957
comcat_himalaya_m4,catboost,537,0.8662,0.8959
comcat_himalaya_m4,catboost,538,0.8664,0.8961
comcat_himalaya_m4,catboost,539,0.8667,0.8963
comcat_himalaya_m4,catboost,540,0.8651,0.8946
comcat_himalaya_m4,catboost,541,0.8653,0.8948
comcat_himalaya_m4,catboost,542,0.8637,0.8932
comcat_himalaya_m4,catboost,543,0.864,0.8934
comcat_himalaya_m4,catboost,544,0.8642,0.8936
comcat_himalaya_m4,catboost,545,0.8645,0.8938
comcat_himalaya_m4,catboost,546,0.8647,0.894
comcat_himalaya_m4,catboost,547,0.8631,0.8923
comcat_himalaya_m4,catboost,548,0.8616,0.8907
comcat_himalaya_m4,catboost,549,0.8618,0.8909
comcat_himalaya_m4,catboost,550,0.8603,0.8893
comcat_himalaya_m4,catboost,551,0.8605,0.8895
comcat_himalaya_m4,catboost,552,0.859,0.8879
comcat_himalaya_m4,catboost,553,0.8592,0.8881
comcat_himalaya_m4,catboost,554,0.8595,0.8883
comcat_himalaya_m4,catboost,555,0.8597,0.8885
comcat_himalaya_m4,catboost,556,0.86,0.8887
comcat_himalaya_m4,catboost,557,0.8602,0.8889
comcat_himalaya_m4,catboost,558,0.8605,0.8891
comcat_himalaya_m4,catboost,559,0.8589,0.8875
comcat_himalaya_m4,catboost,560,0.8592,0.8877
comcat_himalaya_m4,catboost,561,0.8594,0.8879
comcat_himalaya_m4,catboost,562,0.8597,0.8881
comcat_himalaya_m4,catboost,563,0.8599,0.8883
comcat_himalaya_m4,catboost,564,0.8584,0.8885
comcat_himalaya_m4,catboost,565,0.8587,0.8887
comcat_himalaya_m4,catboost,566,0.8589,0.8889
comcat_himalaya_m4,catboost,567,0.8592,0.8891
comcat_himalaya_m4,catboost,568,0.8594,0.8893
comcat_himalaya_m4,catboost,569,0.8596,0.8895
comcat_himalaya_m4,catboost,570,0.8599,0.8897
comcat_himalaya_m4,catboost,571,0.8601,0.8899
comcat_himalaya_m4,catboost,572,0.8604,0.8901
comcat_himalaya_m4,catboost,573,0.8606,0.8902
comcat_himalaya_m4,catboost,574,0.8591,0.8904
comcat_himalaya_m4,catboost,575,0.8594,0.8906
comcat_himalaya_m4,catboost,576,0.8596,0.8908
comcat_himalaya_m4,catboost,577,0.8599,0.891
comcat_himalaya_m4,catboost,578,0.8601,0.8912
comcat_himalaya_m4,catboost,579,0.8586,0.8914
comcat_himalaya_m4,catboost,580,0.8589,0.8916
comcat_himalaya_m4,catboost,581,0.8591,0.8918
comcat_himalaya_m4,catboost,582,0.8593,0.8919
comcat_himalaya_m4,catboost,583,0.8596,0.8921
comcat_himalaya_m4,catboost,584,0.8598,0.8923
comcat_himalaya_m4,catboost,585,0.8601,0.8925
comcat_himalaya_m4,catboost,586,0.8603,0.8927
comcat_himalaya_m4,catboost,587,0.8605,0.8929
comcat_himalaya_m4,catboost,588,0.8608,0.893
comcat_himalaya_m4,catboost,589,0.861,0.8932
comcat_himalaya_m4,catboost,590,0.8613,0.8934
comcat_himalaya_m4,catboost,591,0.8615,0.8936
comcat_himalaya_m4,catboost,592,0.8617,0.8938
comcat_himalaya_m4,catboost,593,0.862,0.8939
comcat_himalaya_m4,catboost,594,0.8622,0.8941
comcat_himalaya_m4,catboost,595,0.8624,0.8943
comcat_himalaya_m4,catboost,596,0.8626,0.8945
comcat_himalaya_m4,catboost,597,0.8629,0.8946
comcat_himalaya_m4,catboost,598,0.8631,0.8948
comcat_himalaya_m4,catboost,599,0.8633,0.895
comcat_himalaya_m4,catboost,600,0.8636,0.8952
comcat_himalaya_m4,catboost,601,0.8638,0.8953
comcat_himalaya_m4,catboost,602,0.864,0.8955
comcat_himalaya_m4,catboost,603,0.8642,0.8957
comcat_himalaya_m4,catboost,604,0.8645,0.8959
comcat_himalaya_m4,catboost,605,0.8647,0.896
comcat_himalaya_m4,catboost,606,0.8649,0.8962
comcat_himalaya_m4,catboost,607,0.8651,0.8964
comcat_himalaya_m4,catboost,608,0.8654,0.8966
comcat_himalaya_m4,catboost,609,0.8656,0.8967
comcat_himalaya_m4,catboost,610,0.8658,0.8969
comcat_himalaya_m4,catboost,611,0.866,0.8971
comcat_himalaya_m4,catboost,612,0.8662,0.8972
comcat_himalaya_m4,catboost,613,0.8664,0.8974
comcat_himalaya_m4,catboost,614,0.865,0.8959
comcat_himalaya_m4,catboost,615,0.8653,0.8961
comcat_himalaya_m4,catboost,616,0.8655,0.8963
comcat_himalaya_m4,catboost,617,0.8641,0.8948
comcat_himalaya_m4,catboost,618,0.8643,0.895
comcat_himalaya_m4,catboost,619,0.8645,0.8952
comcat_himalaya_m4,catboost,620,0.8631,0.8937
comcat_himalaya_m4,catboost,621,0.8633,0.8939
comcat_himalaya_m4,catboost,622,0.8636,0.8941
comcat_himalaya_m4,catboost,623,0.8622,0.8926
comcat_himalaya_m4,catboost,624,0.8624,0.8928
comcat_himalaya_m4,catboost,625,0.8626,0.893
comcat_himalaya_m4,catboost,626,0.8628,0.8931
comcat_himalaya_m4,catboost,627,0.8631,0.8933
comcat_himalaya_m4,catboost,628,0.8617,0.8919
comcat_himalaya_m4,catboost,629,0.8619,0.8921
comcat_himalaya_m4,catboost,630,0.8621,0.8922
comcat_himalaya_m4,catboost,631,0.8623,0.8924
comcat_himalaya_m4,catboost,632,0.8626,0.8926
comcat_himalaya_m4,catboost,633,0.8612,0.8912
comcat_himalaya_m4,catboost,634,0.8614,0.8913
comcat_himalaya_m4,catboost,635,0.8616,0.8915
comcat_himalaya_m4,catboost,636,0.8619,0.8917
comcat_himalaya_m4,catboost,637,0.8605,0.8918
comcat_himalaya_m4,catboost,638,0.8607,0.892
comcat_himalaya_m4,catboost,639,0.8609,0.8922
comcat_himalaya_m4,catboost,640,0.8612,0.8924
comcat_himalaya_m4,catboost,641,0.8598,0.8925
comcat_himalaya_m4,catboost,642,0.8585,0.8927
comcat_himalaya_m4,catboost,643,0.8587,0.8929
comcat_himalaya_m4,catboost,644,0.8589,0.893
comcat_himalaya_m4,catboost,645,0.8591,0.8932
comcat_himalaya_m4,catboost,646,0.8594,0.8934
comcat_himalaya_m4,catboost,647,0.8596,0.8935
comcat_himalaya_m4,catboost,648,0.8598,0.8937
comcat_himalaya_m4,catboost,649,0.86,0.8938
comcat_himalaya_m4,catboost,650,0.8602,0.894
comcat_himalaya_m4,catboost,651,0.8604,0.8942
comcat_himalaya_m4,catboost,652,0.8591,0.8928
comcat_himalaya_m4,catboost,653,0.8593,0.893
comcat_himalaya_m4,catboost,654,0.8595,0.8931
comcat_himalaya_m4,catboost,655,0.8598,0.8933
comcat_himalaya_m4,catboost,656,0.86,0.8935
comcat_himalaya_m4,catboost,657,0.8602,0.8936
comcat_himalaya_m4,catboost,658,0.8589,0.8938
comcat_himalaya_m4,catboost,659,0.8591,0.8939
comcat_himalaya_m4,catboost,660,0.8593,0.8941
comcat_himalaya_m4,catboost,661,0.8595,0.8943
comcat_himalaya_m4,catboost,662,0.8597,0.8944
comcat_himalaya_m4,catboost,663,0.8599,0.8946
comcat_himalaya_m4,catboost,664,0.8602,0.8947
comcat_himalaya_m4,catboost,665,0.8604,0.8949
comcat_himalaya_m4,catboost,666,0.8606,0.8951
comcat_himalaya_m4,catboost,667,0.8608,0.8952
comcat_himalaya_m4,catboost,668,0.861,0.8954
comcat_himalaya_m4,catboost,669,0.8612,0.8955
comcat_himalaya_m4,catboost,670,0.8599,0.8942
comcat_himalaya_m4,catboost,671,0.8601,0.8943
comcat_himalaya_m4,catboost,672,0.8588,0.893
comcat_himalaya_m4,catboost,673,0.8591,0.8932
comcat_himalaya_m4,catboost,674,0.8593,0.8933
comcat_himalaya_m4,catboost,675,0.8595,0.8935
comcat_himalaya_m4,catboost,676,0.8597,0.8936
comcat_himalaya_m4,catboost,677,0.8599,0.8938
comcat_himalaya_m4,catboost,678,0.8601,0.894
comcat_himalaya_m4,catboost,679,0.8603,0.8941
comcat_himalaya_m4,catboost,680,0.8605,0.8943
comcat_himalaya_m4,catboost,681,0.8607,0.8944
comcat_himalaya_m4,catboost,682,0.8609,0.8946
comcat_himalaya_m4,catboost,683,0.8611,0.8947
comcat_himalaya_m4,catboost,684,0.8599,0.8934
comcat_himalaya_m4,catboost,685,0.8586,0.8921
comcat_himalaya_m4,catboost,686,0.8588,0.8923
comcat_himalaya_m4,catboost,687,0.859,0.8924
comcat_himalaya_m4,catboost,688,0.8578,0.8926
comcat_himalaya_m4,catboost,689,0.858,0.8928
comcat_himalaya_m4,catboost,690,0.8582,0.8929
comcat_himalaya_m4,catboost,691,0.8569,0.8916
comcat_himalaya_m4,catboost,692,0.8557,0.8903
comcat_himalaya_m4,catboost,693,0.8545,0.8905
comcat_himalaya_m4,catboost,694,0.8547,0.8906
comcat_himalaya_m4,catboost,695,0.8549,0.8908
comcat_himalaya_m4,catboost,696,0.8551,0.891
comcat_himalaya_m4,catboost,697,0.8553,0.8911
comcat_himalaya_m4,catboost,698,0.8555,0.8913
comcat_himalaya_m4,catboost,699,0.8557,0.8914
comcat_himalaya_m4,catboost,700,0.8545,0.8902
comcat_himalaya_m4,catboost,701,0.8547,0.8903
comcat_himalaya_m4,catboost,702,0.8535,0.8905
comcat_himalaya_m4,catboost,703,0.8537,0.8906
comcat_himalaya_m4,catboost,704,0.8539,0.8908
comcat_himalaya_m4,catboost,705,0.8541,0.8909
comcat_himalaya_m4,catboost,706,0.8543,0.8911
comcat_himalaya_m4,xgboost,0,,
comcat_himalaya_m4,xgboost,1,,
comcat_himalaya_m4,xgboost,2,,
comcat_himalaya_m4,xgboost,3,,
comcat_himalaya_m4,xgboost,4,,
comcat_himalaya_m4,xgboost,5,,
comcat_himalaya_m4,xgboost,6,,
comcat_himalaya_m4,xgboost,7,,
comcat_himalaya_m4,xgboost,8,,
comcat_himalaya_m4,xgboost,9,,
comcat_himalaya_m4,xgboost,10,,
comcat_himalaya_m4,xgboost,11,,
comcat_himalaya_m4,xgboost,12,,
comcat_himalaya_m4,xgboost,13,,
comcat_himalaya_m4,xgboost,14,,
comcat_himalaya_m4,xgboost,15,,
comcat_himalaya_m4,xgboost,16,,
comcat_himalaya_m4,xgboost,17,,
comcat_himalaya_m4,xgboost,18,,
comcat_himalaya_m4,xgboost,19,,
comcat_himalaya_m4,xgboost,20,,
comcat_himalaya_m4,xgboost,21,,
comcat_himalaya_m4,xgboost,22,,
comcat_himalaya_m4,xgboost,23,,
comcat_himalaya_m4,xgboost,24,,
comcat_himalaya_m4,xgboost,25,,
comcat_himalaya_m4,xgboost,26,,
comcat_himalaya_m4,xgboost,27,,
comcat_himalaya_m4,xgboost,28,,
comcat_himalaya_m4,xgboost,29,,
comcat_himalaya_m4,xgboost,30,,
comcat_himalaya_m4,xgboost,31,,
comcat_himalaya_m4,xgboost,32,,
comcat_himalaya_m4,xgboost,33,,
comcat_himalaya_m4,xgboost,34,,
comcat_himalaya_m4,xgboost,35,,
comcat_himalaya_m4,xgboost,36,,
comcat_himalaya_m4,xgboost,37,,
comcat_himalaya_m4,xgboost,38,,
comcat_himalaya_m4,xgboost,39,,
comcat_himalaya_m4,xgboost,40,,
comcat_himalaya_m4,xgboost,41,,
comcat_himalaya_m4,xgboost,42,,
comcat_himalaya_m4,xgboost,43,,
comcat_himalaya_m4,xgboost,44,,
comcat_himalaya_m4,xgboost,45,,
comcat_himalaya_m4,xgboost,46,,
comcat_himalaya_m4,xgboost,47,,
comcat_himalaya_m4,xgboost,48,,
comcat_himalaya_m4,xgboost,49,,
comcat_himalaya_m4,xgboost,50,,
comcat_himalaya_m4,xgboost,51,,
comcat_himalaya_m4,xgboost,52,,
comcat_himalaya_m4,xgboost,53,,
comcat_himalaya_m4,xgboost,54,,
comcat_himalaya_m4,xgboost,55,,
comcat_himalaya_m4,xgboost,56,,
comcat_himalaya_m4,xgboost,57,,
comcat_himalaya_m4,xgboost,58,,
comcat_himalaya_m4,xgboost,59,,
comcat_himalaya_m4,xgboost,60,,
comcat_himalaya_m4,xgboost,61,,
comcat_himalaya_m4,xgboost,62,,
comcat_himalaya_m4,xgboost,63,,
comcat_himalaya_m4,xgboost,64,,
comcat_himalaya_m4,xgboost,65,,
comcat_himalaya_m4,xgboost,66,,
comcat_himalaya_m4,xgboost,67,,
comcat_himalaya_m4,xgboost,68,,
comcat_himalaya_m4,xgboost,69,,
comcat_himalaya_m4,xgboost,70,,
comcat_himalaya_m4,xgboost,71,,
comcat_himalaya_m4,xgboost,72,,
comcat_himalaya_m4,xgboost,73,,
comcat_himalaya_m4,xgboost,74,,
comcat_himalaya_m4,xgboost,75,,
comcat_himalaya_m4,xgboost,76,,
comcat_himalaya_m4,xgboost,77,,
comcat_himalaya_m4,xgboost,78,,
comcat_himalaya_m4,xgboost,79,,
comcat_himalaya_m4,xgboost,80,,
comcat_himalaya_m4,xgboost,81,,
comcat_himalaya_m4,xgboost,82,,
comcat_himalaya_m4,xgboost,83,,
comcat_himalaya_m4,xgboost,84,,
comcat_himalaya_m4,xgboost,85,,
comcat_himalaya_m4,xgboost,86,,
comcat_himalaya_m4,xgboost,87,,
comcat_himalaya_m4,xgboost,88,,
comcat_himalaya_m4,xgboost,89,,
comcat_himalaya_m4,xgboost,90,,
comcat_himalaya_m4,xgboost,91,,
comcat_himalaya_m4,xgboost,92,,
comcat_himalaya_m4,xgboost,93,,
comcat_himalaya_m4,xgboost,94,,
comcat_himalaya_m4,xgboost,95,,
comcat_himalaya_m4,xgboost,96,,
comcat_himalaya_m4,xgboost,97,,
comcat_himalaya_m4,xgboost,98,,
comcat_himalaya_m4,xgboost,99,,
comcat_himalaya_m4,xgboost,100,,
comcat_himalaya_m4,xgboost,101,,
comcat_himalaya_m4,xgboost,102,,
comcat_himalaya_m4,xgboost,103,,
comcat_himalaya_m4,xgboost,104,,
comcat_himalaya_m4,xgboost,105,,
comcat_himalaya_m4,xgboost,106,,
comcat_himalaya_m4,xgboost,107,,
comcat_himalaya_m4,xgboost,108,,
comcat_himalaya_m4,xgboost,109,,
comcat_himalaya_m4,xgboost,110,,
comcat_himalaya_m4,xgboost,111,,
comcat_himalaya_m4,xgboost,112,,
comcat_himalaya_m4,xgboost,113,,
comcat_himalaya_m4,xgboost,114,,
comcat_himalaya_m4,xgboost,115,,
comcat_himalaya_m4,xgboost,116,,
comcat_himalaya_m4,xgboost,117,,
comcat_himalaya_m4,xgboost,118,,
comcat_himalaya_m4,xgboost,119,,
comcat_himalaya_m4,xgboost,120,,
comcat_himalaya_m4,xgboost,121,,
comcat_himalaya_m4,xgboost,122,,
comcat_himalaya_m4,xgboost,123,,
comcat_himalaya_m4,xgboost,124,,
comcat_himalaya_m4,xgboost,125,,
comcat_himalaya_m4,xgboost,126,,
comcat_himalaya_m4,xgboost,127,,
comcat_himalaya_m4,xgboost,128,,
comcat_himalaya_m4,xgboost,129,,
comcat_himalaya_m4,xgboost,130,,
comcat_himalaya_m4,xgboost,131,,
comcat_himalaya_m4,xgboost,132,,
comcat_himalaya_m4,xgboost,133,,
comcat_himalaya_m4,xgboost,134,,
comcat_himalaya_m4,xgboost,135,,
comcat_himalaya_m4,xgboost,136,,
comcat_himalaya_m4,xgboost,137,,
comcat_himalaya_m4,xgboost,138,,
comcat_himalaya_m4,xgboost,139,,
comcat_himalaya_m4,xgboost,140,,
comcat_himalaya_m4,xgboost,141,,
comcat_himalaya_m4,xgboost,142,,
comcat_himalaya_m4,xgboost,143,,
comcat_himalaya_m4,xgboost,144,,
comcat_himalaya_m4,xgboost,145,,
comcat_himalaya_m4,xgboost,146,,
comcat_himalaya_m4,xgboost,147,,
comcat_himalaya_m4,xgboost,148,,
comcat_himalaya_m4,xgboost,149,,
comcat_himalaya_m4,xgboost,150,,
comcat_himalaya_m4,xgboost,151,,
comcat_himalaya_m4,xgboost,152,,
comcat_himalaya_m4,xgboost,153,,
comcat_himalaya_m4,xgboost,154,,
comcat_himalaya_m4,xgboost,155,,
comcat_himalaya_m4,xgboost,156,,
comcat_himalaya_m4,xgboost,157,,
comcat_himalaya_m4,xgboost,158,,
comcat_himalaya_m4,xgboost,159,,
comcat_himalaya_m4,xgboost,160,,
comcat_himalaya_m4,xgboost,161,,
comcat_himalaya_m4,xgboost,162,,
comcat_himalaya_m4,xgboost,163,,
comcat_himalaya_m4,xgboost,164,,
comcat_himalaya_m4,xgboost,165,,
comcat_himalaya_m4,xgboost,166,,
comcat_himalaya_m4,xgboost,167,,
comcat_himalaya_m4,xgboost,168,,
comcat_himalaya_m4,xgboost,169,,
comcat_himalaya_m4,xgboost,170,,
comcat_himalaya_m4,xgboost,171,,
comcat_himalaya_m4,xgboost,172,,
comcat_himalaya_m4,xgboost,173,,
comcat_himalaya_m4,xgboost,174,,
comcat_himalaya_m4,xgboost,175,,
comcat_himalaya_m4,xgboost,176,,
comcat_himalaya_m4,xgboost,177,,
comcat_himalaya_m4,xgboost,178,,
comcat_himalaya_m4,xgboost,179,,
comcat_himalaya_m4,xgboost,180,,
comcat_himalaya_m4,xgboost,181,,
comcat_himalaya_m4,xgboost,182,,
comcat_himalaya_m4,xgboost,183,,
comcat_himalaya_m4,xgboost,184,,
comcat_himalaya_m4,xgboost,185,,
comcat_himalaya_m4,xgboost,186,,
comcat_himalaya_m4,xgboost,187,,
comcat_himalaya_m4,xgboost,188,,
comcat_himalaya_m4,xgboost,189,,
comcat_himalaya_m4,xgboost,190,,
comcat_himalaya_m4,xgboost,191,,
comcat_himalaya_m4,xgboost,192,,
comcat_himalaya_m4,xgboost,193,,
comcat_himalaya_m4,xgboost,194,,
comcat_himalaya_m4,xgboost,195,,
comcat_himalaya_m4,xgboost,196,,
comcat_himalaya_m4,xgboost,197,,
comcat_himalaya_m4,xgboost,198,,
comcat_himalaya_m4,xgboost,199,0.89,0.9
comcat_himalaya_m4,xgboost,200,0.8905,0.9005
comcat_himalaya_m4,xgboost,201,0.8911,0.901
comcat_himalaya_m4,xgboost,202,0.8916,0.9015
comcat_himalaya_m4,xgboost,203,0.8922,0.902
comcat_himalaya_m4,xgboost,204,0.8927,0.9024
comcat_himalaya_m4,xgboost,205,0.8932,0.9029
comcat_himalaya_m4,xgboost,206,0.8937,0.9034
comcat_himalaya_m4,xgboost,207,0.8942,0.9038
comcat_himalaya_m4,xgboost,208,0.8947,0.9043
comcat_himalaya_m4,xgboost,209,0.8952,0.9048
comcat_himalaya_m4,xgboost,210,0.8957,0.9052
comcat_himalaya_m4,xgboost,211,0.8962,0.9057
comcat_himalaya_m4,xgboost,212,0.8967,0.9061
comcat_himalaya_m4,xgboost,213,0.8972,0.9065
comcat_himalaya_m4,xgboost,214,0.8977,0.907
comcat_himalaya_m4,xgboost,215,0.8981,0.9074
comcat_himalaya_m4,xgboost,216,0.8986,0.9078
comcat_himalaya_m4,xgboost,217,0.8991,0.9083
comcat_himalaya_m4,xgboost,218,0.8995,0.9087
comcat_himalaya_m4,xgboost,219,0.9,0.9091
comcat_himalaya_m4,xgboost,220,0.8959,0.905
comcat_himalaya_m4,xgboost,221,0.8964,0.9054
comcat_himalaya_m4,xgboost,222,0.8969,0.9058
comcat_himalaya_m4,xgboost,223,0.8973,0.9062
comcat_himalaya_m4,xgboost,224,0.8978,0.9067
comcat_himalaya_m4,xgboost,225,0.8982,0.9071
comcat_himalaya_m4,xgboost,226,0.8987,0.9075
comcat_himalaya_m4,xgboost,227,0.8991,0.9079
comcat_himalaya_m4,xgboost,228,0.8996,0.9083
comcat_himalaya_m4,xgboost,229,0.9,0.9087
comcat_himalaya_m4,xgboost,230,0.9004,0.9091
comcat_himalaya_m4,xgboost,231,0.9009,0.9095
comcat_himalaya_m4,xgboost,232,0.9013,0.9099
comcat_himalaya_m4,xgboost,233,0.9017,0.9103
comcat_himalaya_m4,xgboost,234,0.9021,0.9106
comcat_himalaya_m4,xgboost,235,0.8983,0.9068
comcat_himalaya_m4,xgboost,236,0.8945,0.903
comcat_himalaya_m4,xgboost,237,0.895,0.9034
comcat_himalaya_m4,xgboost,238,0.8912,0.8996
comcat_himalaya_m4,xgboost,239,0.8917,0.9
comcat_himalaya_m4,xgboost,240,0.8921,0.9004
comcat_himalaya_m4,xgboost,241,0.8926,0.9008
comcat_himalaya_m4,xgboost,242,0.893,0.9012
comcat_himalaya_m4,xgboost,243,0.8934,0.9016
comcat_himalaya_m4,xgboost,244,0.8939,0.902
comcat_himalaya_m4,xgboost,245,0.8943,0.9024
comcat_himalaya_m4,xgboost,246,0.8947,0.9028
comcat_himalaya_m4,xgboost,247,0.8952,0.9032
comcat_himalaya_m4,xgboost,248,0.8916,0.8996
comcat_himalaya_m4,xgboost,249,0.888,0.896
comcat_himalaya_m4,xgboost,250,0.8884,0.8964
comcat_himalaya_m4,xgboost,251,0.8889,0.8968
comcat_himalaya_m4,xgboost,252,0.8893,0.8972
comcat_himalaya_m4,xgboost,253,0.8898,0.8976
comcat_himalaya_m4,xgboost,254,0.8863,0.8941
comcat_himalaya_m4,xgboost,255,0.8867,0.8945
comcat_himalaya_m4,xgboost,256,0.8872,0.8949
comcat_himalaya_m4,xgboost,257,0.8876,0.8953
comcat_himalaya_m4,xgboost,258,0.888,0.8958
comcat_himalaya_m4,xgboost,259,0.8885,0.8962
comcat_himalaya_m4,xgboost,260,0.8889,0.8966
comcat_himalaya_m4,xgboost,261,0.8893,0.8969
comcat_himalaya_m4,xgboost,262,0.8897,0.8973
comcat_himalaya_m4,xgboost,263,0.8864,0.8939
comcat_himalaya_m4,xgboost,264,0.883,0.8906
comcat_himalaya_m4,xgboost,265,0.8835,0.891
comcat_himalaya_m4,xgboost,266,0.8839,0.8914
comcat_himalaya_m4,xgboost,267,0.8843,0.8918
comcat_himalaya_m4,xgboost,268,0.8848,0.8922
comcat_himalaya_m4,xgboost,269,0.8852,0.8926
comcat_himalaya_m4,xgboost,270,0.8856,0.893
comcat_himalaya_m4,xgboost,271,0.886,0.8934
comcat_himalaya_m4,xgboost,272,0.8864,0.8938
comcat_himalaya_m4,xgboost,273,0.8869,0.8942
comcat_himalaya_m4,xgboost,274,0.8873,0.8945
comcat_himalaya_m4,xgboost,275,0.8877,0.8949
comcat_himalaya_m4,xgboost,276,0.8881,0.8953
comcat_himalaya_m4,xgboost,277,0.8885,0.8957
comcat_himalaya_m4,xgboost,278,0.8889,0.8961
comcat_himalaya_m4,xgboost,279,0.8893,0.8964
comcat_himalaya_m4,xgboost,280,0.8897,0.8968
comcat_himalaya_m4,xgboost,281,0.8901,0.8972
comcat_himalaya_m4,xgboost,282,0.8905,0.8975
comcat_himalaya_m4,xgboost,283,0.8908,0.8979
comcat_himalaya_m4,xgboost,284,0.8912,0.8982
comcat_himalaya_m4,xgboost,285,0.8916,0.8986
comcat_himalaya_m4,xgboost,286,0.892,0.899
comcat_himalaya_m4,xgboost,287,0.8924,0.8993
comcat_himalaya_m4,xgboost,288,0.8927,0.8997
comcat_himalaya_m4,xgboost,289,0.8897,0.8966
comcat_himalaya_m4,xgboost,290,0.89,0.8969
comcat_himalaya_m4,xgboost,291,0.8904,0.8973
comcat_himalaya_m4,xgboost,292,0.8908,0.8976
comcat_himalaya_m4,xgboost,293,0.8912,0.898
comcat_himalaya_m4,xgboost,294,0.8915,0.8983
comcat_himalaya_m4,xgboost,295,0.8919,0.8986
comcat_himalaya_m4,xgboost,296,0.8923,0.899
comcat_himalaya_m4,xgboost,297,0.8926,0.8993
comcat_himalaya_m4,xgboost,298,0.893,0.8997
comcat_himalaya_m4,xgboost,299,0.8933,0.9
comcat_himalaya_m4,xgboost,300,0.8937,0.9003
comcat_himalaya_m4,xgboost,301,0.894,0.9007
comcat_himalaya_m4,xgboost,302,0.8911,0.8977
comcat_himalaya_m4,xgboost,303,0.8914,0.898
comcat_himalaya_m4,xgboost,304,0.8918,0.8984
comcat_himalaya_m4,xgboost,305,0.8922,0.8987
comcat_himalaya_m4,xgboost,306,0.8925,0.899
comcat_himalaya_m4,xgboost,307,0.8929,0.8994
comcat_himalaya_m4,xgboost,308,0.8932,0.8997
comcat_himalaya_m4,xgboost,309,0.8935,0.9
comcat_himalaya_m4,xgboost,310,0.8939,0.9003
comcat_himalaya_m4,xgboost,311,0.8942,0.9006
comcat_himalaya_m4,xgboost,312,0.8946,0.901
comcat_himalaya_m4,xgboost,313,0.8949,0.9013
comcat_himalaya_m4,xgboost,314,0.8952,0.9016
comcat_himalaya_m4,xgboost,315,0.8956,0.9019
comcat_himalaya_m4,xgboost,316,0.8959,0.9022
comcat_himalaya_m4,xgboost,317,0.8962,0.9025
comcat_himalaya_m4,xgboost,318,0.8934,0.8997
comcat_himalaya_m4,xgboost,319,0.8938,0.9
comcat_himalaya_m4,xgboost,320,0.891,0.8972
comcat_himalaya_m4,xgboost,321,0.8913,0.8975
comcat_himalaya_m4,xgboost,322,0.8885,0.8947
comcat_himalaya_m4,xgboost,323,0.8858,0.892
comcat_himalaya_m4,xgboost,324,0.8831,0.8892
comcat_himalaya_m4,xgboost,325,0.8834,0.8896
comcat_himalaya_m4,xgboost,326,0.8838,0.8899
comcat_himalaya_m4,xgboost,327,0.8841,0.8902
comcat_himalaya_m4,xgboost,328,0.8845,0.8906
comcat_himalaya_m4,xgboost,329,0.8848,0.8909
comcat_himalaya_m4,xgboost,330,0.8852,0.8912
comcat_himalaya_m4,xgboost,331,0.8825,0.8886
comcat_himalaya_m4,xgboost,332,0.8829,0.8889
comcat_himalaya_m4,xgboost,333,0.8832,0.8892
comcat_himalaya_m4,xgboost,334,0.8836,0.8896
comcat_himalaya_m4,xgboost,335,0.8839,0.8899
comcat_himalaya_m4,xgboost,336,0.8843,0.8902
comcat_himalaya_m4,xgboost,337,0.8846,0.8905
comcat_himalaya_m4,xgboost,338,0.885,0.8909
comcat_himalaya_m4,xgboost,339,0.8853,0.8912
comcat_himalaya_m4,xgboost,340,0.8856,0.8915
comcat_himalaya_m4,xgboost,341,0.886,0.8918
comcat_himalaya_m4,xgboost,342,0.8863,0.8921
comcat_himalaya_m4,xgboost,343,0.8866,0.8924
comcat_himalaya_m4,xgboost,344,0.887,0.8928
comcat_himalaya_m4,xgboost,345,0.8873,0.8931
comcat_himalaya_m4,xgboost,346,0.8876,0.8934
comcat_himalaya_m4,xgboost,347,0.8851,0.8908
comcat_himalaya_m4,xgboost,348,0.8854,0.8911
comcat_himalaya_m4,xgboost,349,0.8857,0.8914
comcat_himalaya_m4,xgboost,350,0.886,0.8917
comcat_himalaya_m4,xgboost,351,0.8835,0.8892
comcat_himalaya_m4,xgboost,352,0.8839,0.8895
comcat_himalaya_m4,xgboost,353,0.8842,0.8898
comcat_himalaya_m4,xgboost,354,0.8845,0.8901
comcat_himalaya_m4,xgboost,355,0.8848,0.8904
comcat_himalaya_m4,xgboost,356,0.8852,0.8908
comcat_himalaya_m4,xgboost,357,0.8855,0.8911
comcat_himalaya_m4,xgboost,358,0.8858,0.8914
comcat_himalaya_m4,xgboost,359,0.8861,0.8917
comcat_himalaya_m4,xgboost,360,0.8864,0.892
comcat_himalaya_m4,xgboost,361,0.8867,0.8923
comcat_himalaya_m4,xgboost,362,0.8871,0.8926
comcat_himalaya_m4,xgboost,363,0.8874,0.8929
comcat_himalaya_m4,xgboost,364,0.8877,0.8932
comcat_himalaya_m4,xgboost,365,0.888,0.8934
comcat_himalaya_m4,xgboost,366,0.8883,0.8937
comcat_himalaya_m4,xgboost,367,0.8886,0.894
comcat_himalaya_m4,xgboost,368,0.8889,0.8943
comcat_himalaya_m4,xgboost,369,0.8892,0.8946
comcat_himalaya_m4,xgboost,370,0.8895,0.8949
comcat_himalaya_m4,xgboost,371,0.8898,0.8952
comcat_himalaya_m4,xgboost,372,0.8901,0.8954
comcat_himalaya_m4,xgboost,373,0.8904,0.8957
comcat_himalaya_m4,xgboost,374,0.8907,0.896
comcat_himalaya_m4,xgboost,375,0.891,0.8963
comcat_himalaya_m4,xgboost,376,0.8912,0.8966
comcat_himalaya_m4,xgboost,377,0.8915,0.8968
comcat_himalaya_m4,xgboost,378,0.8918,0.8971
comcat_himalaya_m4,xgboost,379,0.8921,0.8974
comcat_himalaya_m4,xgboost,380,0.8924,0.8976
comcat_himalaya_m4,xgboost,381,0.8927,0.8979
comcat_himalaya_m4,xgboost,382,0.893,0.8982
comcat_himalaya_m4,xgboost,383,0.8932,0.8984
comcat_himalaya_m4,xgboost,384,0.8935,0.8987
comcat_himalaya_m4,xgboost,385,0.8938,0.899
comcat_himalaya_m4,xgboost,386,0.8941,0.8992
comcat_himalaya_m4,xgboost,387,0.8943,0.8995
comcat_himalaya_m4,xgboost,388,0.8946,0.8997
comcat_himalaya_m4,xgboost,389,0.8949,0.9
comcat_himalaya_m4,xgboost,390,0.8951,0.9003
comcat_himalaya_m4,xgboost,391,0.8954,0.9005
comcat_himalaya_m4,xgboost,392,0.8957,0.9008
comcat_himalaya_m4,xgboost,393,0.8959,0.901
comcat_himalaya_m4,xgboost,394,0.8962,0.9013
comcat_himalaya_m4,xgboost,395,0.8965,0.9015
comcat_himalaya_m4,xgboost,396,0.8967,0.9018
comcat_himalaya_m4,xgboost,397,0.897,0.902
comcat_himalaya_m4,xgboost,398,0.8972,0.9023
comcat_himalaya_m4,xgboost,399,0.8975,0.9025
comcat_himalaya_m4,xgboost,400,0.8978,0.9027
comcat_himalaya_m4,xgboost,401,0.898,0.903
comcat_himalaya_m4,xgboost,402,0.8983,0.9032
comcat_himalaya_m4,xgboost,403,0.8985,0.9035
comcat_himalaya_m4,xgboost,404,0.8988,0.9037
comcat_himalaya_m4,xgboost,405,0.899,0.9039
comcat_himalaya_m4,xgboost,406,0.8993,0.9042
comcat_himalaya_m4,xgboost,407,0.8995,0.9044
comcat_himalaya_m4,xgboost,408,0.8998,0.9046
comcat_himalaya_m4,xgboost,409,0.9,0.9049
comcat_himalaya_m4,xgboost,410,0.9002,0.9051
comcat_himalaya_m4,xgboost,411,0.9005,0.9053
comcat_himalaya_m4,xgboost,412,0.9007,0.9056
comcat_himalaya_m4,xgboost,413,0.901,0.9058
comcat_himalaya_m4,xgboost,414,0.9012,0.906
comcat_himalaya_m4,xgboost,415,0.9014,0.9062
comcat_himalaya_m4,xgboost,416,0.9017,0.9065
comcat_himalaya_m4,xgboost,417,0.9019,0.9067
comcat_himalaya_m4,xgboost,418,0.9021,0.9069
comcat_himalaya_m4,xgboost,419,0.9024,0.9071
comcat_himalaya_m4,xgboost,420,0.9026,0.9074
comcat_himalaya_m4,xgboost,421,0.9028,0.9076
comcat_himalaya_m4,xgboost,422,0.9031,0.9078
comcat_himalaya_m4,xgboost,423,0.9033,0.908
comcat_himalaya_m4,xgboost,424,0.9035,0.9082
comcat_himalaya_m4,xgboost,425,0.9014,0.9061
comcat_himalaya_m4,xgboost,426,0.9016,0.9063
comcat_himalaya_m4,xgboost,427,0.9019,0.9065
comcat_himalaya_m4,xgboost,428,0.9021,0.9068
comcat_himalaya_m4,xgboost,429,0.9023,0.907
comcat_himalaya_m4,xgboost,430,0.9026,0.9072
comcat_himalaya_m4,xgboost,431,0.9028,0.9074
comcat_himalaya_m4,xgboost,432,0.903,0.9076
comcat_himalaya_m4,xgboost,433,0.9032,0.9078
comcat_himalaya_m4,xgboost,434,0.9034,0.908
comcat_himalaya_m4,xgboost,435,0.9037,0.9083
comcat_himalaya_m4,xgboost,436,0.9039,0.9085
comcat_himalaya_m4,xgboost,437,0.9041,0.9087
comcat_himalaya_m4,xgboost,438,0.9043,0.9089
comcat_himalaya_m4,xgboost,439,0.9045,0.9091
comcat_himalaya_m4,xgboost,440,0.9048,0.9093
comcat_himalaya_m4,xgboost,441,0.905,0.9095
comcat_himalaya_m4,xgboost,442,0.9052,0.9097
comcat_himalaya_m4,xgboost,443,0.9054,0.9099
comcat_himalaya_m4,xgboost,444,0.9034,0.9079
comcat_himalaya_m4,xgboost,445,0.9036,0.9081
comcat_himalaya_m4,xgboost,446,0.9016,0.906
comcat_himalaya_m4,xgboost,447,0.9018,0.9062
comcat_himalaya_m4,xgboost,448,0.902,0.9065
comcat_himalaya_m4,xgboost,449,0.9022,0.9067
comcat_himalaya_m4,xgboost,450,0.9024,0.9069
comcat_himalaya_m4,xgboost,451,0.9027,0.9071
comcat_himalaya_m4,xgboost,452,0.9029,0.9073
comcat_himalaya_m4,xgboost,453,0.9009,0.9053
comcat_himalaya_m4,xgboost,454,0.9011,0.9055
comcat_himalaya_m4,xgboost,455,0.9013,0.9057
comcat_himalaya_m4,xgboost,456,0.9015,0.9059
comcat_himalaya_m4,xgboost,457,0.9017,0.9061
comcat_himalaya_m4,xgboost,458,0.902,0.9063
comcat_himalaya_m4,xgboost,459,0.9022,0.9065
comcat_himalaya_m4,xgboost,460,0.9002,0.9046
comcat_himalaya_m4,xgboost,461,0.9004,0.9048
comcat_himalaya_m4,xgboost,462,0.9006,0.905
comcat_himalaya_m4,xgboost,463,0.9009,0.9052
comcat_himalaya_m4,xgboost,464,0.9011,0.9054
comcat_himalaya_m4,xgboost,465,0.9013,0.9056
comcat_himalaya_m4,xgboost,466,0.9015,0.9058
comcat_himalaya_m4,xgboost,467,0.9017,0.906
comcat_himalaya_m4,xgboost,468,0.9019,0.9062
comcat_himalaya_m4,xgboost,469,0.9021,0.9064
comcat_himalaya_m4,xgboost,470,0.9023,0.9066
comcat_himalaya_m4,xgboost,471,0.9025,0.9068
comcat_himalaya_m4,xgboost,472,0.9027,0.907
comcat_himalaya_m4,xgboost,473,0.903,0.9072
comcat_himalaya_m4,xgboost,474,0.9032,0.9074
comcat_himalaya_m4,xgboost,475,0.9034,0.9076
comcat_himalaya_m4,xgboost,476,0.9036,0.9078
comcat_himalaya_m4,xgboost,477,0.9017,0.9059
comcat_himalaya_m4,xgboost,478,0.9019,0.9061
comcat_himalaya_m4,xgboost,479,0.9021,0.9062
comcat_himalaya_m4,xgboost,480,0.9023,0.9064
comcat_himalaya_m4,xgboost,481,0.9004,0.9046
comcat_himalaya_m4,xgboost,482,0.9006,0.9048
comcat_himalaya_m4,xgboost,483,0.9008,0.905
comcat_himalaya_m4,xgboost,484,0.901,0.9052
comcat_himalaya_m4,xgboost,485,0.8992,0.9033
comcat_himalaya_m4,xgboost,486,0.8994,0.9035
comcat_himalaya_m4,xgboost,487,0.8996,0.9037
comcat_himalaya_m4,xgboost,488,0.8998,0.9039
comcat_himalaya_m4,xgboost,489,0.9,0.9041
comcat_himalaya_m4,xgboost,490,0.8982,0.9022
comcat_himalaya_m4,xgboost,491,0.8984,0.9024
comcat_himalaya_m4,xgboost,492,0.8986,0.9026
comcat_himalaya_m4,xgboost,493,0.8988,0.9028
comcat_himalaya_m4,xgboost,494,0.899,0.903
comcat_himalaya_m4,xgboost,495,0.8992,0.9032
comcat_himalaya_m4,xgboost,496,0.8994,0.9034
comcat_himalaya_m4,xgboost,497,0.8996,0.9036
comcat_himalaya_m4,xgboost,498,0.8998,0.9038
comcat_himalaya_m4,xgboost,499,0.9,0.904
comcat_himalaya_m4,xgboost,500,0.9002,0.9042
comcat_himalaya_m4,xgboost,501,0.9004,0.9044
comcat_himalaya_m4,xgboost,502,0.9006,0.9046
comcat_himalaya_m4,xgboost,503,0.9008,0.9048
comcat_himalaya_m4,xgboost,504,0.901,0.905
comcat_himalaya_m4,xgboost,505,0.9012,0.9051
comcat_himalaya_m4,xgboost,506,0.8994,0.9034
comcat_himalaya_m4,xgboost,507,0.8996,0.9035
comcat_himalaya_m4,xgboost,508,0.8998,0.9037
comcat_himalaya_m4,xgboost,509,0.9,0.9039
comcat_himalaya_m4,xgboost,510,0.9002,0.9041
comcat_himalaya_m4,xgboost,511,0.8984,0.9023
comcat_himalaya_m4,xgboost,512,0.8986,0.9025
comcat_himalaya_m4,xgboost,513,0.8969,0.9008
comcat_himalaya_m4,xgboost,514,0.8971,0.901
comcat_himalaya_m4,xgboost,515,0.8973,0.9012
comcat_himalaya_m4,xgboost,516,0.8975,0.9014
comcat_himalaya_m4,xgboost,517,0.8977,0.9015
comcat_himalaya_m4,xgboost,518,0.8979,0.9017
comcat_himalaya_m4,xgboost,519,0.8981,0.9019
comcat_himalaya_m4,xgboost,520,0.8983,0.9021
comcat_himalaya_m4,xgboost,521,0.8985,0.9023
comcat_himalaya_m4,xgboost,522,0.8987,0.9025
comcat_himalaya_m4,xgboost,523,0.8989,0.9027
comcat_himalaya_m4,xgboost,524,0.8971,0.901
comcat_himalaya_m4,xgboost,525,0.8973,0.9011
comcat_himalaya_m4,xgboost,526,0.8975,0.9013
comcat_himalaya_m4,xgboost,527,0.8977,0.9015
comcat_himalaya_m4,xgboost,528,0.8979,0.9017
comcat_himalaya_m4,xgboost,529,0.8981,0.9019
comcat_himalaya_m4,xgboost,530,0.8983,0.9021
comcat_himalaya_m4,xgboost,531,0.8985,0.9023
comcat_himalaya_m4,xgboost,532,0.8987,0.9024
comcat_himalaya_m4,xgboost,533,0.8989,0.9026
comcat_himalaya_m4,xgboost,534,0.8972,0.9009
comcat_himalaya_m4,xgboost,535,0.8974,0.9011
comcat_himalaya_m4,xgboost,536,0.8976,0.9013
comcat_himalaya_m4,xgboost,537,0.8978,0.9015
comcat_himalaya_m4,xgboost,538,0.898,0.9017
comcat_himalaya_m4,xgboost,539,0.8981,0.9019
comcat_himalaya_m4,xgboost,540,0.8965,0.9002
comcat_himalaya_m4,xgboost,541,0.8967,0.9004
comcat_himalaya_m4,xgboost,542,0.8969,0.9006
comcat_himalaya_m4,xgboost,543,0.8971,0.9007
comcat_himalaya_m4,xgboost,544,0.8972,0.9009
comcat_himalaya_m4,xgboost,545,0.8974,0.9011
comcat_himalaya_m4,xgboost,546,0.8976,0.9013
comcat_himalaya_m4,xgboost,547,0.896,0.8996
comcat_himalaya_m4,xgboost,548,0.8944,0.898
comcat_himalaya_m4,xgboost,549,0.8945,0.8982
comcat_himalaya_m4,xgboost,550,0.8929,0.8966
comcat_himalaya_m4,xgboost,551,0.8931,0.8967
comcat_himalaya_m4,xgboost,552,0.8915,0.8951
comcat_himalaya_m4,xgboost,553,0.8917,0.8953
comcat_himalaya_m4,xgboost,554,0.8919,0.8955
comcat_himalaya_m4,xgboost,555,0.8921,0.8957
comcat_himalaya_m4,xgboost,556,0.8923,0.8959
comcat_himalaya_m4,xgboost,557,0.8925,0.8961
comcat_himalaya_m4,xgboost,558,0.8927,0.8962
comcat_himalaya_m4,xgboost,559,0.8911,0.8946
comcat_himalaya_m4,xgboost,560,0.8913,0.8948
comcat_himalaya_m4,xgboost,561,0.8915,0.895
comcat_himalaya_m4,xgboost,562,0.8917,0.8952
comcat_himalaya_m4,xgboost,563,0.8918,0.8954
comcat_himalaya_m4,xgboost,564,0.892,0.8956
comcat_himalaya_m4,xgboost,565,0.8922,0.8958
comcat_himalaya_m4,xgboost,566,0.8924,0.8959
comcat_himalaya_m4,xgboost,567,0.8926,0.8961
comcat_himalaya_m4,xgboost,568,0.8928,0.8963
comcat_himalaya_m4,xgboost,569,0.893,0.8965
comcat_himalaya_m4,xgboost,570,0.8932,0.8967
comcat_himalaya_m4,xgboost,571,0.8934,0.8969
comcat_himalaya_m4,xgboost,572,0.8935,0.897
comcat_himalaya_m4,xgboost,573,0.8937,0.8972
comcat_himalaya_m4,xgboost,574,0.8939,0.8974
comcat_himalaya_m4,xgboost,575,0.8941,0.8976
comcat_himalaya_m4,xgboost,576,0.8943,0.8977
comcat_himalaya_m4,xgboost,577,0.8945,0.8979
comcat_himalaya_m4,xgboost,578,0.8946,0.8981
comcat_himalaya_m4,xgboost,579,0.8948,0.8983
comcat_himalaya_m4,xgboost,580,0.895,0.8985
comcat_himalaya_m4,xgboost,581,0.8952,0.8986
comcat_himalaya_m4,xgboost,582,0.8954,0.8988
comcat_himalaya_m4,xgboost,583,0.8955,0.899
comcat_himalaya_m4,xgboost,584,0.8957,0.8991
comcat_himalaya_m4,xgboost,585,0.8959,0.8993
comcat_himalaya_m4,xgboost,586,0.8961,0.8995
comcat_himalaya_m4,xgboost,587,0.8963,0.8997
comcat_himalaya_m4,xgboost,588,0.8964,0.8998
comcat_himalaya_m4,xgboost,589,0.8966,0.9
comcat_himalaya_m4,xgboost,590,0.8968,0.9002
comcat_himalaya_m4,xgboost,591,0.897,0.9003
comcat_himalaya_m4,xgboost,592,0.8971,0.9005
comcat_himalaya_m4,xgboost,593,0.8973,0.9007
comcat_himalaya_m4,xgboost,594,0.8975,0.9008
comcat_himalaya_m4,xgboost,595,0.8977,0.901
comcat_himalaya_m4,xgboost,596,0.8978,0.9012
comcat_himalaya_m4,xgboost,597,0.898,0.9013
comcat_himalaya_m4,xgboost,598,0.8982,0.9015
comcat_himalaya_m4,xgboost,599,0.8983,0.9017
comcat_himalaya_m4,xgboost,600,0.8985,0.9018
comcat_himalaya_m4,xgboost,601,0.8987,0.902
comcat_himalaya_m4,xgboost,602,0.8988,0.9022
comcat_himalaya_m4,xgboost,603,0.899,0.9023
comcat_himalaya_m4,xgboost,604,0.8992,0.9025
comcat_himalaya_m4,xgboost,605,0.8993,0.9026
comcat_himalaya_m4,xgboost,606,0.8995,0.9028
comcat_himalaya_m4,xgboost,607,0.8997,0.903
comcat_himalaya_m4,xgboost,608,0.8998,0.9031
comcat_himalaya_m4,xgboost,609,0.9,0.9033
comcat_himalaya_m4,xgboost,610,0.9002,0.9034
comcat_himalaya_m4,xgboost,611,0.9003,0.9036
comcat_himalaya_m4,xgboost,612,0.9005,0.9038
comcat_himalaya_m4,xgboost,613,0.9007,0.9039
comcat_himalaya_m4,xgboost,614,0.8992,0.9024
comcat_himalaya_m4,xgboost,615,0.8994,0.9026
comcat_himalaya_m4,xgboost,616,0.8995,0.9028
comcat_himalaya_m4,xgboost,617,0.8981,0.9013
comcat_himalaya_m4,xgboost,618,0.8982,0.9015
comcat_himalaya_m4,xgboost,619,0.8984,0.9016
comcat_himalaya_m4,xgboost,620,0.8969,0.9002
comcat_himalaya_m4,xgboost,621,0.8971,0.9003
comcat_himalaya_m4,xgboost,622,0.8973,0.9005
comcat_himalaya_m4,xgboost,623,0.8958,0.899
comcat_himalaya_m4,xgboost,624,0.896,0.8992
comcat_himalaya_m4,xgboost,625,0.8962,0.8994
comcat_himalaya_m4,xgboost,626,0.8963,0.8995
comcat_himalaya_m4,xgboost,627,0.8965,0.8997
comcat_himalaya_m4,xgboost,628,0.8951,0.8983
comcat_himalaya_m4,xgboost,629,0.8952,0.8984
comcat_himalaya_m4,xgboost,630,0.8954,0.8986
comcat_himalaya_m4,xgboost,631,0.8956,0.8987
comcat_himalaya_m4,xgboost,632,0.8957,0.8989
comcat_himalaya_m4,xgboost,633,0.8943,0.8975
comcat_himalaya_m4,xgboost,634,0.8945,0.8976
comcat_himalaya_m4,xgboost,635,0.8947,0.8978
comcat_himalaya_m4,xgboost,636,0.8948,0.898
comcat_himalaya_m4,xgboost,637,0.895,0.8981
comcat_himalaya_m4,xgboost,638,0.8951,0.8983
comcat_himalaya_m4,xgboost,639,0.8953,0.8984
comcat_himalaya_m4,xgboost,640,0.8955,0.8986
comcat_himalaya_m4,xgboost,641,0.8956,0.8988
comcat_himalaya_m4,xgboost,642,0.8958,0.8989
comcat_himalaya_m4,xgboost,643,0.896,0.8991
comcat_himalaya_m4,xgboost,644,0.8961,0.8992
comcat_himalaya_m4,xgboost,645,0.8963,0.8994
comcat_himalaya_m4,xgboost,646,0.8964,0.8995
comcat_himalaya_m4,xgboost,647,0.8966,0.8997
comcat_himalaya_m4,xgboost,648,0.8968,0.8998
comcat_himalaya_m4,xgboost,649,0.8969,0.9
comcat_himalaya_m4,xgboost,650,0.8971,0.9002
comcat_himalaya_m4,xgboost,651,0.8972,0.9003
comcat_himalaya_m4,xgboost,652,0.8959,0.8989
comcat_himalaya_m4,xgboost,653,0.896,0.8991
comcat_himalaya_m4,xgboost,654,0.8947,0.8977
comcat_himalaya_m4,xgboost,655,0.8948,0.8979
comcat_himalaya_m4,xgboost,656,0.895,0.898
comcat_himalaya_m4,xgboost,657,0.8951,0.8982
comcat_himalaya_m4,xgboost,658,0.8953,0.8983
comcat_himalaya_m4,xgboost,659,0.8955,0.8985
comcat_himalaya_m4,xgboost,660,0.8956,0.8986
comcat_himalaya_m4,xgboost,661,0.8958,0.8988
comcat_himalaya_m4,xgboost,662,0.8959,0.8989
comcat_himalaya_m4,xgboost,663,0.8961,0.8991
comcat_himalaya_m4,xgboost,664,0.8962,0.8992
comcat_himalaya_m4,xgboost,665,0.8964,0.8994
comcat_himalaya_m4,xgboost,666,0.8966,0.8996
comcat_himalaya_m4,xgboost,667,0.8967,0.8997
comcat_himalaya_m4,xgboost,668,0.8969,0.8999
comcat_himalaya_m4,xgboost,669,0.897,0.9
comcat_himalaya_m4,xgboost,670,0.8972,0.9001
comcat_himalaya_m4,xgboost,671,0.8973,0.9003
comcat_himalaya_m4,xgboost,672,0.896,0.899
comcat_himalaya_m4,xgboost,673,0.8961,0.8991
comcat_himalaya_m4,xgboost,674,0.8963,0.8993
comcat_himalaya_m4,xgboost,675,0.8964,0.8994
comcat_himalaya_m4,xgboost,676,0.8966,0.8996
comcat_himalaya_m4,xgboost,677,0.8968,0.8997
comcat_himalaya_m4,xgboost,678,0.8969,0.8999
comcat_himalaya_m4,xgboost,679,0.8971,0.9
comcat_himalaya_m4,xgboost,680,0.8972,0.9001
comcat_himalaya_m4,xgboost,681,0.8974,0.9003
comcat_himalaya_m4,xgboost,682,0.8975,0.9004
comcat_himalaya_m4,xgboost,683,0.8977,0.9006
comcat_himalaya_m4,xgboost,684,0.8978,0.9007
comcat_himalaya_m4,xgboost,685,0.8965,0.8994
comcat_himalaya_m4,xgboost,686,0.8967,0.8996
comcat_himalaya_m4,xgboost,687,0.8968,0.8997
comcat_himalaya_m4,xgboost,688,0.897,0.8999
comcat_himalaya_m4,xgboost,689,0.8971,0.9
comcat_himalaya_m4,xgboost,690,0.8958,0.8987
comcat_himalaya_m4,xgboost,691,0.8945,0.8974
comcat_himalaya_m4,xgboost,692,0.8932,0.8961
comcat_himalaya_m4,xgboost,693,0.8934,0.8963
comcat_himalaya_m4,xgboost,694,0.8935,0.8964
comcat_himalaya_m4,xgboost,695,0.8937,0.8966
comcat_himalaya_m4,xgboost,696,0.8938,0.8967
comcat_himalaya_m4,xgboost,697,0.894,0.8968
comcat_himalaya_m4,xgboost,698,0.8941,0.897
comcat_himalaya_m4,xgboost,699,0.8943,0.8971
comcat_himalaya_m4,xgboost,700,0.893,0.8959
comcat_himalaya_m4,xgboost,701,0.8932,0.896
comcat_himalaya_m4,xgboost,702,0.8933,0.8962
comcat_himalaya_m4,xgboost,703,0.8935,0.8963
comcat_himalaya_m4,xgboost,704,0.8936,0.8965
comcat_himalaya_m4,xgboost,705,0.8938,0.8966
comcat_himalaya_m4,xgboost,706,0.8939,0.8967
comcat_himalaya_m4,lightgbm,0,,
comcat_himalaya_m4,lightgbm,1,,
comcat_himalaya_m4,lightgbm,2,,
comcat_himalaya_m4,lightgbm,3,,
comcat_himalaya_m4,lightgbm,4,,
comcat_himalaya_m4,lightgbm,5,,
comcat_himalaya_m4,lightgbm,6,,
comcat_himalaya_m4,lightgbm,7,,
comcat_himalaya_m4,lightgbm,8,,
comcat_himalaya_m4,lightgbm,9,,
comcat_himalaya_m4,lightgbm,10,,
comcat_himalaya_m4,lightgbm,11,,
comcat_himalaya_m4,lightgbm,12,,
comcat_himalaya_m4,lightgbm,13,,
comcat_himalaya_m4,lightgbm,14,,
comcat_himalaya_m4,lightgbm,15,,
comcat_himalaya_m4,lightgbm,16,,
comcat_himalaya_m4,lightgbm,17,,
comcat_himalaya_m4,lightgbm,18,,
comcat_himalaya_m4,lightgbm,19,,
comcat_himalaya_m4,lightgbm,20,,
comcat_himalaya_m4,lightgbm,21,,
comcat_himalaya_m4,lightgbm,22,,
comcat_himalaya_m4,lightgbm,23,,
comcat_himalaya_m4,lightgbm,24,,
comcat_himalaya_m4,lightgbm,25,,
comcat_himalaya_m4,lightgbm,26,,
comcat_himalaya_m4,lightgbm,27,,
comcat_himalaya_m4,lightgbm,28,,
comcat_himalaya_m4,lightgbm,29,,
comcat_himalaya_m4,lightgbm,30,,
comcat_himalaya_m4,lightgbm,31,,
comcat_himalaya_m4,lightgbm,32,,
comcat_himalaya_m4,lightgbm,33,,
comcat_himalaya_m4,lightgbm,34,,
comcat_himalaya_m4,lightgbm,35,,
comcat_himalaya_m4,lightgbm,36,,
comcat_himalaya_m4,lightgbm,37,,
comcat_himalaya_m4,lightgbm,38,,
comcat_himalaya_m4,lightgbm,39,,
comcat_himalaya_m4,lightgbm,40,,
comcat_himalaya_m4,lightgbm,41,,
comcat_himalaya_m4,lightgbm,42,,
comcat_himalaya_m4,lightgbm,43,,
comcat_himalaya_m4,lightgbm,44,,
comcat_himalaya_m4,lightgbm,45,,
comcat_himalaya_m4,lightgbm,46,,
comcat_himalaya_m4,lightgbm,47,,
comcat_himalaya_m4,lightgbm,48,,
comcat_himalaya_m4,lightgbm,49,,
comcat_himalaya_m4,lightgbm,50,,
comcat_himalaya_m4,lightgbm,51,,
comcat_himalaya_m4,lightgbm,52,,
comcat_himalaya_m4,lightgbm,53,,
comcat_himalaya_m4,lightgbm,54,,
comcat_himalaya_m4,lightgbm,55,,
comcat_himalaya_m4,lightgbm,56,,
comcat_himalaya_m4,lightgbm,57,,
comcat_himalaya_m4,lightgbm,58,,
comcat_himalaya_m4,lightgbm,59,,
comcat_himalaya_m4,lightgbm,60,,
comcat_himalaya_m4,lightgbm,61,,
comcat_himalaya_m4,lightgbm,62,,
comcat_himalaya_m4,lightgbm,63,,
comcat_himalaya_m4,lightgbm,64,,
comcat_himalaya_m4,lightgbm,65,,
comcat_himalaya_m4,lightgbm,66,,
comcat_himalaya_m4,lightgbm,67,,
comcat_himalaya_m4,lightgbm,68,,
comcat_himalaya_m4,lightgbm,69,,
comcat_himalaya_m4,lightgbm,70,,
comcat_himalaya_m4,lightgbm,71,,
comcat_himalaya_m4,lightgbm,72,,
comcat_himalaya_m4,lightgbm,73,,
comcat_himalaya_m4,lightgbm,74,,
comcat_himalaya_m4,lightgbm,75,,
comcat_himalaya_m4,lightgbm,76,,
comcat_himalaya_m4,lightgbm,77,,
comcat_himalaya_m4,lightgbm,78,,
comcat_himalaya_m4,lightgbm,79,,
comcat_himalaya_m4,lightgbm,80,,
comcat_himalaya_m4,lightgbm,81,,
comcat_himalaya_m4,lightgbm,82,,
comcat_himalaya_m4,lightgbm,83,,
comcat_himalaya_m4,lightgbm,84,,
comcat_himalaya_m4,lightgbm,85,,
comcat_himalaya_m4,lightgbm,86,,
comcat_himalaya_m4,lightgbm,87,,
comcat_himalaya_m4,lightgbm,88,,
comcat_himalaya_m4,lightgbm,89,,
comcat_himalaya_m4,lightgbm,90,,
comcat_himalaya_m4,lightgbm,91,,
comcat_himalaya_m4,lightgbm,92,,
comcat_himalaya_m4,lightgbm,93,,
comcat_himalaya_m4,lightgbm,94,,
comcat_himalaya_m4,lightgbm,95,,
comcat_himalaya_m4,lightgbm,96,,
comcat_himalaya_m4,lightgbm,97,,
comcat_himalaya_m4,lightgbm,98,,
comcat_himalaya_m4,lightgbm,99,,
comcat_himalaya_m4,lightgbm,100,,
comcat_himalaya_m4,lightgbm,101,,
comcat_himalaya_m4,lightgbm,102,,
comcat_himalaya_m4,lightgbm,103,,
comcat_himalaya_m4,lightgbm,104,,
comcat_himalaya_m4,lightgbm,105,,
comcat_himalaya_m4,lightgbm,106,,
comcat_himalaya_m4,lightgbm,107,,
comcat_himalaya_m4,lightgbm,108,,
comcat_himalaya_m4,lightgbm,109,,
comcat_himalaya_m4,lightgbm,110,,
comcat_himalaya_m4,lightgbm,111,,
comcat_himalaya_m4,lightgbm,112,,
comcat_himalaya_m4,lightgbm,113,,
comcat_himalaya_m4,lightgbm,114,,
comcat_himalaya_m4,lightgbm,115,,
comcat_himalaya_m4,lightgbm,116,,
comcat_himalaya_m4,lightgbm,117,,
comcat_himalaya_m4,lightgbm,118,,
comcat_himalaya_m4,lightgbm,119,,
comcat_himalaya_m4,lightgbm,120,,
comcat_himalaya_m4,lightgbm,121,,
comcat_himalaya_m4,lightgbm,122,,
comcat_himalaya_m4,lightgbm,123,,
comcat_himalaya_m4,lightgbm,124,,
comcat_himalaya_m4,lightgbm,125,,
comcat_himalaya_m4,lightgbm,126,,
comcat_himalaya_m4,lightgbm,127,,
comcat_himalaya_m4,lightgbm,128,,
comcat_himalaya_m4,lightgbm,129,,
comcat_himalaya_m4,lightgbm,130,,
comcat_himalaya_m4,lightgbm,131,,
comcat_himalaya_m4,lightgbm,132,,
comcat_himalaya_m4,lightgbm,133,,
comcat_himalaya_m4,lightgbm,134,,
comcat_himalaya_m4,lightgbm,135,,
comcat_himalaya_m4,lightgbm,136,,
comcat_himalaya_m4,lightgbm,137,,
comcat_himalaya_m4,lightgbm,138,,
comcat_himalaya_m4,lightgbm,139,,
comcat_himalaya_m4,lightgbm,140,,
comcat_himalaya_m4,lightgbm,141,,
comcat_himalaya_m4,lightgbm,142,,
comcat_himalaya_m4,lightgbm,143,,
comcat_himalaya_m4,lightgbm,144,,
comcat_himalaya_m4,lightgbm,145,,
comcat_himalaya_m4,lightgbm,146,,
comcat_himalaya_m4,lightgbm,147,,
comcat_himalaya_m4,lightgbm,148,,
comcat_himalaya_m4,lightgbm,149,,
comcat_himalaya_m4,lightgbm,150,,
comcat_himalaya_m4,lightgbm,151,,
comcat_himalaya_m4,lightgbm,152,,
comcat_himalaya_m4,lightgbm,153,,
comcat_himalaya_m4,lightgbm,154,,
comcat_himalaya_m4,lightgbm,155,,
comcat_himalaya_m4,lightgbm,156,,
comcat_himalaya_m4,lightgbm,157,,
comcat_himalaya_m4,lightgbm,158,,
comcat_himalaya_m4,lightgbm,159,,
comcat_himalaya_m4,lightgbm,160,,
comcat_himalaya_m4,lightgbm,161,,
comcat_himalaya_m4,lightgbm,162,,
comcat_himalaya_m4,lightgbm,163,,
comcat_himalaya_m4,lightgbm,164,,
comcat_himalaya_m4,lightgbm,165,,
comcat_himalaya_m4,lightgbm,166,,
comcat_himalaya_m4,lightgbm,167,,
comcat_himalaya_m4,lightgbm,168,,
comcat_himalaya_m4,lightgbm,169,,
comcat_himalaya_m4,lightgbm,170,,
comcat_himalaya_m4,lightgbm,171,,
comcat_himalaya_m4,lightgbm,172,,
comcat_himalaya_m4,lightgbm,173,,
comcat_himalaya_m4,lightgbm,174,,
comcat_himalaya_m4,lightgbm,175,,
comcat_himalaya_m4,lightgbm,176,,
comcat_himalaya_m4,lightgbm,177,,
comcat_himalaya_m4,lightgbm,178,,
comcat_himalaya_m4,lightgbm,179,,
comcat_himalaya_m4,lightgbm,180,,
comcat_himalaya_m4,lightgbm,181,,
comcat_himalaya_m4,lightgbm,182,,
comcat_himalaya_m4,lightgbm,183,,
comcat_himalaya_m4,lightgbm,184,,
comcat_himalaya_m4,lightgbm,185,,
comcat_himalaya_m4,lightgbm,186,,
comcat_himalaya_m4,lightgbm,187,,
comcat_himalaya_m4,lightgbm,188,,
comcat_himalaya_m4,lightgbm,189,,
comcat_himalaya_m4,lightgbm,190,,
comcat_himalaya_m4,lightgbm,191,,
comcat_himalaya_m4,lightgbm,192,,
comcat_himalaya_m4,lightgbm,193,,
comcat_himalaya_m4,lightgbm,194,,
comcat_himalaya_m4,lightgbm,195,,
comcat_himalaya_m4,lightgbm,196,,
comcat_himalaya_m4,lightgbm,197,,
comcat_himalaya_m4,lightgbm,198,,
comcat_himalaya_m4,lightgbm,199,0.905,0.905
comcat_himalaya_m4,lightgbm,200,0.9055,0.9055
comcat_himalaya_m4,lightgbm,201,0.9059,0.9059
comcat_himalaya_m4,lightgbm,202,0.9064,0.9064
comcat_himalaya_m4,lightgbm,203,0.9069,0.9069
comcat_himalaya_m4,lightgbm,204,0.9073,0.9073
comcat_himalaya_m4,lightgbm,205,0.9078,0.9078
comcat_himalaya_m4,lightgbm,206,0.9082,0.9082
comcat_himalaya_m4,lightgbm,207,0.9087,0.9087
comcat_himalaya_m4,lightgbm,208,0.9091,0.9091
comcat_himalaya_m4,lightgbm,209,0.9095,0.9095
comcat_himalaya_m4,lightgbm,210,0.91,0.91
comcat_himalaya_m4,lightgbm,211,0.9104,0.9104
comcat_himalaya_m4,lightgbm,212,0.9108,0.9108
comcat_himalaya_m4,lightgbm,213,0.9112,0.9112
comcat_himalaya_m4,lightgbm,214,0.9116,0.9116
comcat_himalaya_m4,lightgbm,215,0.912,0.912
comcat_himalaya_m4,lightgbm,216,0.9124,0.9124
comcat_himalaya_m4,lightgbm,217,0.9128,0.9128
comcat_himalaya_m4,lightgbm,218,0.9132,0.9132
comcat_himalaya_m4,lightgbm,219,0.9136,0.9136
comcat_himalaya_m4,lightgbm,220,0.9095,0.9095
comcat_himalaya_m4,lightgbm,221,0.9099,0.9099
comcat_himalaya_m4,lightgbm,222,0.9103,0.9103
comcat_himalaya_m4,lightgbm,223,0.9107,0.9107
comcat_himalaya_m4,lightgbm,224,0.9111,0.9111
comcat_himalaya_m4,lightgbm,225,0.9115,0.9115
comcat_himalaya_m4,lightgbm,226,0.9119,0.9119
comcat_himalaya_m4,lightgbm,227,0.9123,0.9123
comcat_himalaya_m4,lightgbm,228,0.9127,0.9127
comcat_himalaya_m4,lightgbm,229,0.913,0.913
comcat_himalaya_m4,lightgbm,230,0.9134,0.9134
comcat_himalaya_m4,lightgbm,231,0.9138,0.9138
comcat_himalaya_m4,lightgbm,232,0.9142,0.9142
comcat_himalaya_m4,lightgbm,233,0.9145,0.9145
comcat_himalaya_m4,lightgbm,234,0.9149,0.9149
comcat_himalaya_m4,lightgbm,235,0.911,0.911
comcat_himalaya_m4,lightgbm,236,0.9072,0.9072
comcat_himalaya_m4,lightgbm,237,0.9076,0.9076
comcat_himalaya_m4,lightgbm,238,0.9038,0.9038
comcat_himalaya_m4,lightgbm,239,0.9042,0.9042
comcat_himalaya_m4,lightgbm,240,0.9046,0.9046
comcat_himalaya_m4,lightgbm,241,0.905,0.905
comcat_himalaya_m4,lightgbm,242,0.9053,0.9053
comcat_himalaya_m4,lightgbm,243,0.9057,0.9057
comcat_himalaya_m4,lightgbm,244,0.9061,0.9061
comcat_himalaya_m4,lightgbm,245,0.9065,0.9065
comcat_himalaya_m4,lightgbm,246,0.9069,0.9069
comcat_himalaya_m4,lightgbm,247,0.9073,0.9073
comcat_himalaya_m4,lightgbm,248,0.9036,0.9036
comcat_himalaya_m4,lightgbm,249,0.904,0.904
comcat_himalaya_m4,lightgbm,250,0.9044,0.9044
comcat_himalaya_m4,lightgbm,251,0.9048,0.9048
comcat_himalaya_m4,lightgbm,252,0.9051,0.9051
comcat_himalaya_m4,lightgbm,253,0.9055,0.9055
comcat_himalaya_m4,lightgbm,254,0.902,0.902
comcat_himalaya_m4,lightgbm,255,0.9023,0.9023
comcat_himalaya_m4,lightgbm,256,0.9027,0.9027
comcat_himalaya_m4,lightgbm,257,0.9031,0.9031
comcat_himalaya_m4,lightgbm,258,0.9035,0.9035
comcat_himalaya_m4,lightgbm,259,0.9038,0.9038
comcat_himalaya_m4,lightgbm,260,0.9042,0.9042
comcat_himalaya_m4,lightgbm,261,0.9046,0.9046
comcat_himalaya_m4,lightgbm,262,0.9049,0.9049
comcat_himalaya_m4,lightgbm,263,0.9015,0.9015
comcat_himalaya_m4,lightgbm,264,0.8981,0.8981
comcat_himalaya_m4,lightgbm,265,0.8985,0.8985
comcat_himalaya_m4,lightgbm,266,0.8989,0.8989
comcat_himalaya_m4,lightgbm,267,0.8993,0.8993
comcat_himalaya_m4,lightgbm,268,0.8996,0.8996
comcat_himalaya_m4,lightgbm,269,0.9,0.9
comcat_himalaya_m4,lightgbm,270,0.9004,0.9004
comcat_himalaya_m4,lightgbm,271,0.9007,0.9007
comcat_himalaya_m4,lightgbm,272,0.9011,0.9011
comcat_himalaya_m4,lightgbm,273,0.9015,0.9015
comcat_himalaya_m4,lightgbm,274,0.9018,0.9018
comcat_himalaya_m4,lightgbm,275,0.9022,0.9022
comcat_himalaya_m4,lightgbm,276,0.9025,0.9025
comcat_himalaya_m4,lightgbm,277,0.9029,0.9029
comcat_himalaya_m4,lightgbm,278,0.9032,0.9032
comcat_himalaya_m4,lightgbm,279,0.9036,0.9036
comcat_himalaya_m4,lightgbm,280,0.9039,0.9039
comcat_himalaya_m4,lightgbm,281,0.9043,0.9043
comcat_himalaya_m4,lightgbm,282,0.9046,0.9046
comcat_himalaya_m4,lightgbm,283,0.9049,0.9049
comcat_himalaya_m4,lightgbm,284,0.9053,0.9053
comcat_himalaya_m4,lightgbm,285,0.9056,0.9056
comcat_himalaya_m4,lightgbm,286,0.9059,0.9059
comcat_himalaya_m4,lightgbm,287,0.9062,0.9062
comcat_himalaya_m4,lightgbm,288,0.9066,0.9066
comcat_himalaya_m4,lightgbm,289,0.9034,0.9034
comcat_himalaya_m4,lightgbm,290,0.9038,0.9038
comcat_himalaya_m4,lightgbm,291,0.9041,0.9041
comcat_himalaya_m4,lightgbm,292,0.9044,0.9044
comcat_himalaya_m4,lightgbm,293,0.9048,0.9048
comcat_himalaya_m4,lightgbm,294,0.9051,0.9051
comcat_himalaya_m4,lightgbm,295,0.9054,0.9054
comcat_himalaya_m4,lightgbm,296,0.9057,0.9057
comcat_himalaya_m4,lightgbm,297,0.906,0.906
comcat_himalaya_m4,lightgbm,298,0.9064,0.9064
comcat_himalaya_m4,lightgbm,299,0.9067,0.9067
comcat_himalaya_m4,lightgbm,300,0.907,0.907
comcat_himalaya_m4,lightgbm,301,0.9073,0.9073
comcat_himalaya_m4,lightgbm,302,0.9043,0.9043
comcat_himalaya_m4,lightgbm,303,0.9046,0.9046
comcat_himalaya_m4,lightgbm,304,0.9049,0.9049
comcat_himalaya_m4,lightgbm,305,0.9052,0.9052
comcat_himalaya_m4,lightgbm,306,0.9055,0.9055
comcat_himalaya_m4,lightgbm,307,0.9058,0.9058
comcat_himalaya_m4,lightgbm,308,0.9061,0.9061
comcat_himalaya_m4,lightgbm,309,0.9065,0.9065
comcat_himalaya_m4,lightgbm,310,0.9068,0.9068
comcat_himalaya_m4,lightgbm,311,0.9071,0.9071
comcat_himalaya_m4,lightgbm,312,0.9073,0.9073
comcat_himalaya_m4,lightgbm,313,0.9076,0.9076
comcat_himalaya_m4,lightgbm,314,0.9079,0.9079
comcat_himalaya_m4,lightgbm,315,0.9082,0.9082
comcat_himalaya_m4,lightgbm,316,0.9085,0.9085
comcat_himalaya_m4,lightgbm,317,0.9088,0.9088
comcat_himalaya_m4,lightgbm,318,0.906,0.906
comcat_himalaya_m4,lightgbm,319,0.9062,0.9062
comcat_himalaya_m4,lightgbm,320,0.9034,0.9034
comcat_himalaya_m4,lightgbm,321,0.9037,0.9037
comcat_himalaya_m4,lightgbm,322,0.9009,0.9009
comcat_himalaya_m4,lightgbm,323,0.9012,0.9012
comcat_himalaya_m4,lightgbm,324,0.8985,0.8985
comcat_himalaya_m4,lightgbm,325,0.8988,0.8988
comcat_himalaya_m4,lightgbm,326,0.8991,0.8991
comcat_himalaya_m4,lightgbm,327,0.8994,0.8994
comcat_himalaya_m4,lightgbm,328,0.8997,0.8997
comcat_himalaya_m4,lightgbm,329,0.9,0.9
comcat_himalaya_m4,lightgbm,330,0.9003,0.9003
comcat_himalaya_m4,lightgbm,331,0.8976,0.8976
comcat_himalaya_m4,lightgbm,332,0.8979,0.8979
comcat_himalaya_m4,lightgbm,333,0.8982,0.8982
comcat_himalaya_m4,lightgbm,334,0.8985,0.8985
comcat_himalaya_m4,lightgbm,335,0.8988,0.8988
comcat_himalaya_m4,lightgbm,336,0.8991,0.8991
comcat_himalaya_m4,lightgbm,337,0.8994,0.8994
comcat_himalaya_m4,lightgbm,338,0.8997,0.8997
comcat_himalaya_m4,lightgbm,339,0.9,0.9
comcat_himalaya_m4,lightgbm,340,0.9003,0.9003
comcat_himalaya_m4,lightgbm,341,0.9006,0.9006
comcat_himalaya_m4,lightgbm,342,0.9009,0.9009
comcat_himalaya_m4,lightgbm,343,0.9012,0.9012
comcat_himalaya_m4,lightgbm,344,0.9014,0.9014
comcat_himalaya_m4,lightgbm,345,0.9017,0.9017
comcat_himalaya_m4,lightgbm,346,0.902,0.902
comcat_himalaya_m4,lightgbm,347,0.8994,0.8994
comcat_himalaya_m4,lightgbm,348,0.8997,0.8997
comcat_himalaya_m4,lightgbm,349,0.9,0.9
comcat_himalaya_m4,lightgbm,350,0.9003,0.9003
comcat_himalaya_m4,lightgbm,351,0.8977,0.8977
comcat_himalaya_m4,lightgbm,352,0.898,0.898
comcat_himalaya_m4,lightgbm,353,0.8983,0.8983
comcat_himalaya_m4,lightgbm,354,0.8986,0.8986
comcat_himalaya_m4,lightgbm,355,0.8989,0.8989
comcat_himalaya_m4,lightgbm,356,0.8992,0.8992
comcat_himalaya_m4,lightgbm,357,0.8994,0.8994
comcat_himalaya_m4,lightgbm,358,0.8997,0.8997
comcat_himalaya_m4,lightgbm,359,0.9,0.9
comcat_himalaya_m4,lightgbm,360,0.9003,0.9003
comcat_himalaya_m4,lightgbm,361,0.9006,0.9006
comcat_himalaya_m4,lightgbm,362,0.9008,0.9008
comcat_himalaya_m4,lightgbm,363,0.9011,0.9011
comcat_himalaya_m4,lightgbm,364,0.9014,0.9014
comcat_himalaya_m4,lightgbm,365,0.9016,0.9016
comcat_himalaya_m4,lightgbm,366,0.9019,0.9019
comcat_himalaya_m4,lightgbm,367,0.9022,0.9022
comcat_himalaya_m4,lightgbm,368,0.9024,0.9024
comcat_himalaya_m4,lightgbm,369,0.9027,0.9027
comcat_himalaya_m4,lightgbm,370,0.903,0.903
comcat_himalaya_m4,lightgbm,371,0.9032,0.9032
comcat_himalaya_m4,lightgbm,372,0.9035,0.9035
comcat_himalaya_m4,lightgbm,373,0.9037,0.9037
comcat_himalaya_m4,lightgbm,374,0.904,0.904
comcat_himalaya_m4,lightgbm,375,0.9043,0.9043
comcat_himalaya_m4,lightgbm,376,0.9045,0.9045
comcat_himalaya_m4,lightgbm,377,0.9048,0.9048
comcat_himalaya_m4,lightgbm,378,0.905,0.905
comcat_himalaya_m4,lightgbm,379,0.9053,0.9053
comcat_himalaya_m4,lightgbm,380,0.9055,0.9055
comcat_himalaya_m4,lightgbm,381,0.9058,0.9058
comcat_himalaya_m4,lightgbm,382,0.906,0.906
comcat_himalaya_m4,lightgbm,383,0.9062,0.9062
comcat_himalaya_m4,lightgbm,384,0.9065,0.9065
comcat_himalaya_m4,lightgbm,385,0.9067,0.9067
comcat_himalaya_m4,lightgbm,386,0.907,0.907
comcat_himalaya_m4,lightgbm,387,0.9072,0.9072
comcat_himalaya_m4,lightgbm,388,0.9075,0.9075
comcat_himalaya_m4,lightgbm,389,0.9077,0.9077
comcat_himalaya_m4,lightgbm,390,0.9079,0.9079
comcat_himalaya_m4,lightgbm,391,0.9082,0.9082
comcat_himalaya_m4,lightgbm,392,0.9084,0.9084
comcat_himalaya_m4,lightgbm,393,0.9086,0.9086
comcat_himalaya_m4,lightgbm,394,0.9089,0.9089
comcat_himalaya_m4,lightgbm,395,0.9091,0.9091
comcat_himalaya_m4,lightgbm,396,0.9093,0.9093
comcat_himalaya_m4,lightgbm,397,0.9095,0.9095
comcat_himalaya_m4,lightgbm,398,0.9098,0.9098
comcat_himalaya_m4,lightgbm,399,0.91,0.91
comcat_himalaya_m4,lightgbm,400,0.9102,0.9102
comcat_himalaya_m4,lightgbm,401,0.9104,0.9104
comcat_himalaya_m4,lightgbm,402,0.9107,0.9107
comcat_himalaya_m4,lightgbm,403,0.9109,0.9109
comcat_himalaya_m4,lightgbm,404,0.9111,0.9111
comcat_himalaya_m4,lightgbm,405,0.9113,0.9113
comcat_himalaya_m4,lightgbm,406,0.9115,0.9115
comcat_himalaya_m4,lightgbm,407,0.9118,0.9118
comcat_himalaya_m4,lightgbm,408,0.912,0.912
comcat_himalaya_m4,lightgbm,409,0.9122,0.9122
comcat_himalaya_m4,lightgbm,410,0.9124,0.9124
comcat_himalaya_m4,lightgbm,411,0.9126,0.9126
comcat_himalaya_m4,lightgbm,412,0.9128,0.9128
comcat_himalaya_m4,lightgbm,413,0.913,0.913
comcat_himalaya_m4,lightgbm,414,0.9133,0.9133
comcat_himalaya_m4,lightgbm,415,0.9135,0.9135
comcat_himalaya_m4,lightgbm,416,0.9137,0.9137
comcat_himalaya_m4,lightgbm,417,0.9139,0.9139
comcat_himalaya_m4,lightgbm,418,0.9141,0.9141
comcat_himalaya_m4,lightgbm,419,0.9143,0.9143
comcat_himalaya_m4,lightgbm,420,0.9145,0.9145
comcat_himalaya_m4,lightgbm,421,0.9147,0.9147
comcat_himalaya_m4,lightgbm,422,0.9149,0.9149
comcat_himalaya_m4,lightgbm,423,0.9151,0.9151
comcat_himalaya_m4,lightgbm,424,0.9153,0.9153
comcat_himalaya_m4,lightgbm,425,0.9131,0.9131
comcat_himalaya_m4,lightgbm,426,0.9133,0.9133
comcat_himalaya_m4,lightgbm,427,0.9136,0.9136
comcat_himalaya_m4,lightgbm,428,0.9138,0.9138
comcat_himalaya_m4,lightgbm,429,0.914,0.914
comcat_himalaya_m4,lightgbm,430,0.9142,0.9142
comcat_himalaya_m4,lightgbm,431,0.9144,0.9144
comcat_himalaya_m4,lightgbm,432,0.9145,0.9145
comcat_himalaya_m4,lightgbm,433,0.9147,0.9147
comcat_himalaya_m4,lightgbm,434,0.9149,0.9149
comcat_himalaya_m4,lightgbm,435,0.9151,0.9151
comcat_himalaya_m4,lightgbm,436,0.9153,0.9153
comcat_himalaya_m4,lightgbm,437,0.9155,0.9155
comcat_himalaya_m4,lightgbm,438,0.9157,0.9157
comcat_himalaya_m4,lightgbm,439,0.9159,0.9159
comcat_himalaya_m4,lightgbm,440,0.9161,0.9161
comcat_himalaya_m4,lightgbm,441,0.9163,0.9163
comcat_himalaya_m4,lightgbm,442,0.9165,0.9165
comcat_himalaya_m4,lightgbm,443,0.9167,0.9167
comcat_himalaya_m4,lightgbm,444,0.9146,0.9146
comcat_himalaya_m4,lightgbm,445,0.9148,0.9148
comcat_himalaya_m4,lightgbm,446,0.9128,0.9128
comcat_himalaya_m4,lightgbm,447,0.9129,0.9129
comcat_himalaya_m4,lightgbm,448,0.9131,0.9131
comcat_himalaya_m4,lightgbm,449,0.9133,0.9133
comcat_himalaya_m4,lightgbm,450,0.9135,0.9135
comcat_himalaya_m4,lightgbm,451,0.9137,0.9137
comcat_himalaya_m4,lightgbm,452,0.9139,0.9139
comcat_himalaya_m4,lightgbm,453,0.9119,0.9119
comcat_himalaya_m4,lightgbm,454,0.9121,0.9121
comcat_himalaya_m4,lightgbm,455,0.9123,0.9123
comcat_himalaya_m4,lightgbm,456,0.9125,0.9125
comcat_himalaya_m4,lightgbm,457,0.9127,0.9127
comcat_himalaya_m4,lightgbm,458,0.9129,0.9129
comcat_himalaya_m4,lightgbm,459,0.913,0.913
comcat_himalaya_m4,lightgbm,460,0.9111,0.9111
comcat_himalaya_m4,lightgbm,461,0.9113,0.9113
comcat_himalaya_m4,lightgbm,462,0.9114,0.9114
comcat_himalaya_m4,lightgbm,463,0.9116,0.9116
comcat_himalaya_m4,lightgbm,464,0.9118,0.9118
comcat_himalaya_m4,lightgbm,465,0.912,0.912
comcat_himalaya_m4,lightgbm,466,0.9122,0.9122
comcat_himalaya_m4,lightgbm,467,0.9124,0.9124
comcat_himalaya_m4,lightgbm,468,0.9126,0.9126
comcat_himalaya_m4,lightgbm,469,0.9128,0.9128
comcat_himalaya_m4,lightgbm,470,0.913,0.913
comcat_himalaya_m4,lightgbm,471,0.9131,0.9131
comcat_himalaya_m4,lightgbm,472,0.9133,0.9133
comcat_himalaya_m4,lightgbm,473,0.9135,0.9135
comcat_himalaya_m4,lightgbm,474,0.9137,0.9137
comcat_himalaya_m4,lightgbm,475,0.9139,0.9139
comcat_himalaya_m4,lightgbm,476,0.914,0.914
comcat_himalaya_m4,lightgbm,477,0.9121,0.9121
comcat_himalaya_m4,lightgbm,478,0.9123,0.9123
comcat_himalaya_m4,lightgbm,479,0.9125,0.9125
comcat_himalaya_m4,lightgbm,480,0.9127,0.9127
comcat_himalaya_m4,lightgbm,481,0.9129,0.9129
comcat_himalaya_m4,lightgbm,482,0.913,0.913
comcat_himalaya_m4,lightgbm,483,0.9132,0.9132
comcat_himalaya_m4,lightgbm,484,0.9134,0.9134
comcat_himalaya_m4,lightgbm,485,0.9115,0.9115
comcat_himalaya_m4,lightgbm,486,0.9117,0.9117
comcat_himalaya_m4,lightgbm,487,0.9119,0.9119
comcat_himalaya_m4,lightgbm,488,0.9121,0.9121
comcat_himalaya_m4,lightgbm,489,0.9122,0.9122
comcat_himalaya_m4,lightgbm,490,0.9104,0.9104
comcat_himalaya_m4,lightgbm,491,0.9106,0.9106
comcat_himalaya_m4,lightgbm,492,0.9108,0.9108
comcat_himalaya_m4,lightgbm,493,0.9109,0.9109
comcat_himalaya_m4,lightgbm,494,0.9111,0.9111
comcat_himalaya_m4,lightgbm,495,0.9113,0.9113
comcat_himalaya_m4,lightgbm,496,0.9115,0.9115
comcat_himalaya_m4,lightgbm,497,0.9116,0.9116
comcat_himalaya_m4,lightgbm,498,0.9118,0.9118
comcat_himalaya_m4,lightgbm,499,0.912,0.912
comcat_himalaya_m4,lightgbm,500,0.9122,0.9122
comcat_himalaya_m4,lightgbm,501,0.9124,0.9124
comcat_himalaya_m4,lightgbm,502,0.9125,0.9125
comcat_himalaya_m4,lightgbm,503,0.9127,0.9127
comcat_himalaya_m4,lightgbm,504,0.9129,0.9129
comcat_himalaya_m4,lightgbm,505,0.913,0.913
comcat_himalaya_m4,lightgbm,506,0.9112,0.9112
comcat_himalaya_m4,lightgbm,507,0.9114,0.9114
comcat_himalaya_m4,lightgbm,508,0.9116,0.9116
comcat_himalaya_m4,lightgbm,509,0.9118,0.9118
comcat_himalaya_m4,lightgbm,510,0.9119,0.9119
comcat_himalaya_m4,lightgbm,511,0.9121,0.9121
comcat_himalaya_m4,lightgbm,512,0.9123,0.9123
comcat_himalaya_m4,lightgbm,513,0.9105,0.9105
comcat_himalaya_m4,lightgbm,514,0.9107,0.9107
comcat_himalaya_m4,lightgbm,515,0.9109,0.9109
comcat_himalaya_m4,lightgbm,516,0.911,0.911
comcat_himalaya_m4,lightgbm,517,0.9112,0.9112
comcat_himalaya_m4,lightgbm,518,0.9114,0.9114
comcat_himalaya_m4,lightgbm,519,0.9115,0.9115
comcat_himalaya_m4,lightgbm,520,0.9117,0.9117
comcat_himalaya_m4,lightgbm,521,0.9119,0.9119
comcat_himalaya_m4,lightgbm,522,0.912,0.912
comcat_himalaya_m4,lightgbm,523,0.9122,0.9122
comcat_himalaya_m4,lightgbm,524,0.9105,0.9105
comcat_himalaya_m4,lightgbm,525,0.9106,0.9106
comcat_himalaya_m4,lightgbm,526,0.9108,0.9108
comcat_himalaya_m4,lightgbm,527,0.911,0.911
comcat_himalaya_m4,lightgbm,528,0.9112,0.9112
comcat_himalaya_m4,lightgbm,529,0.9113,0.9113
comcat_himalaya_m4,lightgbm,530,0.9115,0.9115
comcat_himalaya_m4,lightgbm,531,0.9117,0.9117
comcat_himalaya_m4,lightgbm,532,0.9118,0.9118
comcat_himalaya_m4,lightgbm,533,0.912,0.912
comcat_himalaya_m4,lightgbm,534,0.9121,0.9121
comcat_himalaya_m4,lightgbm,535,0.9123,0.9123
comcat_himalaya_m4,lightgbm,536,0.9125,0.9125
comcat_himalaya_m4,lightgbm,537,0.9126,0.9126
comcat_himalaya_m4,lightgbm,538,0.9128,0.9128
comcat_himalaya_m4,lightgbm,539,0.913,0.913
comcat_himalaya_m4,lightgbm,540,0.9113,0.9113
comcat_himalaya_m4,lightgbm,541,0.9114,0.9114
comcat_himalaya_m4,lightgbm,542,0.9116,0.9116
comcat_himalaya_m4,lightgbm,543,0.9118,0.9118
comcat_himalaya_m4,lightgbm,544,0.9119,0.9119
comcat_himalaya_m4,lightgbm,545,0.9121,0.9121
comcat_himalaya_m4,lightgbm,546,0.9122,0.9122
comcat_himalaya_m4,lightgbm,547,0.9106,0.9106
comcat_himalaya_m4,lightgbm,548,0.9089,0.9089
comcat_himalaya_m4,lightgbm,549,0.9091,0.9091
comcat_himalaya_m4,lightgbm,550,0.9074,0.9074
comcat_himalaya_m4,lightgbm,551,0.9076,0.9076
comcat_himalaya_m4,lightgbm,552,0.906,0.906
comcat_himalaya_m4,lightgbm,553,0.9061,0.9061
comcat_himalaya_m4,lightgbm,554,0.9063,0.9063
comcat_himalaya_m4,lightgbm,555,0.9065,0.9065
comcat_himalaya_m4,lightgbm,556,0.9066,0.9066
comcat_himalaya_m4,lightgbm,557,0.9068,0.9068
comcat_himalaya_m4,lightgbm,558,0.907,0.907
comcat_himalaya_m4,lightgbm,559,0.9054,0.9054
comcat_himalaya_m4,lightgbm,560,0.9055,0.9055
comcat_himalaya_m4,lightgbm,561,0.9057,0.9057
comcat_himalaya_m4,lightgbm,562,0.9059,0.9059
comcat_himalaya_m4,lightgbm,563,0.906,0.906
comcat_himalaya_m4,lightgbm,564,0.9062,0.9062
comcat_himalaya_m4,lightgbm,565,0.9064,0.9064
comcat_himalaya_m4,lightgbm,566,0.9065,0.9065
comcat_himalaya_m4,lightgbm,567,0.9067,0.9067
comcat_himalaya_m4,lightgbm,568,0.9069,0.9069
comcat_himalaya_m4,lightgbm,569,0.907,0.907
comcat_himalaya_m4,lightgbm,570,0.9072,0.9072
comcat_himalaya_m4,lightgbm,571,0.9073,0.9073
comcat_himalaya_m4,lightgbm,572,0.9075,0.9075
comcat_himalaya_m4,lightgbm,573,0.9077,0.9077
comcat_himalaya_m4,lightgbm,574,0.9078,0.9078
comcat_himalaya_m4,lightgbm,575,0.908,0.908
comcat_himalaya_m4,lightgbm,576,0.9081,0.9081
comcat_himalaya_m4,lightgbm,577,0.9083,0.9083
comcat_himalaya_m4,lightgbm,578,0.9085,0.9085
comcat_himalaya_m4,lightgbm,579,0.9086,0.9086
comcat_himalaya_m4,lightgbm,580,0.9088,0.9088
comcat_himalaya_m4,lightgbm,581,0.9089,0.9089
comcat_himalaya_m4,lightgbm,582,0.9091,0.9091
comcat_himalaya_m4,lightgbm,583,0.9092,0.9092
comcat_himalaya_m4,lightgbm,584,0.9094,0.9094
comcat_himalaya_m4,lightgbm,585,0.9096,0.9096
comcat_himalaya_m4,lightgbm,586,0.9097,0.9097
comcat_himalaya_m4,lightgbm,587,0.9099,0.9099
comcat_himalaya_m4,lightgbm,588,0.91,0.91
comcat_himalaya_m4,lightgbm,589,0.9102,0.9102
comcat_himalaya_m4,lightgbm,590,0.9103,0.9103
comcat_himalaya_m4,lightgbm,591,0.9105,0.9105
comcat_himalaya_m4,lightgbm,592,0.9106,0.9106
comcat_himalaya_m4,lightgbm,593,0.9108,0.9108
comcat_himalaya_m4,lightgbm,594,0.9109,0.9109
comcat_himalaya_m4,lightgbm,595,0.9111,0.9111
comcat_himalaya_m4,lightgbm,596,0.9112,0.9112
comcat_himalaya_m4,lightgbm,597,0.9114,0.9114
comcat_himalaya_m4,lightgbm,598,0.9115,0.9115
comcat_himalaya_m4,lightgbm,599,0.9117,0.9117
comcat_himalaya_m4,lightgbm,600,0.9118,0.9118
comcat_himalaya_m4,lightgbm,601,0.912,0.912
comcat_himalaya_m4,lightgbm,602,0.9121,0.9121
comcat_himalaya_m4,lightgbm,603,0.9123,0.9123
comcat_himalaya_m4,lightgbm,604,0.9124,0.9124
comcat_himalaya_m4,lightgbm,605,0.9125,0.9125
comcat_himalaya_m4,lightgbm,606,0.9127,0.9127
comcat_himalaya_m4,lightgbm,607,0.9128,0.9128
comcat_himalaya_m4,lightgbm,608,0.913,0.913
comcat_himalaya_m4,lightgbm,609,0.9131,0.9131
comcat_himalaya_m4,lightgbm,610,0.9133,0.9133
comcat_himalaya_m4,lightgbm,611,0.9134,0.9134
comcat_himalaya_m4,lightgbm,612,0.9135,0.9135
comcat_himalaya_m4,lightgbm,613,0.9137,0.9137
comcat_himalaya_m4,lightgbm,614,0.9122,0.9122
comcat_himalaya_m4,lightgbm,615,0.9123,0.9123
comcat_himalaya_m4,lightgbm,616,0.9125,0.9125
comcat_himalaya_m4,lightgbm,617,0.911,0.911
comcat_himalaya_m4,lightgbm,618,0.9111,0.9111
comcat_himalaya_m4,lightgbm,619,0.9113,0.9113
comcat_himalaya_m4,lightgbm,620,0.9098,0.9098
comcat_himalaya_m4,lightgbm,621,0.91,0.91
comcat_himalaya_m4,lightgbm,622,0.9101,0.9101
comcat_himalaya_m4,lightgbm,623,0.9087,0.9087
comcat_himalaya_m4,lightgbm,624,0.9088,0.9088
comcat_himalaya_m4,lightgbm,625,0.9089,0.9089
comcat_himalaya_m4,lightgbm,626,0.9091,0.9091
comcat_himalaya_m4,lightgbm,627,0.9092,0.9092
comcat_himalaya_m4,lightgbm,628,0.9078,0.9078
comcat_himalaya_m4,lightgbm,629,0.9079,0.9079
comcat_himalaya_m4,lightgbm,630,0.9081,0.9081
comcat_himalaya_m4,lightgbm,631,0.9082,0.9082
comcat_himalaya_m4,lightgbm,632,0.9084,0.9084
comcat_himalaya_m4,lightgbm,633,0.9069,0.9069
comcat_himalaya_m4,lightgbm,634,0.9071,0.9071
comcat_himalaya_m4,lightgbm,635,0.9072,0.9072
comcat_himalaya_m4,lightgbm,636,0.9074,0.9074
comcat_himalaya_m4,lightgbm,637,0.906,0.906
comcat_himalaya_m4,lightgbm,638,0.9061,0.9061
comcat_himalaya_m4,lightgbm,639,0.9062,0.9062
comcat_himalaya_m4,lightgbm,640,0.9064,0.9064
comcat_himalaya_m4,lightgbm,641,0.9065,0.9065
comcat_himalaya_m4,lightgbm,642,0.9067,0.9067
comcat_himalaya_m4,lightgbm,643,0.9068,0.9068
comcat_himalaya_m4,lightgbm,644,0.907,0.907
comcat_himalaya_m4,lightgbm,645,0.9071,0.9071
comcat_himalaya_m4,lightgbm,646,0.9073,0.9073
comcat_himalaya_m4,lightgbm,647,0.9074,0.9074
comcat_himalaya_m4,lightgbm,648,0.9076,0.9076
comcat_himalaya_m4,lightgbm,649,0.9077,0.9077
comcat_himalaya_m4,lightgbm,650,0.9078,0.9078
comcat_himalaya_m4,lightgbm,651,0.908,0.908
comcat_himalaya_m4,lightgbm,652,0.9066,0.9066
comcat_himalaya_m4,lightgbm,653,0.9067,0.9067
comcat_himalaya_m4,lightgbm,654,0.9053,0.9053
comcat_himalaya_m4,lightgbm,655,0.9055,0.9055
comcat_himalaya_m4,lightgbm,656,0.9056,0.9056
comcat_himalaya_m4,lightgbm,657,0.9058,0.9058
comcat_himalaya_m4,lightgbm,658,0.9059,0.9059
comcat_himalaya_m4,lightgbm,659,0.9061,0.9061
comcat_himalaya_m4,lightgbm,660,0.9062,0.9062
comcat_himalaya_m4,lightgbm,661,0.9063,0.9063
comcat_himalaya_m4,lightgbm,662,0.9065,0.9065
comcat_himalaya_m4,lightgbm,663,0.9066,0.9066
comcat_himalaya_m4,lightgbm,664,0.9068,0.9068
comcat_himalaya_m4,lightgbm,665,0.9069,0.9069
comcat_himalaya_m4,lightgbm,666,0.907,0.907
comcat_himalaya_m4,lightgbm,667,0.9072,0.9072
comcat_himalaya_m4,lightgbm,668,0.9073,0.9073
comcat_himalaya_m4,lightgbm,669,0.9075,0.9075
comcat_himalaya_m4,lightgbm,670,0.9076,0.9076
comcat_himalaya_m4,lightgbm,671,0.9077,0.9077
comcat_himalaya_m4,lightgbm,672,0.9064,0.9064
comcat_himalaya_m4,lightgbm,673,0.9065,0.9065
comcat_himalaya_m4,lightgbm,674,0.9067,0.9067
comcat_himalaya_m4,lightgbm,675,0.9068,0.9068
comcat_himalaya_m4,lightgbm,676,0.9069,0.9069
comcat_himalaya_m4,lightgbm,677,0.9071,0.9071
comcat_himalaya_m4,lightgbm,678,0.9072,0.9072
comcat_himalaya_m4,lightgbm,679,0.9074,0.9074
comcat_himalaya_m4,lightgbm,680,0.9075,0.9075
comcat_himalaya_m4,lightgbm,681,0.9076,0.9076
comcat_himalaya_m4,lightgbm,682,0.9078,0.9078
comcat_himalaya_m4,lightgbm,683,0.9079,0.9079
comcat_himalaya_m4,lightgbm,684,0.908,0.908
comcat_himalaya_m4,lightgbm,685,0.9067,0.9067
comcat_himalaya_m4,lightgbm,686,0.9068,0.9068
comcat_himalaya_m4,lightgbm,687,0.907,0.907
comcat_himalaya_m4,lightgbm,688,0.9071,0.9071
comcat_himalaya_m4,lightgbm,689,0.9072,0.9072
comcat_himalaya_m4,lightgbm,690,0.9074,0.9074
comcat_himalaya_m4,lightgbm,691,0.9061,0.9061
comcat_himalaya_m4,lightgbm,692,0.9048,0.9048
comcat_himalaya_m4,lightgbm,693,0.9049,0.9049
comcat_himalaya_m4,lightgbm,694,0.905,0.905
comcat_himalaya_m4,lightgbm,695,0.9052,0.9052
comcat_himalaya_m4,lightgbm,696,0.9053,0.9053
comcat_himalaya_m4,lightgbm,697,0.9054,0.9054
comcat_himalaya_m4,lightgbm,698,0.9056,0.9056
comcat_himalaya_m4,lightgbm,699,0.9057,0.9057
comcat_himalaya_m4,lightgbm,700,0.9044,0.9044
comcat_himalaya_m4,lightgbm,701,0.9046,0.9046
comcat_himalaya_m4,lightgbm,702,0.9047,0.9047
comcat_himalaya_m4,lightgbm,703,0.9048,0.9048
comcat_himalaya_m4,lightgbm,704,0.905,0.905
comcat_himalaya_m4,lightgbm,705,0.9051,0.9051
comcat_himalaya_m4,lightgbm,706,0.9052,0.9052
