time,mc,n,catalog
1930-10-27 23:28:33.950000+00:00,6.100000000000002,500,comcat_global_m4
1931-08-17 17:48:50.090000+00:00,6.100000000000002,500,comcat_global_m4
1932-07-26 06:51:56.650000+00:00,6.200000000000002,500,comcat_global_m4
1933-03-23 08:40:00.030000+00:00,5.900000000000002,500,comcat_global_m4
1934-01-20 21:17:00+00:00,6.000000000000003,500,comcat_global_m4
1934-11-04 03:14:21.370000+00:00,6.000000000000003,500,comcat_global_m4
1935-10-10 20:08:10.300000+00:00,5.900000000000002,500,comcat_global_m4
1936-08-14 22:34:56.250000+00:00,5.900000000000002,500,comcat_global_m4
1937-07-14 22:28:15.510000+00:00,5.900000000000002,500,comcat_global_m4
1938-06-16 02:15:18.540000+00:00,5.900000000000002,500,comcat_global_m4
1939-02-03 20:13:17.520000+00:00,6.000000000000003,500,comcat_global_m4
1940-02-12 05:25:49.830000+00:00,6.000000000000003,500,comcat_global_m4
1940-12-28 16:37:44.790000+00:00,6.200000000000002,500,comcat_global_m4
1942-03-03 01:03:25.850000+00:00,6.400000000000003,500,comcat_global_m4
1943-06-15 18:21:47.370000+00:00,6.400000000000003,500,comcat_global_m4
1945-01-15 05:30:11.140000+00:00,6.200000000000002,500,comcat_global_m4
1946-07-25 16:42:14.690000+00:00,6.400000000000003,500,comcat_global_m4
1948-01-17 02:26:23.760000+00:00,6.200000000000002,500,comcat_global_m4
1949-04-20 03:29:09.810000+00:00,6.200000000000002,500,comcat_global_m4
1950-08-15 23:44:45.540000+00:00,6.100000000000002,500,comcat_global_m4
1951-06-25 15:43:36.310000+00:00,6.200000000000002,500,comcat_global_m4
1952-04-01 00:37:41+00:00,6.100000000000002,500,comcat_global_m4
1952-08-17 21:04:41.250000+00:00,6.100000000000002,500,comcat_global_m4
1953-03-19 12:53:43.810000+00:00,6.200000000000002,500,comcat_global_m4
1954-02-01 05:07:37.470000+00:00,6.100000000000002,500,comcat_global_m4
1954-10-24 10:42:26.050000+00:00,6.100000000000002,500,comcat_global_m4
1955-07-02 16:29:39.740000+00:00,6.200000000000002,500,comcat_global_m4
1956-03-03 10:13:47.220000+00:00,4.2,500,comcat_global_m4
1956-12-03 07:20:09.690000+00:00,6.000000000000003,500,comcat_global_m4
1957-06-23 03:27:05.060000+00:00,6.200000000000002,500,comcat_global_m4
1958-03-15 06:27:12.440000+00:00,5.900000000000002,500,comcat_global_m4
1958-11-08 09:22:57.470000+00:00,6.000000000000003,500,comcat_global_m4
1959-07-12 19:22:01.990000+00:00,5.900000000000002,500,comcat_global_m4
1960-02-23 07:34:36.170000+00:00,6.000000000000003,500,comcat_global_m4
1960-12-01 20:49:51.200000+00:00,6.000000000000003,500,comcat_global_m4
1961-09-01 18:50:36.550000+00:00,6.100000000000002,500,comcat_global_m4
1962-08-19 18:26:41.340000+00:00,6.100000000000002,500,comcat_global_m4
1963-06-03 07:35:52.370000+00:00,5.900000000000002,500,comcat_global_m4
1964-01-10 04:50:55.480000+00:00,5.900000000000002,500,comcat_global_m4
1964-05-19 10:39:28.290000+00:00,5.700000000000002,500,comcat_global_m4
1964-10-15 20:26:53.940000+00:00,5.700000000000002,500,comcat_global_m4
1965-03-03 07:20:43.720000+00:00,5.700000000000002,500,comcat_global_m4
1965-07-13 14:41:04.210000+00:00,5.700000000000002,500,comcat_global_m4
1965-12-07 22:19:17.790000+00:00,5.700000000000002,500,comcat_global_m4
1966-05-11 21:39:37.230000+00:00,5.700000000000002,500,comcat_global_m4
1966-09-25 06:02:29.780000+00:00,5.700000000000002,500,comcat_global_m4
1967-02-28 09:37:19.530000+00:00,5.700000000000002,500,comcat_global_m4
1967-08-09 07:14:09.320000+00:00,5.700000000000002,500,comcat_global_m4
1968-01-07 11:12:32.630000+00:00,5.700000000000002,500,comcat_global_m4
1968-05-24 20:57:26.420000+00:00,5.700000000000002,500,comcat_global_m4
1968-08-28 11:50:32.560000+00:00,5.700000000000002,500,comcat_global_m4
1969-01-14 23:12:09.210000+00:00,5.700000000000002,500,comcat_global_m4
1969-06-09 06:51:18.490000+00:00,5.700000000000002,500,comcat_global_m4
1969-09-20 08:56:44.920000+00:00,5.700000000000002,500,comcat_global_m4
1970-02-19 10:47:38.370000+00:00,5.700000000000002,500,comcat_global_m4
1970-06-15 00:42:52.750000+00:00,5.700000000000002,500,comcat_global_m4
1970-11-17 02:13:54.100000+00:00,5.700000000000002,500,comcat_global_m4
1971-02-25 14:36:02.930000+00:00,5.700000000000002,500,comcat_global_m4
1971-05-29 08:52:45.830000+00:00,5.300000000000002,500,comcat_global_m4
1971-08-14 00:15:19.090000+00:00,5.500000000000002,500,comcat_global_m4
1971-11-26 23:07:48.410000+00:00,5.500000000000002,500,comcat_global_m4
1972-03-20 07:51:05.120000+00:00,5.700000000000002,500,comcat_global_m4
1972-06-28 09:49:36.050000+00:00,5.400000000000001,500,comcat_global_m4
1972-09-22 11:45:11.520000+00:00,5.700000000000002,500,comcat_global_m4
1973-01-01 21:41:17.100000+00:00,4.6000000000000005,500,comcat_global_m4
1973-01-25 22:25:59.500000+00:00,4.6000000000000005,500,comcat_global_m4
1973-02-20 15:19:51.700000+00:00,4.6000000000000005,500,comcat_global_m4
1973-03-15 07:34:50.500000+00:00,4.6000000000000005,500,comcat_global_m4
1973-04-06 01:48:00.300000+00:00,4.6000000000000005,500,comcat_global_m4
1973-04-26 02:01:04.700000+00:00,4.6000000000000005,500,comcat_global_m4
1973-05-22 15:26:08.900000+00:00,4.6000000000000005,500,comcat_global_m4
1973-06-15 12:11:02.300000+00:00,4.6000000000000005,500,comcat_global_m4
1973-06-29 17:52:00.800000+00:00,4.6000000000000005,500,comcat_global_m4
1973-07-18 22:17:19.300000+00:00,4.6000000000000005,500,comcat_global_m4
1973-08-07 15:54:23+00:00,4.6000000000000005,500,comcat_global_m4
1973-09-05 13:03:13.900000+00:00,4.6000000000000005,500,comcat_global_m4
1973-10-01 11:50:15.700000+00:00,4.6000000000000005,500,comcat_global_m4
1973-10-24 04:43:26.600000+00:00,4.6000000000000005,500,comcat_global_m4
1973-11-17 14:28:48.100000+00:00,4.6000000000000005,500,comcat_global_m4
1973-12-09 07:27:44.700000+00:00,4.6000000000000005,500,comcat_global_m4
1974-01-02 05:46:14.500000+00:00,4.6000000000000005,500,comcat_global_m4
1974-01-26 06:18:58.500000+00:00,4.6000000000000005,500,comcat_global_m4
1974-02-18 09:59:45.700000+00:00,4.6000000000000005,500,comcat_global_m4
1974-03-16 15:57:41.800000+00:00,4.6000000000000005,500,comcat_global_m4
1974-04-10 22:43:00.600000+00:00,4.6000000000000005,500,comcat_global_m4
1974-05-03 23:20:19.500000+00:00,4.6000000000000005,500,comcat_global_m4
1974-05-23 21:31:44.100000+00:00,4.6000000000000005,500,comcat_global_m4
1974-06-16 13:18:46+00:00,4.6000000000000005,500,comcat_global_m4
1974-07-10 00:04:17.500000+00:00,4.6000000000000005,500,comcat_global_m4
1974-07-26 12:47:11.900000+00:00,4.6000000000000005,500,comcat_global_m4
1974-08-13 14:16:06.200000+00:00,4.6000000000000005,500,comcat_global_m4
1974-09-01 11:00:58.100000+00:00,4.6000000000000005,500,comcat_global_m4
1974-09-27 05:47:29.400000+00:00,4.6000000000000005,500,comcat_global_m4
1974-10-18 09:26:50.300000+00:00,4.6000000000000005,500,comcat_global_m4
1974-11-12 22:49:02.040000+00:00,4.6000000000000005,500,comcat_global_m4
1974-12-08 01:46:28.700000+00:00,4.6000000000000005,500,comcat_global_m4
1975-01-01 11:02:07.180000+00:00,4.6000000000000005,500,comcat_global_m4
1975-01-23 14:19:14.900000+00:00,4.6000000000000005,500,comcat_global_m4
1975-02-15 08:20:40.800000+00:00,4.6000000000000005,500,comcat_global_m4
1975-03-11 07:11:06+00:00,4.6000000000000005,500,comcat_global_m4
1975-04-06 00:12:02.800000+00:00,4.6000000000000005,500,comcat_global_m4
1975-04-23 05:12:49.100000+00:00,4.6000000000000005,500,comcat_global_m4
1975-05-13 20:32:13.200000+00:00,4.6000000000000005,500,comcat_global_m4
1975-06-04 05:52:32.400000+00:00,4.6000000000000005,500,comcat_global_m4
1975-06-14 19:14:02.500000+00:00,4.6000000000000005,500,comcat_global_m4
1975-07-02 08:29:29.600000+00:00,4.6000000000000005,500,comcat_global_m4
1975-07-24 05:39:57.100000+00:00,4.6000000000000005,500,comcat_global_m4
1975-08-14 20:18:41.100000+00:00,4.6000000000000005,500,comcat_global_m4
1975-09-13 13:30:12.700000+00:00,4.6000000000000005,500,comcat_global_m4
1975-10-08 23:14:02.600000+00:00,4.6000000000000005,500,comcat_global_m4
1975-11-04 11:29:59.600000+00:00,4.6000000000000005,500,comcat_global_m4
1975-11-27 20:11:37.700000+00:00,4.6000000000000005,500,comcat_global_m4
1975-12-22 06:42:30.500000+00:00,4.6000000000000005,500,comcat_global_m4
1976-01-07 06:34:56+00:00,4.6000000000000005,500,comcat_global_m4
1976-01-21 14:32:19.200000+00:00,4.6000000000000005,500,comcat_global_m4
1976-02-03 11:12:59.600000+00:00,4.6000000000000005,500,comcat_global_m4
1976-02-26 11:19:26.500000+00:00,4.6000000000000005,500,comcat_global_m4
1976-03-25 00:41:20.500000+00:00,4.6000000000000005,500,comcat_global_m4
1976-04-17 02:11:44.200000+00:00,4.6000000000000005,500,comcat_global_m4
1976-05-10 12:01:32.500000+00:00,4.6000000000000005,500,comcat_global_m4
1976-05-31 04:29:32.900000+00:00,4.6000000000000005,500,comcat_global_m4
1976-06-21 22:04:55.100000+00:00,4.6000000000000005,500,comcat_global_m4
1976-07-12 06:18:43.200000+00:00,4.6000000000000005,500,comcat_global_m4
1976-07-29 12:29:28.200000+00:00,4.6000000000000005,500,comcat_global_m4
1976-08-18 17:06:35.500000+00:00,4.6000000000000005,500,comcat_global_m4
1976-09-07 17:38:08.200000+00:00,4.6000000000000005,500,comcat_global_m4
1976-09-29 00:55:26.400000+00:00,4.6000000000000005,500,comcat_global_m4
1976-10-24 09:39:59.300000+00:00,4.6000000000000005,500,comcat_global_m4
1976-11-19 23:30:16.300000+00:00,4.6000000000000005,500,comcat_global_m4
1976-12-13 02:55:58.900000+00:00,4.6000000000000005,500,comcat_global_m4
1977-01-04 14:56:40.500000+00:00,4.6000000000000005,500,comcat_global_m4
1977-01-29 07:02:40+00:00,4.6000000000000005,500,comcat_global_m4
1977-02-25 01:40:05.900000+00:00,4.6000000000000005,500,comcat_global_m4
1977-03-21 06:28:40.500000+00:00,4.6000000000000005,500,comcat_global_m4
1977-04-10 02:46:19.900000+00:00,4.6000000000000005,500,comcat_global_m4
1977-04-25 15:08:35.800000+00:00,4.6000000000000005,500,comcat_global_m4
1977-05-19 00:08:15.500000+00:00,4.6000000000000005,500,comcat_global_m4
1977-06-10 02:35:14+00:00,4.6000000000000005,500,comcat_global_m4
1977-07-02 00:55:09+00:00,4.6000000000000005,500,comcat_global_m4
1977-07-27 15:26:42.600000+00:00,4.6000000000000005,500,comcat_global_m4
1977-08-19 22:22:52.500000+00:00,4.6000000000000005,500,comcat_global_m4
1977-09-04 19:23:00.500000+00:00,4.6000000000000005,500,comcat_global_m4
1977-09-27 08:40:54.500000+00:00,4.6000000000000005,500,comcat_global_m4
1977-10-18 23:24:39.200000+00:00,4.6000000000000005,500,comcat_global_m4
1977-11-09 11:20:32.800000+00:00,4.6000000000000005,500,comcat_global_m4
1977-11-28 09:16:43.500000+00:00,4.6000000000000005,500,comcat_global_m4
1977-12-21 02:08:10+00:00,4.6000000000000005,500,comcat_global_m4
1978-01-14 01:30:02+00:00,4.6000000000000005,500,comcat_global_m4
1978-02-07 15:33:00.700000+00:00,4.6000000000000005,500,comcat_global_m4
1978-02-27 01:17:49+00:00,4.6000000000000005,500,comcat_global_m4
1978-03-22 10:52:38.500000+00:00,4.6000000000000005,500,comcat_global_m4
1978-03-28 20:17:05.800000+00:00,4.6000000000000005,500,comcat_global_m4
1978-04-16 23:19:35.700000+00:00,4.6000000000000005,500,comcat_global_m4
1978-05-12 16:00:37.300000+00:00,4.6000000000000005,500,comcat_global_m4
1978-05-30 18:57:42.200000+00:00,4.6000000000000005,500,comcat_global_m4
1978-06-21 18:52:04.100000+00:00,4.6000000000000005,500,comcat_global_m4
1978-07-15 03:32:03.700000+00:00,4.6000000000000005,500,comcat_global_m4
1978-08-08 10:12:54+00:00,4.6000000000000005,500,comcat_global_m4
1978-09-03 20:33:45.600000+00:00,4.6000000000000005,500,comcat_global_m4
1978-09-26 13:39:04.100000+00:00,4.6000000000000005,500,comcat_global_m4
1978-10-27 03:18:33.600000+00:00,4.6000000000000005,500,comcat_global_m4
1978-11-17 22:44:46.500000+00:00,4.6000000000000005,500,comcat_global_m4
1978-12-09 03:23:41+00:00,4.6000000000000005,500,comcat_global_m4
1978-12-28 17:51:50.500000+00:00,4.6000000000000005,500,comcat_global_m4
1979-01-21 00:12:04.800000+00:00,4.6000000000000005,500,comcat_global_m4
1979-02-14 11:27:47+00:00,4.6000000000000005,500,comcat_global_m4
1979-03-08 00:01:59.500000+00:00,4.6000000000000005,500,comcat_global_m4
1979-03-23 17:21:55.400000+00:00,4.6000000000000005,500,comcat_global_m4
1979-04-14 08:57:06.800000+00:00,4.6000000000000005,500,comcat_global_m4
1979-04-30 17:00:06+00:00,4.6000000000000005,500,comcat_global_m4
1979-05-20 22:59:14.200000+00:00,4.6000000000000005,500,comcat_global_m4
1979-06-07 08:19:18.600000+00:00,4.6000000000000005,500,comcat_global_m4
1979-06-30 01:10:04.400000+00:00,4.6000000000000005,500,comcat_global_m4
1979-07-22 13:11:39.900000+00:00,4.6000000000000005,500,comcat_global_m4
1979-08-11 20:32:07.900000+00:00,4.6000000000000005,500,comcat_global_m4
1979-08-31 15:15:37.100000+00:00,4.6000000000000005,500,comcat_global_m4
1979-09-21 22:58:40.200000+00:00,4.6000000000000005,500,comcat_global_m4
1979-10-15 13:04:02.600000+00:00,4.6000000000000005,500,comcat_global_m4
1979-11-02 15:53:03.500000+00:00,4.6000000000000005,500,comcat_global_m4
1979-11-24 09:48:40.800000+00:00,4.6000000000000005,500,comcat_global_m4
1979-12-15 15:23:32.100000+00:00,4.6000000000000005,500,comcat_global_m4
1980-01-04 12:46:53.600000+00:00,4.6000000000000005,500,comcat_global_m4
1980-01-25 04:32:37.700000+00:00,4.6000000000000005,500,comcat_global_m4
1980-02-15 20:34:11.500000+00:00,4.6000000000000005,500,comcat_global_m4
1980-03-03 19:40:12+00:00,4.6000000000000005,500,comcat_global_m4
1980-03-21 20:29:36.300000+00:00,4.6000000000000005,500,comcat_global_m4
1980-04-04 02:52:54.400000+00:00,4.6000000000000005,500,comcat_global_m4
1980-04-20 18:39:39.200000+00:00,4.6000000000000005,500,comcat_global_m4
1980-05-06 19:25:38+00:00,4.0,500,comcat_global_m4
1980-05-24 23:01:23.690000+00:00,4.0,500,comcat_global_m4
1980-06-09 03:28:19.140000+00:00,4.6000000000000005,500,comcat_global_m4
1980-06-24 12:18:41.800000+00:00,4.6000000000000005,500,comcat_global_m4
1980-07-12 20:05:45.600000+00:00,4.6000000000000005,500,comcat_global_m4
1980-07-29 21:57:36.200000+00:00,4.6000000000000005,500,comcat_global_m4
1980-08-23 13:25:19.400000+00:00,4.6000000000000005,500,comcat_global_m4
1980-09-18 03:00:56.500000+00:00,4.6000000000000005,500,comcat_global_m4
1980-10-11 15:51:25.500000+00:00,4.6000000000000005,500,comcat_global_m4
1980-10-29 17:44:14+00:00,4.6000000000000005,500,comcat_global_m4
1980-11-20 16:24:03.700000+00:00,4.6000000000000005,500,comcat_global_m4
1980-12-09 06:35:15.900000+00:00,4.6000000000000005,500,comcat_global_m4
1981-01-01 12:44:07.300000+00:00,4.6000000000000005,500,comcat_global_m4
1981-01-23 12:21:05.800000+00:00,4.6000000000000005,500,comcat_global_m4
1981-02-13 19:58:52.250000+00:00,4.6000000000000005,500,comcat_global_m4
1981-03-03 17:00:51.320000+00:00,4.6000000000000005,500,comcat_global_m4
1981-03-24 12:19:53.930000+00:00,4.6000000000000005,500,comcat_global_m4
1981-04-16 12:09:51.570000+00:00,4.6000000000000005,500,comcat_global_m4
1981-05-07 04:28:20.260000+00:00,4.6000000000000005,500,comcat_global_m4
1981-05-28 10:55:15.150000+00:00,4.6000000000000005,500,comcat_global_m4
1981-06-20 04:09:59.350000+00:00,4.6000000000000005,500,comcat_global_m4
1981-07-08 09:43:20.040000+00:00,4.6000000000000005,500,comcat_global_m4
1981-07-25 03:58:41.010000+00:00,4.6000000000000005,500,comcat_global_m4
1981-08-13 21:19:23.420000+00:00,4.6000000000000005,500,comcat_global_m4
1981-09-03 05:45:02.290000+00:00,4.6000000000000005,500,comcat_global_m4
1981-09-21 21:19:09.780000+00:00,4.6000000000000005,500,comcat_global_m4
1981-10-12 12:24:13.350000+00:00,4.6000000000000005,500,comcat_global_m4
1981-11-05 15:15:23.210000+00:00,4.6000000000000005,500,comcat_global_m4
1981-11-27 08:16:30.620000+00:00,4.6000000000000005,500,comcat_global_m4
1981-12-22 05:02:17.330000+00:00,4.6000000000000005,500,comcat_global_m4
1982-01-09 12:53:51.880000+00:00,4.6000000000000005,500,comcat_global_m4
1982-01-26 13:23:09.870000+00:00,4.6000000000000005,500,comcat_global_m4
1982-02-18 11:33:12.130000+00:00,4.6000000000000005,500,comcat_global_m4
1982-03-09 11:34:00.280000+00:00,4.6000000000000005,500,comcat_global_m4
1982-03-27 18:40:48.110000+00:00,4.6000000000000005,500,comcat_global_m4
1982-04-17 19:59:33.920000+00:00,4.6000000000000005,500,comcat_global_m4
1982-05-07 05:38:34.890000+00:00,4.6000000000000005,500,comcat_global_m4
1982-05-24 11:30:41.870000+00:00,4.6000000000000005,500,comcat_global_m4
1982-06-13 06:24:22.600000+00:00,4.6000000000000005,500,comcat_global_m4
1982-07-05 10:35:36.320000+00:00,4.6000000000000005,500,comcat_global_m4
1982-07-24 13:27:26.280000+00:00,4.6000000000000005,500,comcat_global_m4
1982-08-12 10:03:15.500000+00:00,4.6000000000000005,500,comcat_global_m4
1982-09-03 03:40:11.880000+00:00,4.6000000000000005,500,comcat_global_m4
1982-09-22 07:53:39.180000+00:00,4.6000000000000005,500,comcat_global_m4
1982-10-11 06:49:30.940000+00:00,4.6000000000000005,500,comcat_global_m4
1982-10-29 08:13:06.180000+00:00,4.6000000000000005,500,comcat_global_m4
1982-11-19 23:03:30.470000+00:00,4.6000000000000005,500,comcat_global_m4
1982-12-12 17:37:28.860000+00:00,4.6000000000000005,500,comcat_global_m4
1982-12-28 06:06:50.190000+00:00,4.6000000000000005,500,comcat_global_m4
1983-01-13 17:32:15.210000+00:00,4.6000000000000005,500,comcat_global_m4
1983-01-24 15:25:22.930000+00:00,4.6000000000000005,500,comcat_global_m4
1983-02-09 13:31:34.250000+00:00,4.6000000000000005,500,comcat_global_m4
1983-02-26 06:01:17.560000+00:00,4.6000000000000005,500,comcat_global_m4
1983-03-17 05:23:15.080000+00:00,4.6000000000000005,500,comcat_global_m4
1983-04-02 06:49:02.120000+00:00,4.6000000000000005,500,comcat_global_m4
1983-04-17 20:32:40.560000+00:00,4.6000000000000005,500,comcat_global_m4
1983-05-04 11:29:50.710000+00:00,4.6000000000000005,500,comcat_global_m4
1983-05-20 21:58:28.930000+00:00,4.6000000000000005,500,comcat_global_m4
1983-06-03 14:59:57.310000+00:00,4.6000000000000005,500,comcat_global_m4
1983-06-23 09:31:49.650000+00:00,4.6000000000000005,500,comcat_global_m4
1983-07-11 14:47:55.610000+00:00,4.6000000000000005,500,comcat_global_m4
1983-07-23 08:05:50.150000+00:00,4.6000000000000005,500,comcat_global_m4
1983-08-08 07:48:04.070000+00:00,4.6000000000000005,500,comcat_global_m4
1983-08-27 12:31:40.080000+00:00,4.6000000000000005,500,comcat_global_m4
1983-09-18 06:14:35.760000+00:00,4.6000000000000005,500,comcat_global_m4
1983-10-10 14:09:47.220000+00:00,4.6000000000000005,500,comcat_global_m4
1983-10-31 01:54:50.480000+00:00,4.6000000000000005,500,comcat_global_m4
1983-11-20 08:29:37.490000+00:00,4.6000000000000005,500,comcat_global_m4
1983-12-08 01:25:31.340000+00:00,4.6000000000000005,500,comcat_global_m4
1983-12-24 08:35:38.040000+00:00,4.6000000000000005,500,comcat_global_m4
1984-01-12 19:55:24.220000+00:00,4.6000000000000005,500,comcat_global_m4
1984-01-30 05:58:25.790000+00:00,4.6000000000000005,500,comcat_global_m4
1984-02-20 04:05:32.550000+00:00,4.6000000000000005,500,comcat_global_m4
1984-03-11 19:39:27.360000+00:00,4.6000000000000005,500,comcat_global_m4
1984-03-27 18:17:10.220000+00:00,4.6000000000000005,500,comcat_global_m4
1984-04-13 21:14:47.190000+00:00,4.6000000000000005,500,comcat_global_m4
1984-05-03 11:41:57.650000+00:00,4.6000000000000005,500,comcat_global_m4
1984-05-22 13:57:05.830000+00:00,4.6000000000000005,500,comcat_global_m4
1984-06-12 14:05:44.610000+00:00,4.6000000000000005,500,comcat_global_m4
1984-06-30 17:00:45.160000+00:00,4.6000000000000005,500,comcat_global_m4
1984-07-17 07:09:10.400000+00:00,4.6000000000000005,500,comcat_global_m4
1984-08-05 05:23:45.190000+00:00,4.6000000000000005,500,comcat_global_m4
1984-08-24 21:23:53.760000+00:00,4.6000000000000005,500,comcat_global_m4
1984-09-10 05:18:32.480000+00:00,4.6000000000000005,500,comcat_global_m4
1984-09-24 15:10:22.560000+00:00,4.6000000000000005,500,comcat_global_m4
1984-10-10 22:07:51.590000+00:00,4.6000000000000005,500,comcat_global_m4
1984-10-25 16:25:34.720000+00:00,4.6000000000000005,500,comcat_global_m4
1984-11-10 06:21:05.390000+00:00,4.6000000000000005,500,comcat_global_m4
1984-11-23 16:16:24.540000+00:00,4.6000000000000005,500,comcat_global_m4
1984-12-09 16:44:50.620000+00:00,4.6000000000000005,500,comcat_global_m4
1984-12-24 13:36:44.820000+00:00,4.6000000000000005,500,comcat_global_m4
1985-01-09 01:32:38.910000+00:00,4.6000000000000005,500,comcat_global_m4
1985-01-26 21:36:10.860000+00:00,4.6000000000000005,500,comcat_global_m4
1985-02-16 08:43:56.070000+00:00,4.6000000000000005,500,comcat_global_m4
1985-03-03 13:02:12.890000+00:00,4.6000000000000005,500,comcat_global_m4
1985-03-14 04:49:00.970000+00:00,4.6000000000000005,500,comcat_global_m4
1985-04-02 05:07:35.900000+00:00,4.6000000000000005,500,comcat_global_m4
1985-04-17 10:52:35.300000+00:00,4.6000000000000005,500,comcat_global_m4
1985-05-04 12:47:09.960000+00:00,4.6000000000000005,500,comcat_global_m4
1985-05-19 00:28:24.450000+00:00,4.6000000000000005,500,comcat_global_m4
1985-06-03 20:41:56.600000+00:00,4.6000000000000005,500,comcat_global_m4
1985-06-20 08:24:46.330000+00:00,4.6000000000000005,500,comcat_global_m4
1985-07-04 14:55:12.270000+00:00,4.6000000000000005,500,comcat_global_m4
1985-07-20 09:43:30.690000+00:00,4.6000000000000005,500,comcat_global_m4
1985-08-05 05:31:55.780000+00:00,4.6000000000000005,500,comcat_global_m4
1985-08-18 04:28:32.420000+00:00,4.6000000000000005,500,comcat_global_m4
1985-08-31 01:44:27.130000+00:00,4.6000000000000005,500,comcat_global_m4
1985-09-14 10:09:54.610000+00:00,4.6000000000000005,500,comcat_global_m4
1985-09-26 21:11:00.340000+00:00,4.6000000000000005,500,comcat_global_m4
1985-10-10 00:27:26.960000+00:00,4.6000000000000005,500,comcat_global_m4
1985-10-26 08:55:48.250000+00:00,4.6000000000000005,500,comcat_global_m4
1985-11-11 04:40:15.510000+00:00,4.6000000000000005,500,comcat_global_m4
1985-11-27 06:34:05.290000+00:00,4.6000000000000005,500,comcat_global_m4
1985-12-12 09:15:24.970000+00:00,4.6000000000000005,500,comcat_global_m4
1985-12-25 02:38:56.560000+00:00,4.6000000000000005,500,comcat_global_m4
1986-01-08 15:04:49.080000+00:00,4.6000000000000005,500,comcat_global_m4
1986-01-24 23:45:18.650000+00:00,4.6000000000000005,500,comcat_global_m4
1986-02-10 09:51:12.630000+00:00,4.6000000000000005,500,comcat_global_m4
1986-02-27 06:23:13.740000+00:00,4.6000000000000005,500,comcat_global_m4
1986-03-14 23:52:38.380000+00:00,4.6000000000000005,500,comcat_global_m4
1986-03-24 19:11:06.520000+00:00,4.6000000000000005,500,comcat_global_m4
1986-04-08 14:32:18.860000+00:00,4.6000000000000005,500,comcat_global_m4
1986-04-26 12:13:51.850000+00:00,4.6000000000000005,500,comcat_global_m4
1986-05-08 03:44:06.700000+00:00,4.6000000000000005,500,comcat_global_m4
1986-05-15 23:38:40.700000+00:00,4.6000000000000005,500,comcat_global_m4
1986-05-28 08:30:51.220000+00:00,4.6000000000000005,500,comcat_global_m4
1986-06-12 00:09:37.840000+00:00,4.6000000000000005,500,comcat_global_m4
1986-06-25 08:29:15.830000+00:00,4.6000000000000005,500,comcat_global_m4
1986-07-09 17:10:22.870000+00:00,4.6000000000000005,500,comcat_global_m4
1986-07-22 18:19:35.760000+00:00,4.6000000000000005,500,comcat_global_m4
1986-08-04 13:54:07.170000+00:00,4.6000000000000005,500,comcat_global_m4
1986-08-19 22:45:46.640000+00:00,4.6000000000000005,500,comcat_global_m4
1986-09-07 06:28:46.290000+00:00,4.6000000000000005,500,comcat_global_m4
1986-09-23 16:42:39.400000+00:00,4.6000000000000005,500,comcat_global_m4
1986-10-10 18:10:27.300000+00:00,4.6000000000000005,500,comcat_global_m4
1986-10-23 09:03:14.180000+00:00,4.6000000000000005,500,comcat_global_m4
1986-11-06 14:49:16.370000+00:00,4.6000000000000005,500,comcat_global_m4
1986-11-21 06:49:07.360000+00:00,4.6000000000000005,500,comcat_global_m4
1986-12-08 11:42:53.020000+00:00,4.6000000000000005,500,comcat_global_m4
1986-12-27 01:00:13.360000+00:00,4.6000000000000005,500,comcat_global_m4
1987-01-13 06:22:19.990000+00:00,4.6000000000000005,500,comcat_global_m4
1987-01-30 07:55:12.430000+00:00,4.6000000000000005,500,comcat_global_m4
1987-02-12 05:01:44.050000+00:00,4.6000000000000005,500,comcat_global_m4
1987-02-27 12:57:05.550000+00:00,4.6000000000000005,500,comcat_global_m4
1987-03-12 12:18:11.970000+00:00,4.6000000000000005,500,comcat_global_m4
1987-03-27 00:44:29.470000+00:00,4.6000000000000005,500,comcat_global_m4
1987-04-12 04:50:26.360000+00:00,4.6000000000000005,500,comcat_global_m4
1987-04-27 12:39:58.150000+00:00,4.6000000000000005,500,comcat_global_m4
1987-05-12 22:22:42.340000+00:00,4.6000000000000005,500,comcat_global_m4
1987-05-31 23:38:40.050000+00:00,4.6000000000000005,500,comcat_global_m4
1987-06-19 01:10:16.870000+00:00,4.6000000000000005,500,comcat_global_m4
1987-07-04 18:17:32.400000+00:00,4.6000000000000005,500,comcat_global_m4
1987-07-19 14:00:23.540000+00:00,4.6000000000000005,500,comcat_global_m4
1987-08-05 17:26:45.480000+00:00,4.6000000000000005,500,comcat_global_m4
1987-08-23 23:08:08.430000+00:00,4.6000000000000005,500,comcat_global_m4
1987-09-07 16:45:49.770000+00:00,4.6000000000000005,500,comcat_global_m4
1987-09-26 10:41:02.770000+00:00,4.6000000000000005,500,comcat_global_m4
1987-10-12 15:13:06.350000+00:00,4.6000000000000005,500,comcat_global_m4
1987-10-27 09:23:06.050000+00:00,4.6000000000000005,500,comcat_global_m4
1987-11-16 11:18:16.470000+00:00,4.6000000000000005,500,comcat_global_m4
1987-12-01 01:13:13.290000+00:00,4.0,500,comcat_global_m4
1987-12-15 15:11:06.130000+00:00,4.6000000000000005,500,comcat_global_m4
1988-01-03 21:32:25.300000+00:00,4.6000000000000005,500,comcat_global_m4
1988-01-20 15:01:29.660000+00:00,4.6000000000000005,500,comcat_global_m4
1988-02-04 06:20:52.170000+00:00,4.6000000000000005,500,comcat_global_m4
1988-02-20 22:12:00.050000+00:00,4.6000000000000005,500,comcat_global_m4
1988-03-07 21:02:57.520000+00:00,4.6000000000000005,500,comcat_global_m4
1988-03-22 13:25:55.750000+00:00,4.6000000000000005,500,comcat_global_m4
1988-04-06 16:30:01.840000+00:00,4.6000000000000005,500,comcat_global_m4
1988-04-21 19:29:50.150000+00:00,4.6000000000000005,500,comcat_global_m4
1988-05-10 18:49:58.300000+00:00,4.6000000000000005,500,comcat_global_m4
1988-05-28 05:54:13.350000+00:00,4.6000000000000005,500,comcat_global_m4
1988-06-16 15:42:30.980000+00:00,4.6000000000000005,500,comcat_global_m4
1988-07-04 05:38:09.300000+00:00,4.6000000000000005,500,comcat_global_m4
1988-07-22 16:31:26.460000+00:00,4.6000000000000005,500,comcat_global_m4
1988-08-03 18:42:44.410000+00:00,4.6000000000000005,500,comcat_global_m4
1988-08-17 10:24:35.430000+00:00,4.6000000000000005,500,comcat_global_m4
1988-09-03 16:01:13.090000+00:00,4.0,500,comcat_global_m4
1988-09-20 17:56:18.070000+00:00,4.6000000000000005,500,comcat_global_m4
1988-10-10 07:19:22.240000+00:00,4.6000000000000005,500,comcat_global_m4
1988-10-29 16:33:01.950000+00:00,4.6000000000000005,500,comcat_global_m4
1988-11-14 04:29:08.540000+00:00,4.6000000000000005,500,comcat_global_m4
1988-11-30 14:01:46.020000+00:00,4.6000000000000005,500,comcat_global_m4
1988-12-19 06:49:59.700000+00:00,4.6000000000000005,500,comcat_global_m4
1989-01-04 10:38:11.470000+00:00,4.6000000000000005,500,comcat_global_m4
1989-01-19 17:28:17.860000+00:00,4.6000000000000005,500,comcat_global_m4
1989-02-05 09:25:29.140000+00:00,4.6000000000000005,500,comcat_global_m4
1989-02-19 01:02:29.780000+00:00,4.6000000000000005,500,comcat_global_m4
1989-03-06 21:15:00.950000+00:00,4.6000000000000005,500,comcat_global_m4
1989-03-26 00:33:34.410000+00:00,4.6000000000000005,500,comcat_global_m4
1989-04-13 07:55:11.380000+00:00,4.6000000000000005,500,comcat_global_m4
1989-04-27 18:52:26.640000+00:00,4.6000000000000005,500,comcat_global_m4
1989-05-10 05:16:12.320000+00:00,4.6000000000000005,500,comcat_global_m4
1989-05-25 18:14:36.570000+00:00,4.6000000000000005,500,comcat_global_m4
1989-06-11 16:49:49.200000+00:00,4.6000000000000005,500,comcat_global_m4
1989-06-30 20:48:24.340000+00:00,4.6000000000000005,500,comcat_global_m4
1989-07-22 23:48:29.380000+00:00,4.6000000000000005,500,comcat_global_m4
1989-08-08 19:35:28.720000+00:00,4.6000000000000005,500,comcat_global_m4
1989-08-23 09:21:35.050000+00:00,4.6000000000000005,500,comcat_global_m4
1989-09-09 17:47:07.880000+00:00,4.6000000000000005,500,comcat_global_m4
1989-09-25 14:17:47.080000+00:00,4.6000000000000005,500,comcat_global_m4
1989-10-13 21:40:17.580000+00:00,4.6000000000000005,500,comcat_global_m4
1989-10-27 04:39:30.600000+00:00,4.6000000000000005,500,comcat_global_m4
1989-11-10 23:21:40.660000+00:00,4.6000000000000005,500,comcat_global_m4
1989-11-30 10:09:47.010000+00:00,4.6000000000000005,500,comcat_global_m4
1989-12-16 14:55:41.610000+00:00,4.6000000000000005,500,comcat_global_m4
1989-12-30 23:15:36.090000+00:00,4.6000000000000005,500,comcat_global_m4
1990-01-15 13:23:27.640000+00:00,4.6000000000000005,500,comcat_global_m4
1990-02-04 06:22:58.370000+00:00,4.6000000000000005,500,comcat_global_m4
1990-02-17 18:58:07.730000+00:00,4.6000000000000005,500,comcat_global_m4
1990-03-03 18:32:50.560000+00:00,4.6000000000000005,500,comcat_global_m4
1990-03-16 20:56:08.730000+00:00,4.6000000000000005,500,comcat_global_m4
1990-04-02 08:19:34.100000+00:00,4.6000000000000005,500,comcat_global_m4
1990-04-11 11:31:49.320000+00:00,4.6000000000000005,500,comcat_global_m4
1990-04-22 21:28:56.340000+00:00,4.6000000000000005,500,comcat_global_m4
1990-05-08 01:40:03.850000+00:00,4.6000000000000005,500,comcat_global_m4
1990-05-23 17:47:30.060000+00:00,4.6000000000000005,500,comcat_global_m4
1990-06-08 16:43:19.300000+00:00,4.6000000000000005,500,comcat_global_m4
1990-06-22 15:04:37.980000+00:00,4.6000000000000005,500,comcat_global_m4
1990-07-07 18:42:07.890000+00:00,4.6000000000000005,500,comcat_global_m4
1990-07-17 14:55:56.090000+00:00,4.6000000000000005,500,comcat_global_m4
1990-07-28 21:13:28.100000+00:00,4.6000000000000005,500,comcat_global_m4
1990-08-12 23:00:17.020000+00:00,4.6000000000000005,500,comcat_global_m4
1990-08-27 16:02:37.950000+00:00,4.6000000000000005,500,comcat_global_m4
1990-09-11 08:08:36.660000+00:00,4.6000000000000005,500,comcat_global_m4
1990-09-28 03:51:00.050000+00:00,4.6000000000000005,500,comcat_global_m4
1990-10-14 11:02:40.180000+00:00,4.6000000000000005,500,comcat_global_m4
1990-10-31 08:34:22.070000+00:00,4.6000000000000005,500,comcat_global_m4
1990-11-15 21:48:16.900000+00:00,4.6000000000000005,500,comcat_global_m4
1990-12-07 10:41:26.080000+00:00,4.6000000000000005,500,comcat_global_m4
1990-12-19 22:01:22.100000+00:00,4.6000000000000005,500,comcat_global_m4
1991-01-02 23:16:35.550000+00:00,4.6000000000000005,500,comcat_global_m4
1991-01-18 12:40:09.600000+00:00,4.6000000000000005,500,comcat_global_m4
1991-02-01 17:14:53.620000+00:00,4.6000000000000005,500,comcat_global_m4
1991-02-18 11:13:42.750000+00:00,4.6000000000000005,500,comcat_global_m4
1991-03-06 15:37:44.240000+00:00,4.6000000000000005,500,comcat_global_m4
1991-03-22 12:29:00.950000+00:00,4.6000000000000005,500,comcat_global_m4
1991-04-06 21:55:14.550000+00:00,4.6000000000000005,500,comcat_global_m4
1991-04-23 16:15:25.950000+00:00,4.6000000000000005,500,comcat_global_m4
1991-05-06 00:10:23.420000+00:00,4.6000000000000005,500,comcat_global_m4
1991-05-24 15:37:49.880000+00:00,4.6000000000000005,500,comcat_global_m4
1991-06-09 16:28:19.840000+00:00,4.6000000000000005,500,comcat_global_m4
1991-06-21 16:03:44.600000+00:00,4.6000000000000005,500,comcat_global_m4
1991-07-08 09:40:51.630000+00:00,4.6000000000000005,500,comcat_global_m4
1991-07-24 19:35:58.850000+00:00,4.6000000000000005,500,comcat_global_m4
1991-08-11 09:03:11.680000+00:00,4.6000000000000005,500,comcat_global_m4
1991-08-26 07:55:06.490000+00:00,4.6000000000000005,500,comcat_global_m4
1991-09-12 05:11:11.460000+00:00,4.6000000000000005,500,comcat_global_m4
1991-09-30 12:08:50.640000+00:00,4.6000000000000005,500,comcat_global_m4
1991-10-15 23:00:55.060000+00:00,4.6000000000000005,500,comcat_global_m4
1991-10-31 10:29:23.430000+00:00,4.6000000000000005,500,comcat_global_m4
1991-11-18 00:18:05.840000+00:00,4.6000000000000005,500,comcat_global_m4
1991-12-04 02:47:30.340000+00:00,4.6000000000000005,500,comcat_global_m4
1991-12-16 08:24:19.130000+00:00,4.6000000000000005,500,comcat_global_m4
1991-12-27 08:09:43.180000+00:00,4.6000000000000005,500,comcat_global_m4
1992-01-10 18:51:05.980000+00:00,4.6000000000000005,500,comcat_global_m4
1992-01-27 09:52:58.810000+00:00,4.6000000000000005,500,comcat_global_m4
1992-02-10 23:43:32.550000+00:00,4.0,500,comcat_global_m4
1992-02-28 09:14:09.120000+00:00,4.6000000000000005,500,comcat_global_m4
1992-03-15 19:22:14.090000+00:00,4.6000000000000005,500,comcat_global_m4
1992-03-29 15:10:46.400000+00:00,4.6000000000000005,500,comcat_global_m4
1992-04-14 02:36:55.970000+00:00,4.0,500,comcat_global_m4
1992-04-28 03:07:26.300000+00:00,4.0,500,comcat_global_m4
1992-05-14 03:35:35.210000+00:00,4.6000000000000005,500,comcat_global_m4
1992-05-22 08:11:38.540000+00:00,4.6000000000000005,500,comcat_global_m4
1992-06-01 13:51:21.770000+00:00,4.6000000000000005,500,comcat_global_m4
1992-06-14 03:01:54.690000+00:00,4.6000000000000005,500,comcat_global_m4
1992-06-28 05:47:50.620000+00:00,4.0,500,comcat_global_m4
1992-07-06 18:06:36.310000+00:00,4.0,500,comcat_global_m4
1992-07-18 17:11:46.570000+00:00,4.0,500,comcat_global_m4
1992-08-01 16:01:33.090000+00:00,4.6000000000000005,500,comcat_global_m4
1992-08-17 03:42:01.360000+00:00,4.6000000000000005,500,comcat_global_m4
1992-08-28 18:00:05.880000+00:00,4.6000000000000005,500,comcat_global_m4
1992-09-09 19:27:37.660000+00:00,4.6000000000000005,500,comcat_global_m4
1992-09-23 10:09:06.170000+00:00,4.6000000000000005,500,comcat_global_m4
1992-10-06 15:14:52.600000+00:00,4.6000000000000005,500,comcat_global_m4
1992-10-19 14:44:11.740000+00:00,4.6000000000000005,500,comcat_global_m4
1992-10-31 19:54:53.130000+00:00,4.6000000000000005,500,comcat_global_m4
1992-11-14 12:03:00.410000+00:00,4.0,500,comcat_global_m4
1992-11-27 08:22:28.740000+00:00,4.6000000000000005,500,comcat_global_m4
1992-12-11 22:12:56.070000+00:00,4.6000000000000005,500,comcat_global_m4
1992-12-24 19:01:25.350000+00:00,4.6000000000000005,500,comcat_global_m4
1993-01-07 18:35:04.050000+00:00,4.6000000000000005,500,comcat_global_m4
1993-01-22 07:48:43.490000+00:00,4.6000000000000005,500,comcat_global_m4
1993-02-09 02:29:57.780000+00:00,4.6000000000000005,500,comcat_global_m4
1993-02-21 10:20:04.140000+00:00,4.6000000000000005,500,comcat_global_m4
1993-03-06 19:50:26.550000+00:00,4.6000000000000005,500,comcat_global_m4
1993-03-18 14:50:09.220000+00:00,4.6000000000000005,500,comcat_global_m4
1993-03-31 12:34:57.680000+00:00,4.6000000000000005,500,comcat_global_m4
1993-04-13 17:56:02.090000+00:00,4.6000000000000005,500,comcat_global_m4
1993-04-27 20:07:04.210000+00:00,4.0,500,comcat_global_m4
1993-05-12 22:11:56.410000+00:00,4.0,500,comcat_global_m4
1993-05-25 02:13:45.800000+00:00,4.0,500,comcat_global_m4
1993-06-09 03:49:29.510000+00:00,4.0,500,comcat_global_m4
1993-06-22 21:52:00.380000+00:00,4.6000000000000005,500,comcat_global_m4
1993-07-09 23:17:47.950000+00:00,4.0,500,comcat_global_m4
1993-07-17 19:11:07.190000+00:00,4.0,500,comcat_global_m4
1993-08-02 15:44:40.170000+00:00,4.6000000000000005,500,comcat_global_m4
1993-08-15 04:41:25.230000+00:00,4.6000000000000005,500,comcat_global_m4
1993-08-28 18:00:38.300000+00:00,4.0,500,comcat_global_m4
1993-09-11 09:17:23.380000+00:00,4.0,500,comcat_global_m4
1993-09-21 19:12:57.950000+00:00,4.0,500,comcat_global_m4
1993-10-06 15:19:26.400000+00:00,4.6000000000000005,500,comcat_global_m4
1993-10-21 03:58:12.060000+00:00,4.6000000000000005,500,comcat_global_m4
1993-11-05 14:48:58.180000+00:00,4.6000000000000005,500,comcat_global_m4
1993-11-19 11:53:18.150000+00:00,4.6000000000000005,500,comcat_global_m4
1993-12-06 10:33:40.160000+00:00,4.6000000000000005,500,comcat_global_m4
1993-12-21 08:49:26.710000+00:00,4.6000000000000005,500,comcat_global_m4
1994-01-07 19:29:09.910000+00:00,4.6000000000000005,500,comcat_global_m4
1994-01-23 22:51:05.260000+00:00,4.6000000000000005,500,comcat_global_m4
1994-02-10 21:35:42.750000+00:00,4.6000000000000005,500,comcat_global_m4
1994-02-27 09:04:27.900000+00:00,4.0,500,comcat_global_m4
1994-03-15 14:33:54.540000+00:00,4.6000000000000005,500,comcat_global_m4
1994-04-04 02:37:37.220000+00:00,4.6000000000000005,500,comcat_global_m4
1994-04-21 18:12:48.980000+00:00,4.0,500,comcat_global_m4
1994-05-07 05:51:11.790000+00:00,4.6000000000000005,500,comcat_global_m4
1994-05-22 07:10:02.830000+00:00,4.6000000000000005,500,comcat_global_m4
1994-06-03 04:24:31.880000+00:00,4.6000000000000005,500,comcat_global_m4
1994-06-13 09:44:52.300000+00:00,4.6000000000000005,500,comcat_global_m4
1994-06-29 07:52:44.450000+00:00,4.6000000000000005,500,comcat_global_m4
1994-07-14 07:10:59.930000+00:00,4.6000000000000005,500,comcat_global_m4
1994-07-29 15:11:19.110000+00:00,4.6000000000000005,500,comcat_global_m4
1994-08-14 18:45:27.020000+00:00,4.6000000000000005,500,comcat_global_m4
1994-08-29 00:07:00.750000+00:00,4.6000000000000005,500,comcat_global_m4
1994-09-11 12:13:55.420000+00:00,4.6000000000000005,500,comcat_global_m4
1994-09-26 04:41:37.920000+00:00,4.6000000000000005,500,comcat_global_m4
1994-10-05 01:56:50.270000+00:00,4.6000000000000005,500,comcat_global_m4
1994-10-11 02:59:02.960000+00:00,4.6000000000000005,500,comcat_global_m4
1994-10-22 07:33:51.570000+00:00,4.6000000000000005,500,comcat_global_m4
1994-11-07 10:59:22.440000+00:00,4.6000000000000005,500,comcat_global_m4
1994-11-22 14:35:29.010000+00:00,4.6000000000000005,500,comcat_global_m4
1994-12-11 09:29:01.470000+00:00,4.6000000000000005,500,comcat_global_m4
1994-12-28 22:04:58.430000+00:00,4.6000000000000005,500,comcat_global_m4
1995-01-09 19:14:32.600000+00:00,4.6000000000000005,500,comcat_global_m4
1995-01-19 17:35:10.410000+00:00,4.0,500,comcat_global_m4
1995-01-31 01:27:54.380000+00:00,4.0,500,comcat_global_m4
1995-02-10 22:34:32.070000+00:00,4.0,500,comcat_global_m4
1995-02-20 07:48:08.070000+00:00,4.0,500,comcat_global_m4
1995-03-05 23:23:00.500000+00:00,4.0,500,comcat_global_m4
1995-03-19 00:34:52.950000+00:00,4.0,500,comcat_global_m4
1995-03-31 11:22:07.290000+00:00,4.0,500,comcat_global_m4
1995-04-11 13:46:13.400000+00:00,4.0,500,comcat_global_m4
1995-04-21 01:51:27.250000+00:00,4.0,500,comcat_global_m4
1995-04-25 22:47:12+00:00,4.0,500,comcat_global_m4
1995-05-04 03:11:53.340000+00:00,4.0,500,comcat_global_m4
1995-05-12 05:23:30.920000+00:00,4.0,500,comcat_global_m4
1995-05-17 11:51:31.520000+00:00,4.0,500,comcat_global_m4
1995-05-26 03:11:17.180000+00:00,4.0,500,comcat_global_m4
1995-06-04 12:02:36.720000+00:00,4.0,500,comcat_global_m4
1995-06-13 18:25:19.870000+00:00,4.0,500,comcat_global_m4
1995-06-25 01:05:32.430000+00:00,4.0,500,comcat_global_m4
1995-07-05 05:19:02.730000+00:00,4.0,500,comcat_global_m4
1995-07-14 23:15:23.620000+00:00,4.0,500,comcat_global_m4
1995-07-28 00:48:37.300000+00:00,4.0,500,comcat_global_m4
1995-08-04 01:14:54.070000+00:00,4.0,500,comcat_global_m4
1995-08-16 13:31:11.960000+00:00,4.0,500,comcat_global_m4
1995-08-22 06:54:29.660000+00:00,4.0,500,comcat_global_m4
1995-09-02 01:22:41.470000+00:00,4.0,500,comcat_global_m4
1995-09-13 18:42:12.070000+00:00,4.0,500,comcat_global_m4
1995-09-25 20:23:54.290000+00:00,4.0,500,comcat_global_m4
1995-10-04 12:56:37.780000+00:00,4.0,500,comcat_global_m4
1995-10-12 13:37:26.810000+00:00,4.0,500,comcat_global_m4
1995-10-22 05:43:11.980000+00:00,4.0,500,comcat_global_m4
1995-10-31 03:42:33.880000+00:00,4.0,500,comcat_global_m4
1995-11-10 22:30:58.380000+00:00,4.0,500,comcat_global_m4
1995-11-20 04:40:35.760000+00:00,4.0,500,comcat_global_m4
1995-11-29 23:32:40.370000+00:00,4.0,500,comcat_global_m4
1995-12-03 23:31:30.050000+00:00,4.0,500,comcat_global_m4
1995-12-08 18:19:25.450000+00:00,4.0,500,comcat_global_m4
1995-12-16 20:05:53.110000+00:00,4.0,500,comcat_global_m4
1995-12-27 01:01:54.210000+00:00,4.0,500,comcat_global_m4
1996-01-04 03:57:29.910000+00:00,4.0,500,comcat_global_m4
1996-01-11 11:42:22.500000+00:00,4.0,500,comcat_global_m4
1996-01-22 05:50:09.650000+00:00,4.0,500,comcat_global_m4
1996-02-02 09:37:08.210000+00:00,4.0,500,comcat_global_m4
1996-02-09 12:52:55.130000+00:00,4.0,500,comcat_global_m4
1996-02-17 13:06:30.440000+00:00,4.0,500,comcat_global_m4
1996-02-20 20:42:35.640000+00:00,4.0,500,comcat_global_m4
1996-02-28 11:48:52.220000+00:00,4.0,500,comcat_global_m4
1996-03-09 17:05:30.060000+00:00,4.0,500,comcat_global_m4
1996-03-17 14:48:56.710000+00:00,4.0,500,comcat_global_m4
1996-03-26 08:26:18.900000+00:00,4.0,500,comcat_global_m4
1996-04-05 01:09:07.780000+00:00,4.0,500,comcat_global_m4
1996-04-15 06:56:36.150000+00:00,4.0,500,comcat_global_m4
1996-04-27 15:49:01.160000+00:00,4.0,500,comcat_global_m4
1996-05-08 01:00:13.090000+00:00,4.0,500,comcat_global_m4
1996-05-18 19:16:02.210000+00:00,4.0,500,comcat_global_m4
1996-06-01 03:01:32.840000+00:00,4.0,500,comcat_global_m4
1996-06-10 05:46:53.560000+00:00,4.0,500,comcat_global_m4
1996-06-14 15:13:56.740000+00:00,4.0,500,comcat_global_m4
1996-06-23 17:13:28.700000+00:00,4.0,500,comcat_global_m4
1996-07-02 07:05:06+00:00,4.0,500,comcat_global_m4
1996-07-14 00:40:06.170000+00:00,4.0,500,comcat_global_m4
1996-07-23 03:16:49.590000+00:00,4.0,500,comcat_global_m4
1996-07-31 17:41:26.080000+00:00,4.0,500,comcat_global_m4
1996-08-10 11:20:19.720000+00:00,4.0,500,comcat_global_m4
1996-08-19 02:40:23.460000+00:00,4.0,500,comcat_global_m4
1996-08-30 01:12:47.810000+00:00,4.0,500,comcat_global_m4
1996-09-07 18:47:15.490000+00:00,4.0,500,comcat_global_m4
1996-09-17 22:11:56.110000+00:00,4.0,500,comcat_global_m4
1996-09-25 09:26:45.080000+00:00,4.6000000000000005,500,comcat_global_m4
1996-10-01 19:09:03.370000+00:00,4.300000000000001,500,comcat_global_m4
1996-10-10 06:05:06.900000+00:00,4.0,500,comcat_global_m4
1996-10-19 14:44:40.790000+00:00,4.0,500,comcat_global_m4
1996-10-30 22:30:25.080000+00:00,4.6000000000000005,500,comcat_global_m4
1996-11-06 06:01:43.090000+00:00,4.300000000000001,500,comcat_global_m4
1996-11-12 18:31:10.860000+00:00,4.0,500,comcat_global_m4
1996-11-21 02:06:16.750000+00:00,4.0,500,comcat_global_m4
1996-12-02 03:00:12.250000+00:00,4.0,500,comcat_global_m4
1996-12-12 18:35:49.830000+00:00,4.0,500,comcat_global_m4
1996-12-23 05:51:26.240000+00:00,4.0,500,comcat_global_m4
1997-01-03 00:56:53.990000+00:00,4.0,500,comcat_global_m4
1997-01-15 22:10:52.870000+00:00,4.0,500,comcat_global_m4
1997-01-27 15:25:53.820000+00:00,4.0,500,comcat_global_m4
1997-02-09 14:54:51.180000+00:00,4.0,500,comcat_global_m4
1997-02-23 08:45:02.430000+00:00,4.0,500,comcat_global_m4
1997-03-03 15:30:20.230000+00:00,4.0,500,comcat_global_m4
1997-03-13 00:06:48.990000+00:00,4.0,500,comcat_global_m4
1997-03-22 06:17:24.900000+00:00,4.0,500,comcat_global_m4
1997-03-31 14:36:34.410000+00:00,4.0,500,comcat_global_m4
1997-04-10 04:43:07.320000+00:00,4.0,500,comcat_global_m4
1997-04-19 03:00:22.030000+00:00,4.0,500,comcat_global_m4
1997-04-24 17:15:53.580000+00:00,4.0,500,comcat_global_m4
1997-05-03 08:53:35.540000+00:00,4.0,500,comcat_global_m4
1997-05-12 04:41:55.830000+00:00,4.0,500,comcat_global_m4
1997-05-21 02:52:10.190000+00:00,4.0,500,comcat_global_m4
1997-06-04 15:56:42.150000+00:00,4.0,500,comcat_global_m4
1997-06-18 13:03:30.700000+00:00,4.0,500,comcat_global_m4
1997-06-29 23:34:14.490000+00:00,4.0,500,comcat_global_m4
1997-07-10 07:10:32.990000+00:00,4.0,500,comcat_global_m4
1997-07-20 17:05:42.030000+00:00,4.0,500,comcat_global_m4
1997-07-30 13:37:41.740000+00:00,4.0,500,comcat_global_m4
1997-08-12 04:24:48.280000+00:00,4.0,500,comcat_global_m4
1997-08-24 03:04:22.550000+00:00,4.0,500,comcat_global_m4
1997-09-03 08:45:03.790000+00:00,4.0,500,comcat_global_m4
1997-09-16 12:15:32.070000+00:00,4.0,500,comcat_global_m4
1997-09-26 14:54:27.870000+00:00,4.0,500,comcat_global_m4
1997-10-07 16:42:16.170000+00:00,4.0,500,comcat_global_m4
1997-10-16 12:38:48.740000+00:00,4.0,500,comcat_global_m4
1997-10-28 01:04:46.470000+00:00,4.0,500,comcat_global_m4
1997-11-07 15:00:49.630000+00:00,4.0,500,comcat_global_m4
1997-11-16 08:28:01.240000+00:00,4.0,500,comcat_global_m4
1997-11-22 23:56:56.680000+00:00,4.0,500,comcat_global_m4
1997-12-02 17:48:47.610000+00:00,4.0,500,comcat_global_m4
1997-12-06 02:31:57.240000+00:00,4.300000000000001,500,comcat_global_m4
1997-12-09 15:57:51.780000+00:00,4.0,500,comcat_global_m4
1997-12-18 10:46:13.880000+00:00,4.0,500,comcat_global_m4
1997-12-28 03:22:57.810000+00:00,4.0,500,comcat_global_m4
1998-01-09 08:26:16.710000+00:00,4.0,500,comcat_global_m4
1998-01-18 06:25:53.590000+00:00,4.0,500,comcat_global_m4
1998-01-28 23:52:26.190000+00:00,4.0,500,comcat_global_m4
1998-02-09 16:19:52.080000+00:00,4.0,500,comcat_global_m4
1998-02-20 08:30:36.990000+00:00,4.0,500,comcat_global_m4
1998-03-02 17:50:12.250000+00:00,4.0,500,comcat_global_m4
1998-03-13 15:14:56.820000+00:00,4.0,500,comcat_global_m4
1998-03-25 19:36:40.340000+00:00,4.0,500,comcat_global_m4
1998-04-05 01:14:24.510000+00:00,4.0,500,comcat_global_m4
1998-04-16 07:47:09.920000+00:00,4.0,500,comcat_global_m4
1998-04-28 18:28:37.670000+00:00,4.0,500,comcat_global_m4
1998-05-09 07:11:43.870000+00:00,4.0,500,comcat_global_m4
1998-05-18 03:40:15.310000+00:00,4.0,500,comcat_global_m4
1998-05-29 02:49:41.210000+00:00,4.0,500,comcat_global_m4
1998-06-08 19:59:52.780000+00:00,4.0,500,comcat_global_m4
1998-06-22 04:14:34.470000+00:00,4.0,500,comcat_global_m4
1998-07-03 10:33:11.740000+00:00,4.0,500,comcat_global_m4
1998-07-14 22:09:48.060000+00:00,4.0,500,comcat_global_m4
1998-07-22 11:01:07.390000+00:00,4.0,500,comcat_global_m4
1998-08-01 22:06:39.850000+00:00,4.0,500,comcat_global_m4
1998-08-12 15:49:55.470000+00:00,4.0,500,comcat_global_m4
1998-08-23 09:18:14.580000+00:00,4.0,500,comcat_global_m4
1998-09-02 18:52:42.200000+00:00,4.0,500,comcat_global_m4
1998-09-13 05:12:32.720000+00:00,4.0,500,comcat_global_m4
1998-09-24 18:53:40.180000+00:00,4.0,500,comcat_global_m4
1998-10-06 01:27:14.030000+00:00,4.0,500,comcat_global_m4
1998-10-16 19:22:52.060000+00:00,4.0,500,comcat_global_m4
1998-10-28 07:33:24.430000+00:00,4.0,500,comcat_global_m4
1998-11-08 02:15:27.820000+00:00,4.0,500,comcat_global_m4
1998-11-18 05:05:01.050000+00:00,4.0,500,comcat_global_m4
1998-11-29 20:16:00.830000+00:00,4.0,500,comcat_global_m4
1998-12-12 10:58:30.050000+00:00,4.0,500,comcat_global_m4
1998-12-24 23:49:20.360000+00:00,4.0,500,comcat_global_m4
1999-01-08 00:31:12.970000+00:00,4.0,500,comcat_global_m4
1999-01-19 22:10:57.300000+00:00,4.0,500,comcat_global_m4
1999-01-30 12:24:25.050000+00:00,4.0,500,comcat_global_m4
1999-02-09 11:14:15.830000+00:00,4.0,500,comcat_global_m4
1999-02-19 15:51:01.190000+00:00,4.0,500,comcat_global_m4
1999-03-01 04:43:49.460000+00:00,4.0,500,comcat_global_m4
1999-03-09 23:12:57.200000+00:00,4.0,500,comcat_global_m4
1999-03-21 01:44:22.490000+00:00,4.0,500,comcat_global_m4
1999-03-30 15:44:13.730000+00:00,4.0,500,comcat_global_m4
1999-04-09 06:32:59.300000+00:00,4.0,500,comcat_global_m4
1999-04-19 17:01:54.300000+00:00,4.0,500,comcat_global_m4
1999-05-03 04:24:36.830000+00:00,4.0,500,comcat_global_m4
1999-05-14 03:01:51.700000+00:00,4.0,500,comcat_global_m4
1999-05-23 12:59:10.280000+00:00,4.0,500,comcat_global_m4
1999-06-05 04:22:50.160000+00:00,4.0,500,comcat_global_m4
1999-06-17 01:45:25.030000+00:00,4.0,500,comcat_global_m4
1999-06-26 20:46:01.210000+00:00,4.0,500,comcat_global_m4
1999-07-08 19:22:49.760000+00:00,4.0,500,comcat_global_m4
1999-07-22 05:47:09.890000+00:00,4.0,500,comcat_global_m4
1999-08-04 21:21:11+00:00,4.0,500,comcat_global_m4
1999-08-16 15:41:10.800000+00:00,4.0,500,comcat_global_m4
1999-08-25 10:48:13.970000+00:00,4.0,500,comcat_global_m4
1999-09-08 00:06:46.720000+00:00,4.0,500,comcat_global_m4
1999-09-20 21:23:27.600000+00:00,4.0,500,comcat_global_m4
1999-09-30 02:49:23.360000+00:00,4.0,500,comcat_global_m4
1999-10-11 21:18:27.350000+00:00,4.0,500,comcat_global_m4
1999-10-22 06:49:24.970000+00:00,4.0,500,comcat_global_m4
1999-11-02 23:18:18.870000+00:00,4.0,500,comcat_global_m4
1999-11-14 01:15:01.740000+00:00,4.0,500,comcat_global_m4
1999-11-26 03:25:31.260000+00:00,4.0,500,comcat_global_m4
1999-12-07 08:54:45.340000+00:00,4.0,500,comcat_global_m4
1999-12-19 12:15:06.060000+00:00,4.0,500,comcat_global_m4
1999-12-29 20:42:36.420000+00:00,4.0,500,comcat_global_m4
2000-01-10 06:00:07.840000+00:00,4.0,500,comcat_global_m4
2000-01-22 13:01:38+00:00,4.0,500,comcat_global_m4
2000-02-05 02:36:35.740000+00:00,4.0,500,comcat_global_m4
2000-02-17 18:26:21.950000+00:00,4.0,500,comcat_global_m4
2000-03-01 13:32:32.950000+00:00,4.0,500,comcat_global_m4
2000-03-13 20:44:31.520000+00:00,4.0,500,comcat_global_m4
2000-03-25 18:55:37.090000+00:00,4.0,500,comcat_global_m4
2000-04-03 19:02:29.630000+00:00,4.0,500,comcat_global_m4
2000-04-17 15:28:52.780000+00:00,4.0,500,comcat_global_m4
2000-04-27 23:56:15.230000+00:00,4.0,500,comcat_global_m4
2000-05-07 04:18:09.990000+00:00,4.0,500,comcat_global_m4
2000-05-16 07:03:26+00:00,4.0,500,comcat_global_m4
2000-05-27 04:46:00.290000+00:00,4.0,500,comcat_global_m4
2000-06-05 09:46:11.290000+00:00,4.400000000000001,500,comcat_global_m4
2000-06-12 08:02:00.130000+00:00,4.6000000000000005,500,comcat_global_m4
2000-06-21 18:28:04.440000+00:00,4.0,500,comcat_global_m4
2000-06-29 16:13:56.020000+00:00,4.0,500,comcat_global_m4
2000-07-06 15:48:48.310000+00:00,4.0,500,comcat_global_m4
2000-07-12 20:25:56.230000+00:00,4.0,500,comcat_global_m4
2000-07-20 04:19:50.210000+00:00,4.0,500,comcat_global_m4
2000-07-27 08:31:27.140000+00:00,4.0,500,comcat_global_m4
2000-08-03 10:52:05.800000+00:00,4.0,500,comcat_global_m4
2000-08-10 16:10:05.790000+00:00,4.0,500,comcat_global_m4
2000-08-18 20:41:59.990000+00:00,4.0,500,comcat_global_m4
2000-08-29 11:56:58.140000+00:00,4.0,500,comcat_global_m4
2000-09-10 09:09:01+00:00,4.0,500,comcat_global_m4
2000-09-21 03:28:13.190000+00:00,4.0,500,comcat_global_m4
2000-10-03 00:02:49.300000+00:00,4.0,500,comcat_global_m4
2000-10-14 19:57:51.390000+00:00,4.0,500,comcat_global_m4
2000-10-26 14:08:37.310000+00:00,4.0,500,comcat_global_m4
2000-11-07 12:26:03.900000+00:00,4.0,500,comcat_global_m4
2000-11-16 09:50:09.870000+00:00,4.0,500,comcat_global_m4
2000-11-18 06:28:55.630000+00:00,4.0,500,comcat_global_m4
2000-11-22 10:43:24.800000+00:00,4.0,500,comcat_global_m4
2000-11-28 08:35:51.920000+00:00,4.0,500,comcat_global_m4
2000-12-08 15:24:35.820000+00:00,4.0,500,comcat_global_m4
2000-12-19 19:14:27.820000+00:00,4.0,500,comcat_global_m4
2000-12-29 15:43:46.930000+00:00,4.0,500,comcat_global_m4
2001-01-10 23:46:55.040000+00:00,4.0,500,comcat_global_m4
2001-01-22 16:48:45.710000+00:00,4.0,500,comcat_global_m4
2001-02-01 07:49:08.560000+00:00,4.0,500,comcat_global_m4
2001-02-11 04:02:09.950000+00:00,4.0,500,comcat_global_m4
2001-02-22 09:20:35.590000+00:00,4.0,500,comcat_global_m4
2001-03-02 05:37:37.730000+00:00,4.0,500,comcat_global_m4
2001-03-13 22:38:27.870000+00:00,4.0,500,comcat_global_m4
2001-03-23 23:23:02.930000+00:00,4.0,500,comcat_global_m4
2001-04-03 23:59:45.040000+00:00,4.0,500,comcat_global_m4
2001-04-12 18:45:49.600000+00:00,4.0,500,comcat_global_m4
2001-04-20 10:29:14.953000+00:00,4.0,500,comcat_global_m4
2001-05-02 00:08:15.690000+00:00,4.0,500,comcat_global_m4
2001-05-13 02:40:31.210000+00:00,4.0,500,comcat_global_m4
2001-05-24 03:18:09.750000+00:00,4.0,500,comcat_global_m4
2001-06-03 05:11:57.200000+00:00,4.0,500,comcat_global_m4
2001-06-14 10:59:33.520000+00:00,4.0,500,comcat_global_m4
2001-06-23 22:32:37.280000+00:00,4.0,500,comcat_global_m4
2001-06-27 21:21:10.540000+00:00,4.0,500,comcat_global_m4
2001-07-06 04:41:11.750000+00:00,4.0,500,comcat_global_m4
2001-07-16 00:12:16.790000+00:00,4.0,500,comcat_global_m4
2001-07-26 18:30:10.420000+00:00,4.0,500,comcat_global_m4
2001-08-05 22:36:54.850000+00:00,4.0,500,comcat_global_m4
2001-08-14 14:49:54.100000+00:00,4.400000000000001,500,comcat_global_m4
2001-08-24 11:04:37.180000+00:00,4.0,500,comcat_global_m4
2001-09-01 10:24:21.970000+00:00,4.0,500,comcat_global_m4
2001-09-10 08:23:10.670000+00:00,4.0,500,comcat_global_m4
2001-09-19 00:54:52.030000+00:00,4.0,500,comcat_global_m4
2001-09-30 11:55:00.900000+00:00,4.0,500,comcat_global_m4
2001-10-10 03:47:21.290000+00:00,4.0,500,comcat_global_m4
2001-10-19 13:37:18.830000+00:00,4.0,500,comcat_global_m4
2001-10-28 12:31:02.164000+00:00,4.0,500,comcat_global_m4
2001-11-07 12:54:48.620000+00:00,4.0,500,comcat_global_m4
2001-11-17 10:00:54.770000+00:00,4.0,500,comcat_global_m4
2001-11-27 20:24:48.870000+00:00,4.0,500,comcat_global_m4
2001-12-06 15:47:21.210000+00:00,4.0,500,comcat_global_m4
2001-12-16 09:06:12.170000+00:00,4.0,500,comcat_global_m4
2001-12-27 15:22:14.600000+00:00,4.0,500,comcat_global_m4
2002-01-06 15:36:06.700000+00:00,4.0,500,comcat_global_m4
2002-01-15 07:24:42.410000+00:00,4.0,500,comcat_global_m4
2002-01-24 18:20:04.210000+00:00,4.0,500,comcat_global_m4
2002-02-04 20:09:30.740000+00:00,4.0,500,comcat_global_m4
2002-02-13 08:11:13.140000+00:00,4.0,500,comcat_global_m4
2002-02-23 12:00:51.700000+00:00,4.0,500,comcat_global_m4
2002-03-05 19:26:07.360000+00:00,4.0,500,comcat_global_m4
2002-03-13 17:40:14.490000+00:00,4.0,500,comcat_global_m4
2002-03-22 06:49:42.700000+00:00,4.0,500,comcat_global_m4
2002-03-31 03:38:33.220000+00:00,4.0,500,comcat_global_m4
2002-04-08 18:48:41.930000+00:00,4.0,500,comcat_global_m4
2002-04-18 05:56:08.100000+00:00,4.0,500,comcat_global_m4
2002-04-27 04:49:05.640000+00:00,4.0,500,comcat_global_m4
2002-05-09 00:04:54.300000+00:00,4.0,500,comcat_global_m4
2002-05-21 05:27:08.770000+00:00,4.0,500,comcat_global_m4
2002-05-31 10:02:07.270000+00:00,4.0,500,comcat_global_m4
2002-06-11 13:26:15.580000+00:00,4.0,500,comcat_global_m4
2002-06-20 03:02:36.950000+00:00,4.0,500,comcat_global_m4
2002-06-28 15:06:13.710000+00:00,4.0,500,comcat_global_m4
2002-07-09 16:33:38.430000+00:00,4.0,500,comcat_global_m4
2002-07-19 19:58:26+00:00,4.0,500,comcat_global_m4
2002-08-01 21:25:56.410000+00:00,4.0,500,comcat_global_m4
2002-08-13 08:14:18.210000+00:00,4.0,500,comcat_global_m4
2002-08-22 11:01:14.670000+00:00,4.0,500,comcat_global_m4
2002-08-31 22:52:33.190000+00:00,4.0,500,comcat_global_m4
2002-09-09 05:46:10.910000+00:00,4.0,500,comcat_global_m4
2002-09-17 19:10:36.200000+00:00,4.0,500,comcat_global_m4
2002-09-26 06:10:12.200000+00:00,4.0,500,comcat_global_m4
2002-10-06 00:45:32.790000+00:00,4.0,500,comcat_global_m4
2002-10-12 22:47:21.280000+00:00,4.0,500,comcat_global_m4
2002-10-21 07:58:54.300000+00:00,4.0,500,comcat_global_m4
2002-10-28 13:23:45.280000+00:00,4.6000000000000005,500,comcat_global_m4
2002-11-03 22:45:38.306000+00:00,4.0,500,comcat_global_m4
2002-11-08 19:02:37.380000+00:00,4.0,500,comcat_global_m4
2002-11-16 18:04:41.390000+00:00,4.0,500,comcat_global_m4
2002-11-26 08:00:23.340000+00:00,4.0,500,comcat_global_m4
2002-12-04 10:30:08.960000+00:00,4.0,500,comcat_global_m4
2002-12-14 21:23:34.300000+00:00,4.0,500,comcat_global_m4
2002-12-25 07:01:28.100000+00:00,4.0,500,comcat_global_m4
2003-01-05 14:01:54.740000+00:00,4.0,500,comcat_global_m4
2003-01-17 16:03:21.270000+00:00,4.0,500,comcat_global_m4
2003-01-28 03:16:23.110000+00:00,4.0,500,comcat_global_m4
2003-02-09 00:05:12.860000+00:00,4.0,500,comcat_global_m4
2003-02-19 05:06:27.690000+00:00,4.0,500,comcat_global_m4
2003-03-02 03:25:44.750000+00:00,4.0,500,comcat_global_m4
2003-03-13 09:27:46.100000+00:00,4.0,500,comcat_global_m4
2003-03-21 01:23:50.870000+00:00,4.0,500,comcat_global_m4
2003-03-31 21:42:02.600000+00:00,4.0,500,comcat_global_m4
2003-04-10 21:04:32.180000+00:00,4.0,500,comcat_global_m4
2003-04-21 05:06:52.800000+00:00,4.0,500,comcat_global_m4
2003-04-30 21:33:50.010000+00:00,4.0,500,comcat_global_m4
2003-05-11 18:17:29.190000+00:00,4.0,500,comcat_global_m4
2003-05-22 01:39:13.620000+00:00,4.0,500,comcat_global_m4
2003-05-30 01:43:33.160000+00:00,4.0,500,comcat_global_m4
2003-06-07 12:20:04.340000+00:00,4.0,500,comcat_global_m4
2003-06-16 17:45:58.280000+00:00,4.0,500,comcat_global_m4
2003-06-26 09:29:31.800000+00:00,4.0,500,comcat_global_m4
2003-07-07 18:27:12.800000+00:00,4.0,500,comcat_global_m4
2003-07-17 01:08:16.190000+00:00,4.0,500,comcat_global_m4
2003-07-26 08:36:49.170000+00:00,4.0,500,comcat_global_m4
2003-08-04 11:21:07.960000+00:00,4.0,500,comcat_global_m4
2003-08-14 02:11:02.610000+00:00,4.0,500,comcat_global_m4
2003-08-22 02:00:45.100000+00:00,4.0,500,comcat_global_m4
2003-08-30 10:52:33.210000+00:00,4.0,500,comcat_global_m4
2003-09-09 07:54:00.150000+00:00,4.0,500,comcat_global_m4
2003-09-20 12:40:23.700000+00:00,4.0,500,comcat_global_m4
2003-09-27 17:55:34.750000+00:00,4.6000000000000005,500,comcat_global_m4
2003-10-02 22:56:36.680000+00:00,4.0,500,comcat_global_m4
2003-10-10 03:32:45.670000+00:00,4.0,500,comcat_global_m4
2003-10-20 00:39:54.440000+00:00,4.0,500,comcat_global_m4
2003-10-30 06:44:07.930000+00:00,4.0,500,comcat_global_m4
2003-11-07 13:59:28.790000+00:00,4.0,500,comcat_global_m4
2003-11-17 03:07:36.970000+00:00,4.0,500,comcat_global_m4
2003-11-21 04:09:09.520000+00:00,4.0,500,comcat_global_m4
2003-11-30 19:56:57.300000+00:00,4.0,500,comcat_global_m4
2003-12-08 20:12:34.710000+00:00,4.0,500,comcat_global_m4
2003-12-18 17:52:44.970000+00:00,4.0,500,comcat_global_m4
2003-12-27 07:59:40.100000+00:00,4.0,500,comcat_global_m4
2004-01-01 18:24:35.040000+00:00,4.0,500,comcat_global_m4
2004-01-07 07:51:37.320000+00:00,4.0,500,comcat_global_m4
2004-01-16 07:21:17.560000+00:00,4.0,500,comcat_global_m4
2004-01-28 03:33:25.520000+00:00,4.0,500,comcat_global_m4
2004-02-05 20:52:07.800000+00:00,4.0,500,comcat_global_m4
2004-02-13 09:54:04.970000+00:00,4.0,500,comcat_global_m4
2004-02-24 03:27:14.950000+00:00,4.0,500,comcat_global_m4
2004-03-02 07:07:52.520000+00:00,4.0,500,comcat_global_m4
2004-03-11 09:39:12.180000+00:00,4.0,500,comcat_global_m4
2004-03-20 00:59:21.330000+00:00,4.0,500,comcat_global_m4
2004-03-28 04:47:22+00:00,4.0,500,comcat_global_m4
2004-04-06 19:01:02.700000+00:00,4.0,500,comcat_global_m4
2004-04-15 18:44:36.220000+00:00,4.0,500,comcat_global_m4
2004-04-22 16:46:43.450000+00:00,4.0,500,comcat_global_m4
2004-04-29 16:04:11.550000+00:00,4.0,500,comcat_global_m4
2004-05-07 23:11:36.330000+00:00,4.0,500,comcat_global_m4
2004-05-14 10:38:59.600000+00:00,4.000000000000001,500,comcat_global_m4
2004-05-21 04:10:01.190000+00:00,4.000000000000001,500,comcat_global_m4
2004-05-27 08:24:08.850000+00:00,4.0,500,comcat_global_m4
2004-06-03 16:02:51.850000+00:00,4.0,500,comcat_global_m4
2004-06-11 11:02:20.930000+00:00,4.0,500,comcat_global_m4
2004-06-20 15:36:56.060000+00:00,4.0,500,comcat_global_m4
2004-06-28 05:11:06.340000+00:00,4.0,500,comcat_global_m4
2004-07-06 12:21:22.170000+00:00,4.0,500,comcat_global_m4
2004-07-15 06:26:57.060000+00:00,4.0,500,comcat_global_m4
2004-07-24 11:50:48.870000+00:00,4.0,500,comcat_global_m4
2004-08-01 19:03:10.290000+00:00,4.0,500,comcat_global_m4
2004-08-09 13:31:32.420000+00:00,4.0,500,comcat_global_m4
2004-08-18 09:05:54.170000+00:00,4.0,500,comcat_global_m4
2004-08-25 18:50:47.700000+00:00,4.0,500,comcat_global_m4
2004-09-03 20:23:35.050000+00:00,4.0,500,comcat_global_m4
2004-09-08 07:43:23.400000+00:00,4.0,500,comcat_global_m4
2004-09-16 14:48:51.840000+00:00,4.0,500,comcat_global_m4
2004-09-24 04:44:01.080000+00:00,4.0,500,comcat_global_m4
2004-10-02 10:40:36.280000+00:00,4.0,500,comcat_global_m4
2004-10-08 23:57:19.560000+00:00,4.0,500,comcat_global_m4
2004-10-17 03:56:05.860000+00:00,4.0,500,comcat_global_m4
2004-10-24 16:15:58.070000+00:00,4.0,500,comcat_global_m4
2004-11-01 20:50:28.020000+00:00,4.0,500,comcat_global_m4
2004-11-08 00:40:57.790000+00:00,4.0,500,comcat_global_m4
2004-11-12 08:19:22.300000+00:00,4.0,500,comcat_global_m4
2004-11-17 22:56:43.640000+00:00,4.0,500,comcat_global_m4
2004-11-24 11:52:38.390000+00:00,4.0,500,comcat_global_m4
2004-11-28 22:45:02.620000+00:00,4.0,500,comcat_global_m4
2004-12-04 18:37:21.330000+00:00,4.0,500,comcat_global_m4
2004-12-12 10:47:22.360000+00:00,4.0,500,comcat_global_m4
2004-12-19 02:30:07.340000+00:00,4.0,500,comcat_global_m4
2004-12-26 01:52:43+00:00,4.0,500,comcat_global_m4
2004-12-26 21:34:25.560000+00:00,4.6000000000000005,500,comcat_global_m4
2004-12-27 19:13:18.850000+00:00,4.6000000000000005,500,comcat_global_m4
2004-12-31 14:54:43.460000+00:00,4.6000000000000005,500,comcat_global_m4
2005-01-08 05:20:19.620000+00:00,4.0,500,comcat_global_m4
2005-01-12 10:28:55.520000+00:00,4.0,500,comcat_global_m4
2005-01-17 04:01:25.210000+00:00,4.0,500,comcat_global_m4
2005-01-21 01:22:28.150000+00:00,4.0,500,comcat_global_m4
2005-01-25 02:21:10.480000+00:00,4.1000000000000005,500,comcat_global_m4
2005-01-27 12:37:05.010000+00:00,4.300000000000001,500,comcat_global_m4
2005-01-28 07:12:40.590000+00:00,4.300000000000001,500,comcat_global_m4
2005-01-29 14:58:18.360000+00:00,4.300000000000001,500,comcat_global_m4
2005-02-05 12:23:18.940000+00:00,4.0,500,comcat_global_m4
2005-02-12 12:13:45.070000+00:00,4.0,500,comcat_global_m4
2005-02-18 00:39:49.590000+00:00,4.0,500,comcat_global_m4
2005-02-24 15:06:47.500000+00:00,4.0,500,comcat_global_m4
2005-03-02 09:45:36.930000+00:00,4.0,500,comcat_global_m4
2005-03-08 19:37:06.200000+00:00,4.0,500,comcat_global_m4
2005-03-15 20:07:00.680000+00:00,4.0,500,comcat_global_m4
2005-03-22 09:38:28.260000+00:00,4.0,500,comcat_global_m4
2005-03-28 17:33:42.060000+00:00,4.0,500,comcat_global_m4
2005-03-29 15:49:28.280000+00:00,4.2,500,comcat_global_m4
2005-03-31 22:22:09.310000+00:00,4.0,500,comcat_global_m4
2005-04-04 02:01:44.110000+00:00,4.0,500,comcat_global_m4
2005-04-07 22:58:17.330000+00:00,4.0,500,comcat_global_m4
2005-04-10 15:27:19+00:00,4.0,500,comcat_global_m4
2005-04-12 19:01:13+00:00,4.0,500,comcat_global_m4
2005-04-17 20:12:16.700000+00:00,4.0,500,comcat_global_m4
2005-04-23 22:14:07.520000+00:00,4.0,500,comcat_global_m4
2005-04-29 22:28:09.550000+00:00,4.0,500,comcat_global_m4
2005-05-05 13:12:48.780000+00:00,4.0,500,comcat_global_m4
2005-05-11 01:51:21.810000+00:00,4.0,500,comcat_global_m4
2005-05-14 19:38:21.420000+00:00,4.0,500,comcat_global_m4
2005-05-20 17:05:28.830000+00:00,4.0,500,comcat_global_m4
2005-05-27 17:02:22.200000+00:00,4.0,500,comcat_global_m4
2005-06-03 08:57:11.870000+00:00,4.0,500,comcat_global_m4
2005-06-09 23:45:03.100000+00:00,4.0,500,comcat_global_m4
2005-06-15 02:09:11.340000+00:00,4.0,500,comcat_global_m4
2005-06-21 00:33:10.400000+00:00,4.0,500,comcat_global_m4
2005-06-28 00:20:35.960000+00:00,4.0,500,comcat_global_m4
2005-07-05 08:08:00.150000+00:00,4.0,500,comcat_global_m4
2005-07-12 03:50:22.150000+00:00,4.0,500,comcat_global_m4
2005-07-19 20:50:26.350000+00:00,4.0,500,comcat_global_m4
2005-07-26 21:30:03.580000+00:00,4.0,500,comcat_global_m4
2005-08-01 01:12:22.050000+00:00,4.0,500,comcat_global_m4
2005-08-07 10:03:18.490000+00:00,4.0,500,comcat_global_m4
2005-08-15 00:44:07.140000+00:00,4.0,500,comcat_global_m4
2005-08-22 17:39:27.400000+00:00,4.0,500,comcat_global_m4
2005-08-30 14:10:44.970000+00:00,4.0,500,comcat_global_m4
2005-09-06 00:56:16.360000+00:00,4.2,500,comcat_global_m4
2005-09-12 19:08:29.600000+00:00,4.0,500,comcat_global_m4
2005-09-20 13:29:56.440000+00:00,4.0,500,comcat_global_m4
2005-09-25 07:34:25+00:00,4.0,500,comcat_global_m4
2005-10-01 02:43:41.440000+00:00,4.0,500,comcat_global_m4
2005-10-08 04:20:28.270000+00:00,4.2,500,comcat_global_m4
2005-10-10 09:07:56.010000+00:00,4.0,500,comcat_global_m4
2005-10-17 15:46:01.370000+00:00,4.0,500,comcat_global_m4
2005-10-24 14:32:41.400000+00:00,4.0,500,comcat_global_m4
2005-11-01 14:35:07.630000+00:00,4.0,500,comcat_global_m4
2005-11-10 18:14:22+00:00,4.0,500,comcat_global_m4
2005-11-17 21:42:27.200000+00:00,4.0,500,comcat_global_m4
2005-11-25 11:00:23.300000+00:00,4.0,500,comcat_global_m4
2005-12-02 22:21:57.730000+00:00,4.0,500,comcat_global_m4
2005-12-09 17:27:45.230000+00:00,4.2,500,comcat_global_m4
2005-12-17 10:54:07.270000+00:00,4.0,500,comcat_global_m4
2005-12-24 23:27:39.960000+00:00,4.0,500,comcat_global_m4
2005-12-31 19:08:45.530000+00:00,4.0,500,comcat_global_m4
2006-01-07 07:43:38.400000+00:00,4.0,500,comcat_global_m4
2006-01-15 22:14:55.150000+00:00,4.0,500,comcat_global_m4
2006-01-24 15:49:31.900000+00:00,4.0,500,comcat_global_m4
2006-02-01 16:51:38.090000+00:00,4.0,500,comcat_global_m4
2006-02-09 05:38:21.840000+00:00,4.0,500,comcat_global_m4
2006-02-16 22:39:18.200000+00:00,4.0,500,comcat_global_m4
2006-02-23 08:07:23.120000+00:00,4.0,500,comcat_global_m4
2006-03-02 04:29:11.400000+00:00,4.0,500,comcat_global_m4
2006-03-08 21:37:10.140000+00:00,4.0,500,comcat_global_m4
2006-03-12 13:22:11.250000+00:00,4.0,500,comcat_global_m4
2006-03-19 13:47:19.870000+00:00,4.0,500,comcat_global_m4
2006-03-26 01:26:43.400000+00:00,4.0,500,comcat_global_m4
2006-04-01 05:51:51.490000+00:00,4.0,500,comcat_global_m4
2006-04-06 19:29:19.280000+00:00,4.0,500,comcat_global_m4
2006-04-13 17:53:12.550000+00:00,4.0,500,comcat_global_m4
2006-04-20 21:08:43.200000+00:00,4.0,500,comcat_global_m4
2006-04-23 17:24:33.990000+00:00,4.0,500,comcat_global_m4
2006-04-30 00:09:57+00:00,4.0,500,comcat_global_m4
2006-05-04 05:01:42.050000+00:00,4.0,500,comcat_global_m4
2006-05-09 17:18:30.380000+00:00,4.0,500,comcat_global_m4
2006-05-15 20:09:47.260000+00:00,4.0,500,comcat_global_m4
2006-05-22 02:53:35.160000+00:00,4.0,500,comcat_global_m4
2006-05-27 15:39:51.390000+00:00,4.0,500,comcat_global_m4
2006-06-02 09:38:23.346000+00:00,4.0,500,comcat_global_m4
2006-06-09 13:39:43.650000+00:00,4.0,500,comcat_global_m4
2006-06-16 08:46:45.960000+00:00,4.0,500,comcat_global_m4
2006-06-23 16:00:41.230000+00:00,4.0,500,comcat_global_m4
2006-06-30 05:38:52.700000+00:00,4.0,500,comcat_global_m4
2006-07-07 03:28:57.200000+00:00,4.0,500,comcat_global_m4
2006-07-12 10:58:07.490000+00:00,4.0,500,comcat_global_m4
2006-07-17 15:45:59.820000+00:00,4.0,500,comcat_global_m4
2006-07-20 03:00:11.100000+00:00,4.0,500,comcat_global_m4
2006-07-25 20:32:39.270000+00:00,4.0,500,comcat_global_m4
2006-08-02 08:35:11.140000+00:00,4.0,500,comcat_global_m4
2006-08-09 19:51:36.750000+00:00,4.0,500,comcat_global_m4
2006-08-16 22:22:39.070000+00:00,4.0,500,comcat_global_m4
2006-08-23 23:36:43.460000+00:00,4.0,500,comcat_global_m4
2006-08-30 08:46:21.170000+00:00,4.0,500,comcat_global_m4
2006-09-06 21:48:52.080000+00:00,4.0,500,comcat_global_m4
2006-09-15 03:35:09.710000+00:00,4.0,500,comcat_global_m4
2006-09-22 02:07:23.230000+00:00,4.0,500,comcat_global_m4
2006-09-28 15:55:07.880000+00:00,4.0,500,comcat_global_m4
2006-10-03 20:45:26.280000+00:00,4.0,500,comcat_global_m4
2006-10-11 05:11:26.260000+00:00,4.0,500,comcat_global_m4
2006-10-17 14:40:06.220000+00:00,4.0,500,comcat_global_m4
2006-10-24 04:45:37.150000+00:00,4.0,500,comcat_global_m4
2006-11-01 00:13:29.350000+00:00,4.0,500,comcat_global_m4
2006-11-08 04:46:45.250000+00:00,4.0,500,comcat_global_m4
2006-11-13 09:29:53.010000+00:00,4.0,500,comcat_global_m4
2006-11-15 20:09:05.410000+00:00,4.6000000000000005,500,comcat_global_m4
2006-11-16 20:59:35.760000+00:00,4.0,500,comcat_global_m4
2006-11-19 01:27:23.240000+00:00,4.0,500,comcat_global_m4
2006-11-23 15:09:54.260000+00:00,4.1000000000000005,500,comcat_global_m4
2006-11-28 15:20:52.160000+00:00,4.1000000000000005,500,comcat_global_m4
2006-12-04 13:40:01.390000+00:00,4.0,500,comcat_global_m4
2006-12-10 20:19:07.370000+00:00,4.0,500,comcat_global_m4
2006-12-18 02:21:53.210000+00:00,4.0,500,comcat_global_m4
2006-12-25 21:08:31.790000+00:00,4.0,500,comcat_global_m4
2007-01-01 14:59:45.640000+00:00,4.0,500,comcat_global_m4
2007-01-09 21:52:43.450000+00:00,4.0,500,comcat_global_m4
2007-01-14 05:55:27.810000+00:00,4.0,500,comcat_global_m4
2007-01-19 10:11:59.700000+00:00,4.0,500,comcat_global_m4
2007-01-23 12:44:26.300000+00:00,4.0,500,comcat_global_m4
2007-01-29 02:17:52.470000+00:00,4.0,500,comcat_global_m4
2007-02-05 09:55:51.100000+00:00,4.0,500,comcat_global_m4
2007-02-13 21:15:47.900000+00:00,4.0,500,comcat_global_m4
2007-02-20 23:12:32.620000+00:00,4.0,500,comcat_global_m4
2007-02-26 22:34:29.280000+00:00,4.0,500,comcat_global_m4
2007-03-06 00:09:08.290000+00:00,4.0,500,comcat_global_m4
2007-03-13 00:34:56.130000+00:00,4.0,500,comcat_global_m4
2007-03-20 15:04:25.790000+00:00,4.2,500,comcat_global_m4
2007-03-26 22:16:37.170000+00:00,4.0,500,comcat_global_m4
2007-04-01 18:53:19.250000+00:00,4.0,500,comcat_global_m4
2007-04-03 07:53:09+00:00,4.6000000000000005,500,comcat_global_m4
2007-04-06 02:54:40.550000+00:00,4.6000000000000005,500,comcat_global_m4
2007-04-10 13:30:10.500000+00:00,4.0,500,comcat_global_m4
2007-04-17 00:31:04.460000+00:00,4.0,500,comcat_global_m4
2007-04-23 18:04:12.010000+00:00,4.0,500,comcat_global_m4
2007-04-30 07:21:24.880000+00:00,4.0,500,comcat_global_m4
2007-05-07 09:09:12+00:00,4.0,500,comcat_global_m4
2007-05-14 15:35:44.100000+00:00,4.0,500,comcat_global_m4
2007-05-21 08:21:20.360000+00:00,4.0,500,comcat_global_m4
2007-05-29 00:13:12.410000+00:00,4.0,500,comcat_global_m4
2007-06-05 09:33:42.310000+00:00,4.0,500,comcat_global_m4
2007-06-12 10:30:32.300000+00:00,4.0,500,comcat_global_m4
2007-06-20 03:40:07.370000+00:00,4.0,500,comcat_global_m4
2007-06-27 05:50:29.570000+00:00,4.0,500,comcat_global_m4
2007-07-04 04:33:28.890000+00:00,4.0,500,comcat_global_m4
2007-07-11 21:36:31.800000+00:00,4.0,500,comcat_global_m4
2007-07-18 08:48:26.900000+00:00,4.0,500,comcat_global_m4
2007-07-25 15:39:07.770000+00:00,4.0,500,comcat_global_m4
2007-07-31 16:58:32.190000+00:00,4.0,500,comcat_global_m4
2007-08-06 02:02:27.550000+00:00,4.0,500,comcat_global_m4
2007-08-12 09:40:17.110000+00:00,4.0,500,comcat_global_m4
2007-08-16 17:48:13.370000+00:00,4.0,500,comcat_global_m4
2007-08-21 03:13:26.990000+00:00,4.0,500,comcat_global_m4
2007-08-27 22:24:28.310000+00:00,4.0,500,comcat_global_m4
2007-09-02 14:54:26.590000+00:00,4.0,500,comcat_global_m4
2007-09-09 01:25:43.830000+00:00,4.0,500,comcat_global_m4
2007-09-13 13:40:21.570000+00:00,4.0,500,comcat_global_m4
2007-09-18 06:32:12.310000+00:00,4.0,500,comcat_global_m4
2007-09-24 19:06:37.900000+00:00,4.0,500,comcat_global_m4
2007-09-29 15:36:44.540000+00:00,4.0,500,comcat_global_m4
2007-10-04 10:09:48.300000+00:00,4.0,500,comcat_global_m4
2007-10-11 05:49:24.400000+00:00,4.0,500,comcat_global_m4
2007-10-17 13:33:18.440000+00:00,4.0,500,comcat_global_m4
2007-10-26 03:40:58.400000+00:00,4.0,500,comcat_global_m4
2007-11-02 10:14:40.860000+00:00,4.0,500,comcat_global_m4
2007-11-10 11:48:37.200000+00:00,4.0,500,comcat_global_m4
2007-11-17 17:54:32.770000+00:00,4.0,500,comcat_global_m4
2007-11-24 10:04:02.210000+00:00,4.0,500,comcat_global_m4
2007-11-30 22:32:56.780000+00:00,4.0,500,comcat_global_m4
2007-12-09 03:57:45.870000+00:00,4.0,500,comcat_global_m4
2007-12-16 10:05:04.820000+00:00,4.0,500,comcat_global_m4
2007-12-22 13:43:13.610000+00:00,4.0,500,comcat_global_m4
2007-12-28 21:16:56.800000+00:00,4.0,500,comcat_global_m4
2008-01-05 23:00:04.670000+00:00,4.0,500,comcat_global_m4
2008-01-13 10:49:46.880000+00:00,4.0,500,comcat_global_m4
2008-01-20 23:20:21.850000+00:00,4.0,500,comcat_global_m4
2008-01-28 03:13:02+00:00,4.0,500,comcat_global_m4
2008-02-04 00:44:36.600000+00:00,4.0,500,comcat_global_m4
2008-02-11 17:48:30.050000+00:00,4.0,500,comcat_global_m4
2008-02-19 19:00:31.300000+00:00,4.0,500,comcat_global_m4
2008-02-25 13:18:29.570000+00:00,4.0,500,comcat_global_m4
2008-03-02 17:22:11.580000+00:00,4.0,500,comcat_global_m4
2008-03-09 01:32:25.840000+00:00,4.0,500,comcat_global_m4
2008-03-15 10:15:38+00:00,4.0,500,comcat_global_m4
2008-03-22 05:47:23.870000+00:00,4.0,500,comcat_global_m4
2008-03-29 08:09:47.790000+00:00,4.0,500,comcat_global_m4
2008-04-04 16:43:32.480000+00:00,4.0,500,comcat_global_m4
2008-04-11 00:40:58.630000+00:00,4.0,500,comcat_global_m4
2008-04-16 04:46:17.650000+00:00,4.0,500,comcat_global_m4
2008-04-22 17:59:01.080000+00:00,4.0,500,comcat_global_m4
2008-04-29 06:43:52.800000+00:00,4.0,500,comcat_global_m4
2008-05-06 05:00:24.340000+00:00,4.0,500,comcat_global_m4
2008-05-11 02:42:19.590000+00:00,4.0,500,comcat_global_m4
2008-05-12 18:43:30.490000+00:00,4.0,500,comcat_global_m4
2008-05-14 23:28:15.380000+00:00,4.0,500,comcat_global_m4
2008-05-19 20:17:42.020000+00:00,4.0,500,comcat_global_m4
2008-05-25 15:36:08.960000+00:00,4.0,500,comcat_global_m4
2008-06-01 03:05:37.200000+00:00,4.0,500,comcat_global_m4
2008-06-07 01:35:50.340000+00:00,4.0,500,comcat_global_m4
2008-06-13 09:19:43.760000+00:00,4.0,500,comcat_global_m4
2008-06-18 16:39:39+00:00,4.0,500,comcat_global_m4
2008-06-25 11:09:09.020000+00:00,4.0,500,comcat_global_m4
2008-07-01 00:17:33.230000+00:00,4.0,500,comcat_global_m4
2008-07-07 16:18:54.090000+00:00,4.0,500,comcat_global_m4
2008-07-13 22:30:08.800000+00:00,4.0,500,comcat_global_m4
2008-07-20 04:17:19.110000+00:00,4.0,500,comcat_global_m4
2008-07-26 22:39:41.900000+00:00,4.0,500,comcat_global_m4
2008-08-03 22:32:17.570000+00:00,4.0,500,comcat_global_m4
2008-08-10 09:01:13.370000+00:00,4.0,500,comcat_global_m4
2008-08-17 05:56:59.370000+00:00,4.0,500,comcat_global_m4
2008-08-24 05:23:45.270000+00:00,4.0,500,comcat_global_m4
2008-08-29 17:45:53.270000+00:00,4.0,500,comcat_global_m4
2008-09-05 13:09:57.660000+00:00,4.0,500,comcat_global_m4
2008-09-12 17:12:57.430000+00:00,4.0,500,comcat_global_m4
2008-09-20 04:40:43.860000+00:00,4.0,500,comcat_global_m4
2008-09-27 19:27:54.890000+00:00,4.0,500,comcat_global_m4
2008-10-03 19:40:50.270000+00:00,4.0,500,comcat_global_m4
2008-10-08 14:03:05.940000+00:00,4.0,500,comcat_global_m4
2008-10-14 22:40:29.710000+00:00,4.0,500,comcat_global_m4
2008-10-21 15:09:10.500000+00:00,4.0,500,comcat_global_m4
2008-10-28 11:02:01.920000+00:00,4.0,500,comcat_global_m4
2008-11-02 07:16:18.280000+00:00,4.0,500,comcat_global_m4
2008-11-08 16:28:14.690000+00:00,4.0,500,comcat_global_m4
2008-11-16 13:36:40.520000+00:00,4.0,500,comcat_global_m4
2008-11-23 09:34:31.260000+00:00,4.0,500,comcat_global_m4
2008-12-01 21:23:04.120000+00:00,4.0,500,comcat_global_m4
2008-12-09 13:16:32.040000+00:00,4.0,500,comcat_global_m4
2008-12-16 20:13:49.200000+00:00,4.0,500,comcat_global_m4
2008-12-21 22:30:17.330000+00:00,4.0,500,comcat_global_m4
2008-12-28 12:30:51.550000+00:00,4.0,500,comcat_global_m4
2009-01-04 03:27:03.300000+00:00,4.0,500,comcat_global_m4
2009-01-11 19:50:46.370000+00:00,4.300000000000001,500,comcat_global_m4
2009-01-19 10:06:47.710000+00:00,4.6000000000000005,500,comcat_global_m4
2009-01-28 10:18:26.130000+00:00,4.300000000000001,500,comcat_global_m4
2009-02-10 04:10:13.470000+00:00,4.6000000000000005,500,comcat_global_m4
2009-02-13 02:24:22.300000+00:00,4.6000000000000005,500,comcat_global_m4
2009-02-21 00:52:56.910000+00:00,4.400000000000001,500,comcat_global_m4
2009-03-03 19:07:20.900000+00:00,4.400000000000001,500,comcat_global_m4
2009-03-15 23:04:12.160000+00:00,4.6000000000000005,500,comcat_global_m4
2009-03-24 17:28:37.710000+00:00,4.6000000000000005,500,comcat_global_m4
2009-04-05 20:20:53+00:00,4.6000000000000005,500,comcat_global_m4
2009-04-16 05:16:25.500000+00:00,4.400000000000001,500,comcat_global_m4
2009-04-26 08:03:36.480000+00:00,4.400000000000001,500,comcat_global_m4
2009-05-11 16:09:32.720000+00:00,4.300000000000001,500,comcat_global_m4
2009-05-24 05:14:36.380000+00:00,4.300000000000001,500,comcat_global_m4
2009-06-05 00:39:04.240000+00:00,4.2,500,comcat_global_m4
2009-06-17 08:36:48.570000+00:00,4.2,500,comcat_global_m4
2009-06-30 05:05:25.130000+00:00,4.300000000000001,500,comcat_global_m4
2009-07-11 13:46:24.880000+00:00,4.0,500,comcat_global_m4
2009-07-20 07:43:36.440000+00:00,4.400000000000001,500,comcat_global_m4
2009-07-31 00:56:56.970000+00:00,4.300000000000001,500,comcat_global_m4
2009-08-11 12:31:02.700000+00:00,4.300000000000001,500,comcat_global_m4
2009-08-18 23:35:59.720000+00:00,4.0,500,comcat_global_m4
2009-08-29 08:21:08.620000+00:00,4.6000000000000005,500,comcat_global_m4
2009-09-11 08:10:04.880000+00:00,4.6000000000000005,500,comcat_global_m4
2009-09-27 09:56:23.630000+00:00,4.6000000000000005,500,comcat_global_m4
2009-10-01 16:28:43.730000+00:00,4.6000000000000005,500,comcat_global_m4
2009-10-08 00:18:11.200000+00:00,4.6000000000000005,500,comcat_global_m4
2009-10-13 00:21:35.050000+00:00,4.6000000000000005,500,comcat_global_m4
2009-10-22 17:47:24.200000+00:00,4.300000000000001,500,comcat_global_m4
2009-11-02 21:35:44.360000+00:00,4.2,500,comcat_global_m4
2009-11-14 03:02:03.380000+00:00,4.2,500,comcat_global_m4
2009-11-26 07:25:30.810000+00:00,4.300000000000001,500,comcat_global_m4
2009-12-07 08:02:06.950000+00:00,4.6000000000000005,500,comcat_global_m4
2009-12-19 17:17:29.810000+00:00,4.6000000000000005,500,comcat_global_m4
2010-01-01 09:01:48.630000+00:00,4.6000000000000005,500,comcat_global_m4
2010-01-10 13:27:31.370000+00:00,4.300000000000001,500,comcat_global_m4
2010-01-18 19:35:56.500000+00:00,4.6000000000000005,500,comcat_global_m4
2010-01-28 19:13:45.060000+00:00,4.6000000000000005,500,comcat_global_m4
2010-02-10 02:27:08.320000+00:00,4.6000000000000005,500,comcat_global_m4
2010-02-22 05:21:04.940000+00:00,4.6000000000000005,500,comcat_global_m4
2010-02-27 11:38:51.710000+00:00,4.6000000000000005,500,comcat_global_m4
2010-02-28 01:48:25.070000+00:00,4.0,500,comcat_global_m4
2010-03-01 00:07:20.640000+00:00,4.0,500,comcat_global_m4
2010-03-03 04:35:21.860000+00:00,4.0,500,comcat_global_m4
2010-03-06 20:48:17.030000+00:00,4.0,500,comcat_global_m4
2010-03-11 15:24:52.850000+00:00,4.6000000000000005,500,comcat_global_m4
2010-03-15 10:10:48.840000+00:00,4.6000000000000005,500,comcat_global_m4
2010-03-21 14:17:38.250000+00:00,4.0,500,comcat_global_m4
2010-03-29 23:40:31.210000+00:00,4.0,500,comcat_global_m4
2010-04-06 13:36:14.290000+00:00,4.0,500,comcat_global_m4
2010-04-13 20:14:56.830000+00:00,4.0,500,comcat_global_m4
2010-04-22 15:44:21.020000+00:00,4.0,500,comcat_global_m4
2010-05-01 22:36:29.370000+00:00,4.0,500,comcat_global_m4
2010-05-09 23:05:25+00:00,4.0,500,comcat_global_m4
2010-05-20 07:50:16.050000+00:00,4.0,500,comcat_global_m4
2010-05-29 06:30:32.390000+00:00,4.0,500,comcat_global_m4
2010-06-08 01:56:37.090000+00:00,4.0,500,comcat_global_m4
2010-06-16 03:08:29.590000+00:00,4.0,500,comcat_global_m4
2010-06-26 01:15:10.330000+00:00,4.2,500,comcat_global_m4
2010-07-04 22:46:08.900000+00:00,4.2,500,comcat_global_m4
2010-07-14 09:54:02.910000+00:00,4.0,500,comcat_global_m4
2010-07-20 19:05:01+00:00,4.0,500,comcat_global_m4
2010-07-28 00:22:09+00:00,4.0,500,comcat_global_m4
2010-08-05 01:53:17.100000+00:00,4.0,500,comcat_global_m4
2010-08-11 13:03:25.420000+00:00,4.0,500,comcat_global_m4
2010-08-15 22:09:17.250000+00:00,4.2,500,comcat_global_m4
2010-08-25 08:26:10.420000+00:00,4.0,500,comcat_global_m4
2010-09-03 18:17:59.190000+00:00,4.0,500,comcat_global_m4
2010-09-10 01:23:49.190000+00:00,4.0,500,comcat_global_m4
2010-09-18 14:29:15.060000+00:00,4.0,500,comcat_global_m4
2010-09-28 04:39:12.670000+00:00,4.0,500,comcat_global_m4
2010-10-05 22:35:59.310000+00:00,4.0,500,comcat_global_m4
2010-10-15 03:44:49.680000+00:00,4.0,500,comcat_global_m4
2010-10-24 02:13:28.790000+00:00,4.0,500,comcat_global_m4
2010-10-31 07:10:40.570000+00:00,4.0,500,comcat_global_m4
2010-11-09 17:27:57.840000+00:00,4.0,500,comcat_global_m4
2010-11-15 19:02:44.890000+00:00,4.0,500,comcat_global_m4
2010-11-24 06:09:01.510000+00:00,4.6000000000000005,500,comcat_global_m4
2010-12-02 02:51:34.640000+00:00,4.6000000000000005,500,comcat_global_m4
2010-12-11 12:42:53.830000+00:00,4.0,500,comcat_global_m4
2010-12-19 19:24:35.940000+00:00,4.6000000000000005,500,comcat_global_m4
2010-12-22 05:12:27.970000+00:00,4.6000000000000005,500,comcat_global_m4
2010-12-23 16:28:14.780000+00:00,4.2,500,comcat_global_m4
2010-12-26 01:21:23.880000+00:00,4.2,500,comcat_global_m4
2010-12-31 01:19:05.420000+00:00,4.0,500,comcat_global_m4
2011-01-06 22:51:53.880000+00:00,4.0,500,comcat_global_m4
2011-01-12 18:56:10.290000+00:00,4.0,500,comcat_global_m4
2011-01-17 18:05:05.220000+00:00,4.0,500,comcat_global_m4
2011-01-24 14:27:44.300000+00:00,4.0,500,comcat_global_m4
2011-02-01 09:04:16.560000+00:00,4.0,500,comcat_global_m4
2011-02-09 14:51:15.980000+00:00,4.0,500,comcat_global_m4
2011-02-17 10:24:34.820000+00:00,4.0,500,comcat_global_m4
2011-02-24 04:26:00.830000+00:00,4.0,500,comcat_global_m4
2011-03-05 17:19:19.130000+00:00,4.0,500,comcat_global_m4
2011-03-11 06:49:57.540000+00:00,4.6000000000000005,500,comcat_global_m4
2011-03-11 15:04:23.680000+00:00,4.6000000000000005,500,comcat_global_m4
2011-03-11 23:26:49.680000+00:00,4.6000000000000005,500,comcat_global_m4
2011-03-12 08:59:59.970000+00:00,4.6000000000000005,500,comcat_global_m4
2011-03-12 22:27:12.130000+00:00,4.6000000000000005,500,comcat_global_m4
2011-03-13 12:41:59.410000+00:00,4.6000000000000005,500,comcat_global_m4
2011-03-14 07:41:17.480000+00:00,4.6000000000000005,500,comcat_global_m4
2011-03-15 11:25:11.260000+00:00,4.6000000000000005,500,comcat_global_m4
2011-03-17 02:48:00.030000+00:00,4.6000000000000005,500,comcat_global_m4
2011-03-19 02:31:45.480000+00:00,4.6000000000000005,500,comcat_global_m4
2011-03-21 05:54:12.510000+00:00,4.6000000000000005,500,comcat_global_m4
2011-03-23 17:05:46.790000+00:00,4.6000000000000005,500,comcat_global_m4
2011-03-27 00:18:50.250000+00:00,4.0,500,comcat_global_m4
2011-03-31 04:07:37.450000+00:00,4.2,500,comcat_global_m4
2011-04-04 11:46:23.780000+00:00,4.400000000000001,500,comcat_global_m4
2011-04-08 22:56:24.050000+00:00,4.300000000000001,500,comcat_global_m4
2011-04-13 19:54:18.020000+00:00,4.0,500,comcat_global_m4
2011-04-18 06:37:51.070000+00:00,4.0,500,comcat_global_m4
2011-04-24 07:49:37.680000+00:00,4.0,500,comcat_global_m4
2011-04-30 06:06:52.070000+00:00,4.2,500,comcat_global_m4
2011-05-06 18:11:27.470000+00:00,4.300000000000001,500,comcat_global_m4
2011-05-11 13:48:02.720000+00:00,4.0,500,comcat_global_m4
2011-05-17 12:16:29.360000+00:00,4.6000000000000005,500,comcat_global_m4
2011-05-23 05:23:14.010000+00:00,4.6000000000000005,500,comcat_global_m4
2011-05-29 23:35:24.320000+00:00,4.0,500,comcat_global_m4
2011-06-05 22:14:24+00:00,4.6000000000000005,500,comcat_global_m4
2011-06-12 18:31:21.370000+00:00,4.0,500,comcat_global_m4
2011-06-18 11:31:05.880000+00:00,4.0,500,comcat_global_m4
2011-06-25 07:37:48.350000+00:00,4.300000000000001,500,comcat_global_m4
2011-07-03 14:13:01.590000+00:00,4.6000000000000005,500,comcat_global_m4
2011-07-08 23:22:02.610000+00:00,4.6000000000000005,500,comcat_global_m4
2011-07-11 22:26:06.420000+00:00,4.6000000000000005,500,comcat_global_m4
2011-07-17 16:04:00.010000+00:00,4.6000000000000005,500,comcat_global_m4
2011-07-25 03:44:36.600000+00:00,4.0,500,comcat_global_m4
2011-08-01 20:46:49.730000+00:00,4.400000000000001,500,comcat_global_m4
2011-08-09 23:30:39.470000+00:00,4.400000000000001,500,comcat_global_m4
2011-08-18 21:42:44+00:00,4.0,500,comcat_global_m4
2011-08-24 19:41:06.820000+00:00,4.0,500,comcat_global_m4
2011-08-31 21:28:06.890000+00:00,4.0,500,comcat_global_m4
2011-09-09 02:33:53+00:00,4.0,500,comcat_global_m4
2011-09-17 01:18:54.870000+00:00,4.0,500,comcat_global_m4
2011-09-25 10:09:46.590000+00:00,4.0,500,comcat_global_m4
2011-10-03 22:03:02.810000+00:00,4.0,500,comcat_global_m4
2011-10-11 10:25:16.020000+00:00,4.0,500,comcat_global_m4
2011-10-19 22:55:20.130000+00:00,4.0,500,comcat_global_m4
2011-10-25 20:08:30.890000+00:00,4.0,500,comcat_global_m4
2011-11-01 12:32:00.430000+00:00,4.0,500,comcat_global_m4
2011-11-08 17:24:51.850000+00:00,4.0,500,comcat_global_m4
2011-11-17 19:46:54.560000+00:00,4.0,500,comcat_global_m4
2011-11-24 07:34:56+00:00,4.300000000000001,500,comcat_global_m4
2011-12-02 20:13:47.040000+00:00,4.300000000000001,500,comcat_global_m4
2011-12-11 09:40:10.660000+00:00,4.6000000000000005,500,comcat_global_m4
2011-12-20 07:33:52.730000+00:00,4.6000000000000005,500,comcat_global_m4
2011-12-28 08:50:17.700000+00:00,4.6000000000000005,500,comcat_global_m4
2012-01-05 16:26:28.360000+00:00,4.6000000000000005,500,comcat_global_m4
2012-01-13 04:12:43.090000+00:00,4.6000000000000005,500,comcat_global_m4
2012-01-20 00:42:02.080000+00:00,4.6000000000000005,500,comcat_global_m4
2012-01-28 05:20:59.660000+00:00,4.6000000000000005,500,comcat_global_m4
2012-02-03 04:01:51.410000+00:00,4.6000000000000005,500,comcat_global_m4
2012-02-08 15:40:52.020000+00:00,4.6000000000000005,500,comcat_global_m4
2012-02-17 00:23:00.120000+00:00,4.6000000000000005,500,comcat_global_m4
2012-02-25 09:32:42.020000+00:00,4.6000000000000005,500,comcat_global_m4
2012-03-02 16:48:30.660000+00:00,4.6000000000000005,500,comcat_global_m4
2012-03-09 18:15:49.960000+00:00,4.6000000000000005,500,comcat_global_m4
2012-03-15 22:29:04.220000+00:00,4.6000000000000005,500,comcat_global_m4
2012-03-22 15:13:10.070000+00:00,4.6000000000000005,500,comcat_global_m4
2012-03-29 14:53:12.390000+00:00,4.6000000000000005,500,comcat_global_m4
2012-04-06 11:24:49.530000+00:00,4.6000000000000005,500,comcat_global_m4
2012-04-11 16:09:37.230000+00:00,4.6000000000000005,500,comcat_global_m4
2012-04-14 00:14:13.640000+00:00,4.6000000000000005,500,comcat_global_m4
2012-04-19 00:24:37.370000+00:00,4.0,500,comcat_global_m4
2012-04-24 15:02:33.350000+00:00,4.0,500,comcat_global_m4
2012-05-01 08:55:09+00:00,4.0,500,comcat_global_m4
2012-05-08 04:50:54+00:00,4.0,500,comcat_global_m4
2012-05-16 13:32:46.100000+00:00,4.0,500,comcat_global_m4
2012-05-23 10:24:06.740000+00:00,4.0,500,comcat_global_m4
2012-05-30 07:58:23.170000+00:00,4.0,500,comcat_global_m4
2012-06-07 10:17:14.550000+00:00,4.0,500,comcat_global_m4
2012-06-16 00:59:00.640000+00:00,4.0,500,comcat_global_m4
2012-06-24 00:03:13.998000+00:00,4.0,500,comcat_global_m4
2012-07-03 00:23:26.660000+00:00,4.0,500,comcat_global_m4
2012-07-11 12:19:49.200000+00:00,4.0,500,comcat_global_m4
2012-07-20 06:52:47.760000+00:00,4.0,500,comcat_global_m4
2012-07-29 01:30:04.410000+00:00,4.0,500,comcat_global_m4
2012-08-06 05:06:38.200000+00:00,4.300000000000001,500,comcat_global_m4
2012-08-13 23:04:22.370000+00:00,4.0,500,comcat_global_m4
2012-08-24 02:34:25.100000+00:00,4.0,500,comcat_global_m4
2012-08-30 22:51:36.600000+00:00,4.2,500,comcat_global_m4
2012-09-03 15:56:57.460000+00:00,4.300000000000001,500,comcat_global_m4
2012-09-08 12:44:08.030000+00:00,4.400000000000001,500,comcat_global_m4
2012-09-15 01:51:10.890000+00:00,4.0,500,comcat_global_m4
2012-09-23 01:51:36.790000+00:00,4.0,500,comcat_global_m4
2012-10-01 13:25:59.580000+00:00,4.0,500,comcat_global_m4
2012-10-09 15:01:21.980000+00:00,4.0,500,comcat_global_m4
2012-10-19 04:41:41+00:00,4.0,500,comcat_global_m4
2012-10-27 20:54:58.900000+00:00,4.0,500,comcat_global_m4
2012-10-30 15:57:55+00:00,4.0,500,comcat_global_m4
2012-11-07 17:04:04.170000+00:00,4.0,500,comcat_global_m4
2012-11-13 07:06:33+00:00,4.0,500,comcat_global_m4
2012-11-20 16:10:38.710000+00:00,4.0,500,comcat_global_m4
2012-11-30 00:34:57.900000+00:00,4.0,500,comcat_global_m4
2012-12-07 14:08:42.860000+00:00,4.6000000000000005,500,comcat_global_m4
2012-12-14 04:52:53.100000+00:00,4.6000000000000005,500,comcat_global_m4
2012-12-23 06:13:05.330000+00:00,4.6000000000000005,500,comcat_global_m4
2012-12-31 11:38:26.868000+00:00,4.0,500,comcat_global_m4
2013-01-08 23:33:22.160000+00:00,4.400000000000001,500,comcat_global_m4
2013-01-15 23:58:58.180000+00:00,4.400000000000001,500,comcat_global_m4
2013-01-25 18:52:26.220000+00:00,4.6000000000000005,500,comcat_global_m4
2013-02-02 11:33:58.380000+00:00,4.6000000000000005,500,comcat_global_m4
2013-02-06 09:14:53.460000+00:00,4.6000000000000005,500,comcat_global_m4
2013-02-07 21:40:55.270000+00:00,4.6000000000000005,500,comcat_global_m4
2013-02-10 12:57:52.200000+00:00,4.6000000000000005,500,comcat_global_m4
2013-02-16 13:17:34.900000+00:00,4.0,500,comcat_global_m4
2013-02-23 08:50:14.400000+00:00,4.0,500,comcat_global_m4
2013-03-03 06:37:17.580000+00:00,4.300000000000001,500,comcat_global_m4
2013-03-11 13:19:28.460000+00:00,4.0,500,comcat_global_m4
2013-03-20 00:24:59.670000+00:00,4.0,500,comcat_global_m4
2013-03-28 12:15:13.510000+00:00,4.0,500,comcat_global_m4
2013-04-05 14:04:04.566000+00:00,4.0,500,comcat_global_m4
2013-04-12 06:32:41.790000+00:00,4.0,500,comcat_global_m4
2013-04-18 05:19:08.850000+00:00,4.0,500,comcat_global_m4
2013-04-24 02:15:51.040000+00:00,4.0,500,comcat_global_m4
2013-05-03 01:03:02.680000+00:00,4.0,500,comcat_global_m4
2013-05-11 07:58:38.290000+00:00,4.0,500,comcat_global_m4
2013-05-17 20:03:36+00:00,4.2,500,comcat_global_m4
2013-05-21 13:51:13.320000+00:00,4.0,500,comcat_global_m4
2013-05-29 14:01:19.010000+00:00,4.0,500,comcat_global_m4
2013-06-07 02:24:45.240000+00:00,4.0,500,comcat_global_m4
2013-06-16 01:43:40.780000+00:00,4.0,500,comcat_global_m4
2013-06-24 08:25:49.970000+00:00,4.0,500,comcat_global_m4
2013-07-03 09:41:29.440000+00:00,4.0,500,comcat_global_m4
2013-07-11 12:37:49.720000+00:00,4.0,500,comcat_global_m4
2013-07-18 13:26:20.780000+00:00,4.0,500,comcat_global_m4
2013-07-24 18:44:50.970000+00:00,4.0,500,comcat_global_m4
2013-08-01 16:39:58.850000+00:00,4.0,500,comcat_global_m4
2013-08-09 02:30:24.650000+00:00,4.0,500,comcat_global_m4
2013-08-16 06:15:55.080000+00:00,4.0,500,comcat_global_m4
2013-08-23 05:18:43.500000+00:00,4.0,500,comcat_global_m4
2013-08-31 04:35:44.200000+00:00,4.0,500,comcat_global_m4
2013-09-05 15:35:05.160000+00:00,4.0,500,comcat_global_m4
2013-09-14 05:13:06.540000+00:00,4.0,500,comcat_global_m4
2013-09-21 16:48:58.770000+00:00,4.0,500,comcat_global_m4
2013-09-28 21:16:08.350000+00:00,4.0,500,comcat_global_m4
2013-10-06 16:38:08.760000+00:00,4.0,500,comcat_global_m4
2013-10-15 00:22:21.480000+00:00,4.0,500,comcat_global_m4
2013-10-19 19:56:42.270000+00:00,4.0,500,comcat_global_m4
2013-10-26 07:30:43.330000+00:00,4.0,500,comcat_global_m4
2013-11-01 14:41:24.900000+00:00,4.0,500,comcat_global_m4
2013-11-07 18:49:15.450000+00:00,4.0,500,comcat_global_m4
2013-11-13 19:09:37.210000+00:00,4.0,500,comcat_global_m4
2013-11-17 12:11:36.140000+00:00,4.0,500,comcat_global_m4
2013-11-20 13:54:22.370000+00:00,4.2,500,comcat_global_m4
2013-11-25 20:06:55.620000+00:00,4.0,500,comcat_global_m4
2013-12-01 09:36:20.290000+00:00,4.0,500,comcat_global_m4
2013-12-07 16:34:12.570000+00:00,4.0,500,comcat_global_m4
2013-12-14 10:00:29.760000+00:00,4.0,500,comcat_global_m4
2013-12-20 09:46:50.080000+00:00,4.2,500,comcat_global_m4
2013-12-26 05:55:23.660000+00:00,4.0,500,comcat_global_m4
2013-12-31 20:07:43.890000+00:00,4.0,500,comcat_global_m4
2014-01-06 16:23:22.040000+00:00,4.0,500,comcat_global_m4
2014-01-13 15:09:53.870000+00:00,4.0,500,comcat_global_m4
2014-01-19 05:30:38.360000+00:00,4.0,500,comcat_global_m4
2014-01-24 20:07:53.940000+00:00,4.0,500,comcat_global_m4
2014-01-29 07:30:07.330000+00:00,4.0,500,comcat_global_m4
2014-02-03 13:28:48.350000+00:00,4.0,500,comcat_global_m4
2014-02-08 19:50:36.410000+00:00,4.0,500,comcat_global_m4
2014-02-14 13:49:35.720000+00:00,4.0,500,comcat_global_m4
2014-02-22 10:42:28.660000+00:00,4.0,500,comcat_global_m4
2014-02-28 23:34:04+00:00,4.0,500,comcat_global_m4
2014-03-07 17:43:56.190000+00:00,4.0,500,comcat_global_m4
2014-03-13 23:47:26.610000+00:00,4.0,500,comcat_global_m4
2014-03-18 08:50:36.890000+00:00,4.0,500,comcat_global_m4
2014-03-22 06:23:47.430000+00:00,4.0,500,comcat_global_m4
2014-03-26 19:46:29.010000+00:00,4.0,500,comcat_global_m4
2014-04-02 01:44:47.970000+00:00,4.0,500,comcat_global_m4
2014-04-04 08:08:05.220000+00:00,4.0,500,comcat_global_m4
2014-04-10 00:08:41.140000+00:00,4.0,500,comcat_global_m4
2014-04-13 04:31:10.700000+00:00,4.0,500,comcat_global_m4
2014-04-15 14:08:03.340000+00:00,4.2,500,comcat_global_m4
2014-04-19 14:18:46.750000+00:00,4.2,500,comcat_global_m4
2014-04-21 15:27:18.400000+00:00,4.0,500,comcat_global_m4
2014-04-26 07:01:21.530000+00:00,4.0,500,comcat_global_m4
2014-05-01 19:23:20.930000+00:00,4.0,500,comcat_global_m4
2014-05-06 04:32:06.390000+00:00,4.0,500,comcat_global_m4
2014-05-11 17:11:39.610000+00:00,4.0,500,comcat_global_m4
2014-05-16 19:52:30.450000+00:00,4.0,500,comcat_global_m4
2014-05-23 05:09:39.130000+00:00,4.0,500,comcat_global_m4
2014-05-28 16:19:34.820000+00:00,4.0,500,comcat_global_m4
2014-06-02 07:02:09.440000+00:00,4.0,500,comcat_global_m4
2014-06-08 03:07:25.600000+00:00,4.0,500,comcat_global_m4
2014-06-14 10:17:01.060000+00:00,4.0,500,comcat_global_m4
2014-06-20 16:14:52.490000+00:00,4.0,500,comcat_global_m4
2014-06-23 22:29:16.370000+00:00,4.0,500,comcat_global_m4
2014-06-26 01:50:45.280000+00:00,4.0,500,comcat_global_m4
2014-06-29 23:01:59.660000+00:00,4.0,500,comcat_global_m4
2014-07-04 08:49:10.010000+00:00,4.0,500,comcat_global_m4
2014-07-09 08:33:55.740000+00:00,4.0,500,comcat_global_m4
2014-07-14 13:21:01.630000+00:00,4.0,500,comcat_global_m4
2014-07-20 01:25:33.470000+00:00,4.0,500,comcat_global_m4
2014-07-25 23:22:10.820000+00:00,4.0,500,comcat_global_m4
2014-07-31 02:50:19.380000+00:00,4.0,500,comcat_global_m4
2014-08-05 08:23:20.570000+00:00,4.0,500,comcat_global_m4
2014-08-11 18:10:00.950000+00:00,4.0,500,comcat_global_m4
2014-08-18 02:53:12.600000+00:00,4.0,500,comcat_global_m4
2014-08-22 15:41:08.830000+00:00,4.0,500,comcat_global_m4
2014-08-28 03:25:23.620000+00:00,4.0,500,comcat_global_m4
2014-09-03 08:14:51.820000+00:00,4.0,500,comcat_global_m4
2014-09-08 19:24:02.040000+00:00,4.0,500,comcat_global_m4
2014-09-14 09:26:47.540000+00:00,4.0,500,comcat_global_m4
2014-09-20 05:10:16.290000+00:00,4.0,500,comcat_global_m4
2014-09-26 15:38:16+00:00,4.0,500,comcat_global_m4
2014-10-02 21:09:03.190000+00:00,4.0,500,comcat_global_m4
2014-10-07 18:08:09.430000+00:00,4.0,500,comcat_global_m4
2014-10-12 19:34:23.260000+00:00,4.0,500,comcat_global_m4
2014-10-17 19:09:32.470000+00:00,4.0,500,comcat_global_m4
2014-10-22 05:24:26.660000+00:00,4.0,500,comcat_global_m4
2014-10-27 06:01:04.980000+00:00,4.0,500,comcat_global_m4
2014-11-02 08:41:38.110000+00:00,4.0,500,comcat_global_m4
2014-11-07 23:54:22.850000+00:00,4.0,500,comcat_global_m4
2014-11-13 03:07:32.530000+00:00,4.0,500,comcat_global_m4
2014-11-17 01:25:28.970000+00:00,4.0,500,comcat_global_m4
2014-11-20 07:44:17.320000+00:00,4.0,500,comcat_global_m4
2014-11-25 18:48:19.230000+00:00,4.0,500,comcat_global_m4
2014-11-29 16:00:10.710000+00:00,4.0,500,comcat_global_m4
2014-12-05 11:24:28.860000+00:00,4.0,500,comcat_global_m4
2014-12-10 19:58:38.090000+00:00,4.0,500,comcat_global_m4
2014-12-17 13:06:02.720000+00:00,4.0,500,comcat_global_m4
2014-12-23 06:43:26.180000+00:00,4.0,500,comcat_global_m4
2014-12-30 12:10:40.640000+00:00,4.0,500,comcat_global_m4
2015-01-05 09:23:19.808000+00:00,4.0,500,comcat_global_m4
2015-01-12 00:51:50.630000+00:00,4.0,500,comcat_global_m4
2015-01-18 20:41:17.830000+00:00,4.0,500,comcat_global_m4
2015-01-25 08:26:28.360000+00:00,4.0,500,comcat_global_m4
2015-01-31 20:47:11.500000+00:00,4.0,500,comcat_global_m4
2015-02-07 00:26:04.240000+00:00,4.0,500,comcat_global_m4
2015-02-13 22:16:01.990000+00:00,4.0,500,comcat_global_m4
2015-02-20 03:52:20.840000+00:00,4.0,500,comcat_global_m4
2015-02-26 23:09:12.840000+00:00,4.0,500,comcat_global_m4
2015-03-05 15:43:06.460000+00:00,4.0,500,comcat_global_m4
2015-03-12 21:55:44.740000+00:00,4.0,500,comcat_global_m4
2015-03-19 14:23:05.420000+00:00,4.0,500,comcat_global_m4
2015-03-26 20:14:43.690000+00:00,4.0,500,comcat_global_m4
2015-04-01 15:54:14+00:00,4.0,500,comcat_global_m4
2015-04-08 13:49:36.850000+00:00,4.0,500,comcat_global_m4
2015-04-15 16:57:03.310000+00:00,4.0,500,comcat_global_m4
2015-04-22 16:38:27.600000+00:00,4.0,500,comcat_global_m4
2015-04-27 06:30:21.580000+00:00,4.0,500,comcat_global_m4
2015-05-03 18:10:40.670000+00:00,4.0,500,comcat_global_m4
2015-05-07 13:12:10.590000+00:00,4.0,500,comcat_global_m4
2015-05-11 18:25:50.340000+00:00,4.0,500,comcat_global_m4
2015-05-16 07:04:50.300000+00:00,4.0,500,comcat_global_m4
2015-05-21 19:44:16.530000+00:00,4.0,500,comcat_global_m4
2015-05-27 00:04:51.480000+00:00,4.0,500,comcat_global_m4
2015-06-02 04:25:42.130000+00:00,4.0,500,comcat_global_m4
2015-06-09 01:09:03+00:00,4.0,500,comcat_global_m4
2015-06-15 03:06:39.870000+00:00,4.0,500,comcat_global_m4
2015-06-22 09:13:40+00:00,4.0,500,comcat_global_m4
2015-06-29 14:25:28.890000+00:00,4.0,500,comcat_global_m4
2015-07-05 12:30:49.120000+00:00,4.0,500,comcat_global_m4
2015-07-11 01:53:58.100000+00:00,4.0,500,comcat_global_m4
2015-07-17 07:17:52.610000+00:00,4.0,500,comcat_global_m4
2015-07-24 08:22:59.680000+00:00,4.0,500,comcat_global_m4
2015-07-29 16:05:02.440000+00:00,4.0,500,comcat_global_m4
2015-08-05 05:09:47.220000+00:00,4.0,500,comcat_global_m4
2015-08-11 10:34:28.200000+00:00,4.0,500,comcat_global_m4
2015-08-18 00:15:47.020000+00:00,4.0,500,comcat_global_m4
2015-08-24 15:01:40.170000+00:00,4.0,500,comcat_global_m4
2015-08-31 13:56:06.690000+00:00,4.0,500,comcat_global_m4
2015-09-06 05:15:36.120000+00:00,4.0,500,comcat_global_m4
2015-09-10 21:25:28.520000+00:00,4.0,500,comcat_global_m4
2015-09-16 19:12:18.800000+00:00,4.0,500,comcat_global_m4
2015-09-17 18:04:41.180000+00:00,4.2,500,comcat_global_m4
2015-09-20 01:28:31.280000+00:00,4.0,500,comcat_global_m4
2015-09-23 20:52:59.900000+00:00,4.0,500,comcat_global_m4
2015-09-29 01:59:35.790000+00:00,4.0,500,comcat_global_m4
2015-10-04 16:48:08.020000+00:00,4.0,500,comcat_global_m4
2015-10-11 18:26:53.530000+00:00,4.0,500,comcat_global_m4
2015-10-18 02:38:27.590000+00:00,4.0,500,comcat_global_m4
2015-10-23 18:18:13.390000+00:00,4.0,500,comcat_global_m4
2015-10-29 17:11:29.810000+00:00,4.0,500,comcat_global_m4
2015-11-04 18:47:36.410000+00:00,4.0,500,comcat_global_m4
2015-11-09 13:51:33.040000+00:00,4.0,500,comcat_global_m4
2015-11-15 05:21:44.230000+00:00,4.0,500,comcat_global_m4
2015-11-20 04:45:49.900000+00:00,4.0,500,comcat_global_m4
2015-11-25 21:33:16.110000+00:00,4.0,500,comcat_global_m4
2015-12-02 06:48:06.490000+00:00,4.0,500,comcat_global_m4
2015-12-08 00:20:38.830000+00:00,4.0,500,comcat_global_m4
2015-12-12 23:32:25.390000+00:00,4.0,500,comcat_global_m4
2015-12-19 23:30:15.670000+00:00,4.0,500,comcat_global_m4
2015-12-26 12:33:12.700000+00:00,4.0,500,comcat_global_m4
2016-01-03 07:06:43.130000+00:00,4.0,500,comcat_global_m4
2016-01-10 06:01:53.680000+00:00,4.0,500,comcat_global_m4
2016-01-16 04:35:56.930000+00:00,4.0,500,comcat_global_m4
2016-01-22 21:11:19.570000+00:00,4.0,500,comcat_global_m4
2016-01-30 01:52:35.780000+00:00,4.0,500,comcat_global_m4
2016-02-05 05:00:46.740000+00:00,4.0,500,comcat_global_m4
2016-02-12 13:59:49.010000+00:00,4.0,500,comcat_global_m4
2016-02-18 21:33:32.980000+00:00,4.0,500,comcat_global_m4
2016-02-25 15:12:27.220000+00:00,4.0,500,comcat_global_m4
2016-03-02 22:42:56.980000+00:00,4.0,500,comcat_global_m4
2016-03-10 00:03:39.300000+00:00,4.0,500,comcat_global_m4
2016-03-16 13:41:34.150000+00:00,4.0,500,comcat_global_m4
2016-03-23 10:50:02.380000+00:00,4.0,500,comcat_global_m4
2016-03-31 15:38:36.890000+00:00,4.0,500,comcat_global_m4
2016-04-06 00:30:51.320000+00:00,4.0,500,comcat_global_m4
2016-04-11 21:33:32.680000+00:00,4.0,500,comcat_global_m4
2016-04-16 03:38:30.640000+00:00,4.0,500,comcat_global_m4
2016-04-20 11:23:22.930000+00:00,4.0,500,comcat_global_m4
2016-04-26 10:21:47.490000+00:00,4.0,500,comcat_global_m4
2016-05-02 07:26:52.300000+00:00,4.0,500,comcat_global_m4
2016-05-08 20:37:08.950000+00:00,4.0,500,comcat_global_m4
2016-05-15 01:10:45.070000+00:00,4.0,500,comcat_global_m4
2016-05-21 11:14:48.780000+00:00,4.0,500,comcat_global_m4
2016-05-29 05:58:38.890000+00:00,4.0,500,comcat_global_m4
2016-06-04 04:57:45.380000+00:00,4.0,500,comcat_global_m4
2016-06-10 18:29:50.780000+00:00,4.0,500,comcat_global_m4
2016-06-17 08:45:41.290000+00:00,4.0,500,comcat_global_m4
2016-06-22 16:23:23.240000+00:00,4.0,500,comcat_global_m4
2016-06-27 13:18:25.500000+00:00,4.0,500,comcat_global_m4
2016-07-04 00:55:04.170000+00:00,4.0,500,comcat_global_m4
2016-07-10 13:04:13.790000+00:00,4.300000000000001,500,comcat_global_m4
2016-07-17 01:31:46.530000+00:00,4.0,500,comcat_global_m4
2016-07-23 11:26:47.480000+00:00,4.0,500,comcat_global_m4
2016-07-30 08:37:46.990000+00:00,4.0,500,comcat_global_m4
2016-08-05 12:04:13.720000+00:00,4.0,500,comcat_global_m4
2016-08-12 08:16:45.470000+00:00,4.0,500,comcat_global_m4
2016-08-17 17:00:10.110000+00:00,4.0,500,comcat_global_m4
2016-08-20 19:22:53.520000+00:00,4.300000000000001,500,comcat_global_m4
2016-08-26 12:23:31.290000+00:00,4.0,500,comcat_global_m4
2016-09-01 09:50:15.920000+00:00,4.0,500,comcat_global_m4
2016-09-04 01:31:46.270000+00:00,4.0,500,comcat_global_m4
2016-09-09 16:54:11.400000+00:00,4.0,500,comcat_global_m4
2016-09-16 12:04:39.700000+00:00,4.0,500,comcat_global_m4
2016-09-22 09:41:30.710000+00:00,4.0,500,comcat_global_m4
2016-09-26 11:41:11.290000+00:00,4.0,500,comcat_global_m4
2016-10-02 23:54:34.540000+00:00,4.0,500,comcat_global_m4
2016-10-10 20:18:03.300000+00:00,4.0,500,comcat_global_m4
2016-10-17 08:06:29.970000+00:00,4.1000000000000005,500,comcat_global_m4
2016-10-25 04:49:22.340000+00:00,4.0,500,comcat_global_m4
2016-11-01 08:29:39.490000+00:00,4.0,500,comcat_global_m4
2016-11-08 11:17:34.070000+00:00,4.0,500,comcat_global_m4
2016-11-13 15:38:19.210000+00:00,4.0,500,comcat_global_m4
2016-11-16 20:47:34.310000+00:00,4.0,500,comcat_global_m4
2016-11-21 08:11:50.820000+00:00,4.2,500,comcat_global_m4
2016-11-25 07:35:48.970000+00:00,4.0,500,comcat_global_m4
2016-12-01 23:15:44.640000+00:00,4.0,500,comcat_global_m4
2016-12-08 17:46:23.630000+00:00,4.0,500,comcat_global_m4
2016-12-10 19:10:12.670000+00:00,4.0,500,comcat_global_m4
2016-12-16 05:55:00.920000+00:00,4.0,500,comcat_global_m4
2016-12-19 02:22:45.680000+00:00,4.0,500,comcat_global_m4
2016-12-23 17:50:10.130000+00:00,4.0,500,comcat_global_m4
2016-12-28 23:51:54.760000+00:00,4.2,500,comcat_global_m4
2017-01-04 02:33:34.200000+00:00,4.0,500,comcat_global_m4
2017-01-11 08:38:34.750000+00:00,4.0,500,comcat_global_m4
2017-01-18 09:25:41.610000+00:00,4.0,500,comcat_global_m4
2017-01-25 01:10:06.430000+00:00,4.0,500,comcat_global_m4
2017-02-01 15:18:11.150000+00:00,4.0,500,comcat_global_m4
2017-02-09 17:24:19.740000+00:00,4.0,500,comcat_global_m4
2017-02-17 14:05:40.640000+00:00,4.0,500,comcat_global_m4
2017-02-25 17:58:36.610000+00:00,4.0,500,comcat_global_m4
2017-03-05 01:35:39.130000+00:00,4.0,500,comcat_global_m4
2017-03-14 00:48:41.790000+00:00,4.0,500,comcat_global_m4
2017-03-21 10:58:19.200000+00:00,4.0,500,comcat_global_m4
2017-03-29 01:58:03.360000+00:00,4.0,500,comcat_global_m4
2017-04-04 14:13:16.500000+00:00,4.0,500,comcat_global_m4
2017-04-11 17:23:42.480000+00:00,4.0,500,comcat_global_m4
2017-04-19 03:39:53.350000+00:00,4.0,500,comcat_global_m4
2017-04-26 04:42:19.630000+00:00,4.0,500,comcat_global_m4
2017-05-01 14:31:38.940000+00:00,4.0,500,comcat_global_m4
2017-05-08 18:14:07.780000+00:00,4.0,500,comcat_global_m4
2017-05-15 06:24:50.990000+00:00,4.0,500,comcat_global_m4
2017-05-23 02:06:29.800000+00:00,4.0,500,comcat_global_m4
2017-05-30 13:01:57.910000+00:00,4.0,500,comcat_global_m4
2017-06-08 19:08:07.240000+00:00,4.0,500,comcat_global_m4
2017-06-16 13:16:34.680000+00:00,4.0,500,comcat_global_m4
2017-06-23 14:34:54.770000+00:00,4.0,500,comcat_global_m4
2017-07-01 11:52:22.050000+00:00,4.0,500,comcat_global_m4
2017-07-08 19:34:39.910000+00:00,4.0,500,comcat_global_m4
2017-07-15 05:47:30.460000+00:00,4.0,500,comcat_global_m4
2017-07-19 17:04:28.780000+00:00,4.0,500,comcat_global_m4
2017-07-25 15:51:43.400000+00:00,4.0,500,comcat_global_m4
2017-08-02 01:38:08.150000+00:00,4.0,500,comcat_global_m4
2017-08-10 10:24:55.010000+00:00,4.0,500,comcat_global_m4
2017-08-17 19:33:45.900000+00:00,4.0,500,comcat_global_m4
2017-08-26 06:16:38.480000+00:00,4.0,500,comcat_global_m4
2017-09-03 03:21:42.570000+00:00,4.0,500,comcat_global_m4
2017-09-08 16:06:38.880000+00:00,4.0,500,comcat_global_m4
2017-09-11 22:40:17.100000+00:00,4.0,500,comcat_global_m4
2017-09-17 17:53:04.370000+00:00,4.0,500,comcat_global_m4
2017-09-23 13:30:31.980000+00:00,4.0,500,comcat_global_m4
2017-09-29 13:49:57.460000+00:00,4.0,500,comcat_global_m4
2017-10-07 08:56:17.630000+00:00,4.0,500,comcat_global_m4
2017-10-14 10:03:36.110000+00:00,4.0,500,comcat_global_m4
2017-10-22 12:20:10.060000+00:00,4.2,500,comcat_global_m4
2017-10-30 21:54:46.740000+00:00,4.2,500,comcat_global_m4
2017-11-04 00:47:15.710000+00:00,4.0,500,comcat_global_m4
2017-11-10 03:03:14.840000+00:00,4.0,500,comcat_global_m4
2017-11-15 07:49:30.600000+00:00,4.0,500,comcat_global_m4
2017-11-19 19:34:23.420000+00:00,4.0,500,comcat_global_m4
2017-11-25 15:51:34.130000+00:00,4.0,500,comcat_global_m4
2017-12-02 17:50:59.560000+00:00,4.0,500,comcat_global_m4
2017-12-10 15:20:04.800000+00:00,4.0,500,comcat_global_m4
2017-12-17 21:09:55.470000+00:00,4.0,500,comcat_global_m4
2017-12-26 02:47:31.690000+00:00,4.0,500,comcat_global_m4
2018-01-02 22:45:15.990000+00:00,4.0,500,comcat_global_m4
2018-01-10 11:20:11.910000+00:00,4.0,500,comcat_global_m4
2018-01-16 22:16:01.110000+00:00,4.0,500,comcat_global_m4
2018-01-23 13:44:11.640000+00:00,4.0,500,comcat_global_m4
2018-01-28 00:34:44.170000+00:00,4.0,500,comcat_global_m4
2018-02-04 11:18:48.180000+00:00,4.0,500,comcat_global_m4
2018-02-11 13:18:23.970000+00:00,4.0,500,comcat_global_m4
2018-02-19 00:56:42.610000+00:00,4.0,500,comcat_global_m4
2018-02-25 20:07:43.770000+00:00,4.0,500,comcat_global_m4
2018-03-01 09:10:45.420000+00:00,4.0,500,comcat_global_m4
2018-03-07 00:25:25.590000+00:00,4.0,500,comcat_global_m4
2018-03-14 20:57:22.160000+00:00,4.1000000000000005,500,comcat_global_m4
2018-03-22 14:25:28.130000+00:00,4.0,500,comcat_global_m4
2018-03-29 22:04:16.640000+00:00,4.0,500,comcat_global_m4
2018-04-05 03:53:38.410000+00:00,4.0,500,comcat_global_m4
2018-04-12 09:31:42.670000+00:00,4.0,500,comcat_global_m4
2018-04-20 04:16:01.950000+00:00,4.0,500,comcat_global_m4
2018-04-27 10:38:18.330000+00:00,4.0,500,comcat_global_m4
2018-05-05 02:12:27.060000+00:00,4.0,500,comcat_global_m4
2018-05-12 00:50:55.680000+00:00,4.0,500,comcat_global_m4
2018-05-19 10:40:28.890000+00:00,4.0,500,comcat_global_m4
2018-05-26 14:01:34.390000+00:00,4.0,500,comcat_global_m4
2018-06-03 01:57:35.150000+00:00,4.0,500,comcat_global_m4
2018-06-10 15:44:18.350000+00:00,4.0,500,comcat_global_m4
2018-06-17 15:07:37.130000+00:00,4.2,500,comcat_global_m4
2018-06-25 20:55:48.900000+00:00,4.0,500,comcat_global_m4
2018-07-02 11:56:07.360000+00:00,4.0,500,comcat_global_m4
2018-07-10 07:26:59.180000+00:00,4.0,500,comcat_global_m4
2018-07-16 02:51:57.260000+00:00,4.0,500,comcat_global_m4
2018-07-24 01:59:14.240000+00:00,4.0,500,comcat_global_m4
2018-07-31 09:20:21.310000+00:00,4.0,500,comcat_global_m4
2018-08-07 09:49:00.730000+00:00,4.0,500,comcat_global_m4
2018-08-13 00:29:52.260000+00:00,4.0,500,comcat_global_m4
2018-08-19 01:10:20.440000+00:00,4.0,500,comcat_global_m4
2018-08-20 06:40:56.450000+00:00,4.0,500,comcat_global_m4
2018-08-24 10:02:37.580000+00:00,4.0,500,comcat_global_m4
2018-08-29 18:44:44.780000+00:00,4.0,500,comcat_global_m4
2018-09-05 05:00:04.390000+00:00,4.2,500,comcat_global_m4
2018-09-09 21:46:24.390000+00:00,4.2,500,comcat_global_m4
2018-09-15 04:14:35.200000+00:00,4.2,500,comcat_global_m4
2018-09-20 15:55:42.820000+00:00,4.0,500,comcat_global_m4
2018-09-27 05:29:00.800000+00:00,4.0,500,comcat_global_m4
2018-10-01 09:06:58.010000+00:00,4.0,500,comcat_global_m4
2018-10-07 00:26:43.620000+00:00,4.0,500,comcat_global_m4
2018-10-12 19:49:01.950000+00:00,4.300000000000001,500,comcat_global_m4
2018-10-18 11:38:27.380000+00:00,4.400000000000001,500,comcat_global_m4
2018-10-24 19:22:25.060000+00:00,4.2,500,comcat_global_m4
2018-10-29 04:08:46.060000+00:00,4.300000000000001,500,comcat_global_m4
2018-11-03 05:29:57.440000+00:00,4.300000000000001,500,comcat_global_m4
2018-11-09 23:41:08.750000+00:00,4.2,500,comcat_global_m4
2018-11-16 03:26:55.640000+00:00,4.2,500,comcat_global_m4
2018-11-22 10:11:53.140000+00:00,4.0,500,comcat_global_m4
2018-11-29 15:13:55.890000+00:00,4.0,500,comcat_global_m4
2018-12-05 05:42:03.010000+00:00,4.0,500,comcat_global_m4
2018-12-08 08:09:56.480000+00:00,4.300000000000001,500,comcat_global_m4
2018-12-15 08:14:38.080000+00:00,4.300000000000001,500,comcat_global_m4
2018-12-21 01:52:04.810000+00:00,4.0,500,comcat_global_m4
2018-12-26 00:01:31.980000+00:00,4.0,500,comcat_global_m4
2019-01-01 02:10:34.710000+00:00,4.0,500,comcat_global_m4
2019-01-07 01:14:25.020000+00:00,4.0,500,comcat_global_m4
2019-01-13 12:14:45.500000+00:00,4.0,500,comcat_global_m4
2019-01-19 16:22:38.580000+00:00,4.0,500,comcat_global_m4
2019-01-26 05:16:33.830000+00:00,4.0,500,comcat_global_m4
2019-02-02 09:14:30.990000+00:00,4.0,500,comcat_global_m4
2019-02-08 16:15:57.300000+00:00,4.0,500,comcat_global_m4
2019-02-14 17:42:18.960000+00:00,4.0,500,comcat_global_m4
2019-02-21 02:37:13.873000+00:00,4.0,500,comcat_global_m4
2019-03-01 05:39:07.470000+00:00,4.0,500,comcat_global_m4
2019-03-07 22:23:57.200000+00:00,4.2,500,comcat_global_m4
2019-03-14 15:09:49.690000+00:00,4.1000000000000005,500,comcat_global_m4
2019-03-21 15:31:39.576000+00:00,4.0,500,comcat_global_m4
2019-03-28 06:44:00.868000+00:00,4.0,500,comcat_global_m4
2019-04-03 11:15:51.593000+00:00,4.2,500,comcat_global_m4
2019-04-10 19:12:44.160000+00:00,4.2,500,comcat_global_m4
2019-04-16 16:39:51.616000+00:00,4.0,500,comcat_global_m4
2019-04-23 18:02:59.630000+00:00,4.0,500,comcat_global_m4
2019-04-30 01:33:18.249000+00:00,4.2,500,comcat_global_m4
2019-05-08 01:42:41.034000+00:00,4.2,500,comcat_global_m4
2019-05-15 00:07:30.670000+00:00,4.300000000000001,500,comcat_global_m4
2019-05-21 18:42:47.381000+00:00,4.300000000000001,500,comcat_global_m4
2019-05-30 06:44:04.789000+00:00,4.0,500,comcat_global_m4
2019-06-08 04:29:40.416000+00:00,4.0,500,comcat_global_m4
2019-06-15 07:07:52.856000+00:00,4.0,500,comcat_global_m4
2019-06-20 04:11:31.156000+00:00,4.0,500,comcat_global_m4
2019-06-25 03:17:39.057000+00:00,4.0,500,comcat_global_m4
2019-07-01 00:00:36.284000+00:00,4.2,500,comcat_global_m4
2019-07-06 03:35:05.420000+00:00,4.0,500,comcat_global_m4
2019-07-10 09:54:39.609000+00:00,4.0,500,comcat_global_m4
2019-07-15 05:59:38.869000+00:00,4.300000000000001,500,comcat_global_m4
2019-07-22 07:41:31.877000+00:00,4.0,500,comcat_global_m4
2019-07-30 01:22:39.511000+00:00,4.0,500,comcat_global_m4
2019-08-06 15:02:33.944000+00:00,4.0,500,comcat_global_m4
2019-08-14 02:50:03.391000+00:00,4.0,500,comcat_global_m4
2019-08-22 18:34:55.595000+00:00,4.0,500,comcat_global_m4
2019-08-30 20:37:21.409000+00:00,4.0,500,comcat_global_m4
2019-09-07 19:02:50.083000+00:00,4.0,500,comcat_global_m4
2019-09-15 16:56:35.024000+00:00,4.2,500,comcat_global_m4
2019-09-23 18:04:43.287000+00:00,4.2,500,comcat_global_m4
2019-09-30 11:53:22.983000+00:00,4.2,500,comcat_global_m4
2019-10-08 02:39:32.962000+00:00,4.2,500,comcat_global_m4
2019-10-15 22:41:45.015000+00:00,4.0,500,comcat_global_m4
2019-10-22 20:54:18.872000+00:00,4.0,500,comcat_global_m4
2019-10-29 11:36:51.274000+00:00,4.0,500,comcat_global_m4
2019-11-05 05:14:42.138000+00:00,4.0,500,comcat_global_m4
2019-11-12 08:23:56.181000+00:00,4.0,500,comcat_global_m4
2019-11-16 11:42:47.750000+00:00,4.0,500,comcat_global_m4
2019-11-23 15:56:01.721000+00:00,4.0,500,comcat_global_m4
2019-11-29 12:51:21.060000+00:00,4.0,500,comcat_global_m4
2019-12-06 18:03:04.560000+00:00,4.0,500,comcat_global_m4
2019-12-13 20:50:18.240000+00:00,4.2,500,comcat_global_m4
2019-12-18 23:40:06.995000+00:00,4.0,500,comcat_global_m4
2019-12-24 20:43:01.331000+00:00,4.0,500,comcat_global_m4
2019-12-30 13:18:58.287000+00:00,4.2,500,comcat_global_m4
2020-01-06 12:34:47.312000+00:00,4.2,500,comcat_global_m4
2020-01-11 23:47:56.160000+00:00,4.0,500,comcat_global_m4
2020-01-16 21:57:04+00:00,4.0,500,comcat_global_m4
2020-01-23 08:11:07.830000+00:00,4.0,500,comcat_global_m4
2020-01-28 10:13:50.067000+00:00,4.0,500,comcat_global_m4
2020-02-02 18:03:54.708000+00:00,4.0,500,comcat_global_m4
2020-02-09 20:52:17.479000+00:00,4.0,500,comcat_global_m4
2020-02-17 06:19:51.636000+00:00,4.0,500,comcat_global_m4
2020-02-24 15:56:19.197000+00:00,4.0,500,comcat_global_m4
2020-03-03 06:51:00.157000+00:00,4.0,500,comcat_global_m4
2020-03-09 20:28:36.844000+00:00,4.0,500,comcat_global_m4
2020-03-17 12:56:32.934000+00:00,4.0,500,comcat_global_m4
2020-03-25 01:43:35.015000+00:00,4.0,500,comcat_global_m4
2020-03-31 07:27:56.513000+00:00,4.0,500,comcat_global_m4
2020-04-07 12:40:45.551000+00:00,4.0,500,comcat_global_m4
2020-04-14 15:10:18.568000+00:00,4.0,500,comcat_global_m4
2020-04-20 09:42:46.961000+00:00,4.0,500,comcat_global_m4
2020-04-27 00:21:02.929000+00:00,4.0,500,comcat_global_m4
2020-05-04 04:24:40.432000+00:00,4.0,500,comcat_global_m4
2020-05-11 05:54:01.771000+00:00,4.0,500,comcat_global_m4
2020-05-17 11:53:53.336000+00:00,4.0,500,comcat_global_m4
2020-05-22 12:18:03.205000+00:00,4.0,500,comcat_global_m4
2020-05-28 13:06:25.480000+00:00,4.0,500,comcat_global_m4
2020-06-04 07:21:50.817000+00:00,4.0,500,comcat_global_m4
2020-06-11 20:23:16.648000+00:00,4.0,500,comcat_global_m4
2020-06-17 22:15:12.278000+00:00,4.0,500,comcat_global_m4
2020-06-22 14:29:12.430000+00:00,4.0,500,comcat_global_m4
2020-06-28 10:40:01.515000+00:00,4.0,500,comcat_global_m4
2020-07-05 09:47:42.997000+00:00,4.0,500,comcat_global_m4
2020-07-12 00:59:48.816000+00:00,4.0,500,comcat_global_m4
2020-07-18 09:10:12.639000+00:00,4.0,500,comcat_global_m4
2020-07-23 11:08:38.431000+00:00,4.0,500,comcat_global_m4
2020-07-29 14:14:22.816000+00:00,4.0,500,comcat_global_m4
2020-08-04 15:31:01.267000+00:00,4.0,500,comcat_global_m4
2020-08-11 14:08:35.057000+00:00,4.0,500,comcat_global_m4
2020-08-18 19:06:14.390000+00:00,4.0,500,comcat_global_m4
2020-08-26 00:42:01.173000+00:00,4.0,500,comcat_global_m4
2020-09-01 11:52:50.668000+00:00,4.0,500,comcat_global_m4
2020-09-06 22:41:49.820000+00:00,4.0,500,comcat_global_m4
2020-09-13 18:28:52.194000+00:00,4.0,500,comcat_global_m4
2020-09-20 20:41:22.764000+00:00,4.0,500,comcat_global_m4
2020-09-28 03:08:49.880000+00:00,4.0,500,comcat_global_m4
2020-10-04 09:50:53.324000+00:00,4.0,500,comcat_global_m4
2020-10-11 02:57:59.662000+00:00,4.0,500,comcat_global_m4
2020-10-18 11:36:59.109000+00:00,4.0,500,comcat_global_m4
2020-10-22 07:55:15.206000+00:00,4.0,500,comcat_global_m4
2020-10-29 03:45:06.010000+00:00,4.0,500,comcat_global_m4
2020-11-04 13:21:31.439000+00:00,4.0,500,comcat_global_m4
2020-11-11 22:54:27.502000+00:00,4.0,500,comcat_global_m4
2020-11-18 22:18:45.056000+00:00,4.0,500,comcat_global_m4
2020-11-26 15:20:44.138000+00:00,4.0,500,comcat_global_m4
2020-12-03 12:37:09.656000+00:00,4.0,500,comcat_global_m4
2020-12-10 17:42:39.852000+00:00,4.0,500,comcat_global_m4
2020-12-18 12:47:52.958000+00:00,4.0,500,comcat_global_m4
2020-12-25 09:55:40.417000+00:00,4.0,500,comcat_global_m4
2020-12-31 11:45:55.971000+00:00,4.0,500,comcat_global_m4
2021-01-08 12:54:17.688000+00:00,4.0,500,comcat_global_m4
2021-01-14 06:19:20.151000+00:00,4.0,500,comcat_global_m4
2021-01-20 16:00:41.672000+00:00,4.1000000000000005,500,comcat_global_m4
2021-01-26 12:55:32.452000+00:00,4.0,500,comcat_global_m4
2021-02-02 14:45:00.693000+00:00,4.2,500,comcat_global_m4
2021-02-08 23:24:39.901000+00:00,4.2,500,comcat_global_m4
2021-02-11 09:27:53.534000+00:00,4.6000000000000005,500,comcat_global_m4
2021-02-14 15:07:38.130000+00:00,4.2,500,comcat_global_m4
2021-02-19 09:20:01.154000+00:00,4.0,500,comcat_global_m4
2021-02-25 06:41:52.637000+00:00,4.0,500,comcat_global_m4
2021-03-03 11:16:23.751000+00:00,4.6000000000000005,500,comcat_global_m4
2021-03-05 06:24:55.934000+00:00,4.6000000000000005,500,comcat_global_m4
2021-03-06 08:53:12.390000+00:00,4.300000000000001,500,comcat_global_m4
2021-03-07 16:50:54.924000+00:00,4.2,500,comcat_global_m4
2021-03-11 02:14:49.322000+00:00,4.2,500,comcat_global_m4
2021-03-15 07:02:43.919000+00:00,4.2,500,comcat_global_m4
2021-03-20 02:52:10.876000+00:00,4.0,500,comcat_global_m4
2021-03-25 16:43:09.104000+00:00,4.0,500,comcat_global_m4
2021-03-31 20:34:23.280000+00:00,4.0,500,comcat_global_m4
2021-04-07 05:23:36.998000+00:00,4.0,500,comcat_global_m4
2021-04-12 19:12:12.780000+00:00,4.0,500,comcat_global_m4
2021-04-18 22:24:22.290000+00:00,4.0,500,comcat_global_m4
2021-04-24 21:17:38.953000+00:00,4.0,500,comcat_global_m4
2021-04-29 18:15:29.737000+00:00,4.0,500,comcat_global_m4
2021-05-06 22:21:27.461000+00:00,4.0,500,comcat_global_m4
2021-05-14 01:02:21.662000+00:00,4.0,500,comcat_global_m4
2021-05-19 17:03:46.581000+00:00,4.0,500,comcat_global_m4
2021-05-23 22:37:52.670000+00:00,4.0,500,comcat_global_m4
2021-05-29 04:23:13.687000+00:00,4.0,500,comcat_global_m4
2021-06-03 14:09:50.387000+00:00,4.0,500,comcat_global_m4
2021-06-08 16:32:32.782000+00:00,4.0,500,comcat_global_m4
2021-06-15 04:00:16.700000+00:00,4.0,500,comcat_global_m4
2021-06-22 00:33:02.269000+00:00,4.0,500,comcat_global_m4
2021-06-29 00:31:55.432000+00:00,4.0,500,comcat_global_m4
2021-07-05 18:47:23.728000+00:00,4.0,500,comcat_global_m4
2021-07-10 16:48:32.605000+00:00,4.0,500,comcat_global_m4
2021-07-17 23:39:23.351000+00:00,4.0,500,comcat_global_m4
2021-07-24 04:51:21.158000+00:00,4.0,500,comcat_global_m4
2021-07-29 08:08:57.397000+00:00,4.0,500,comcat_global_m4
2021-08-03 08:56:58.202000+00:00,4.0,500,comcat_global_m4
2021-08-08 19:50:55.614000+00:00,4.0,500,comcat_global_m4
2021-08-12 20:41:57.045000+00:00,4.6000000000000005,500,comcat_global_m4
2021-08-13 16:53:02.432000+00:00,4.400000000000001,500,comcat_global_m4
2021-08-15 07:50:47.572000+00:00,4.300000000000001,500,comcat_global_m4
2021-08-17 22:35:01.254000+00:00,4.2,500,comcat_global_m4
2021-08-22 07:57:01.741000+00:00,4.300000000000001,500,comcat_global_m4
2021-08-26 03:27:38.746000+00:00,4.300000000000001,500,comcat_global_m4
2021-08-30 23:24:11.898000+00:00,4.0,500,comcat_global_m4
2021-09-05 01:00:57.856000+00:00,4.400000000000001,500,comcat_global_m4
2021-09-09 13:46:25.192000+00:00,4.0,500,comcat_global_m4
2021-09-15 08:08:28.128000+00:00,4.2,500,comcat_global_m4
2021-09-21 10:33:26.989000+00:00,4.2,500,comcat_global_m4
2021-09-26 21:15:39.867000+00:00,4.0,500,comcat_global_m4
2021-10-03 05:56:44.139000+00:00,4.0,500,comcat_global_m4
2021-10-09 05:36:53.906000+00:00,4.2,500,comcat_global_m4
2021-10-15 19:48:34.333000+00:00,4.0,500,comcat_global_m4
2021-10-22 14:21:03.208000+00:00,4.0,500,comcat_global_m4
2021-10-30 06:39:03.598000+00:00,4.0,500,comcat_global_m4
2021-11-04 17:41:39.682000+00:00,4.0,500,comcat_global_m4
2021-11-11 21:42:30.823000+00:00,4.0,500,comcat_global_m4
2021-11-17 12:40:16.760000+00:00,4.0,500,comcat_global_m4
2021-11-23 19:59:41.935000+00:00,4.0,500,comcat_global_m4
2021-11-30 03:35:30.800000+00:00,4.0,500,comcat_global_m4
2021-12-04 21:57:21.960000+00:00,4.0,500,comcat_global_m4
2021-12-08 22:45:46.724000+00:00,4.0,500,comcat_global_m4
2021-12-14 03:10:26.641000+00:00,4.0,500,comcat_global_m4
2021-12-18 23:54:27.150000+00:00,4.0,500,comcat_global_m4
2021-12-25 09:20:12.389000+00:00,4.0,500,comcat_global_m4
2021-12-30 13:34:34.752000+00:00,4.0,500,comcat_global_m4
2022-01-06 12:16:06.618000+00:00,4.0,500,comcat_global_m4
2022-01-11 16:16:07.315000+00:00,4.0,500,comcat_global_m4
2022-01-16 20:29:22.137000+00:00,4.0,500,comcat_global_m4
2022-01-21 16:08:37.210000+00:00,4.0,500,comcat_global_m4
2022-01-26 15:59:57.320000+00:00,4.0,500,comcat_global_m4
2022-01-31 15:11:05.439000+00:00,4.300000000000001,500,comcat_global_m4
2022-02-06 01:37:50.775000+00:00,4.0,500,comcat_global_m4
2022-02-11 06:19:59.748000+00:00,4.0,500,comcat_global_m4
2022-02-16 22:27:26.644000+00:00,4.1000000000000005,500,comcat_global_m4
2022-02-22 10:31:09.080000+00:00,4.0,500,comcat_global_m4
2022-02-28 10:31:10.353000+00:00,4.2,500,comcat_global_m4
2022-03-05 17:34:24.979000+00:00,4.0,500,comcat_global_m4
2022-03-12 12:27:48.932000+00:00,4.0,500,comcat_global_m4
2022-03-16 15:01:23.757000+00:00,4.0,500,comcat_global_m4
2022-03-20 11:47:16.512000+00:00,4.300000000000001,500,comcat_global_m4
2022-03-24 20:33:24.561000+00:00,4.0,500,comcat_global_m4
2022-03-30 18:51:56.117000+00:00,4.0,500,comcat_global_m4
2022-04-04 06:48:14.623000+00:00,4.0,500,comcat_global_m4
2022-04-09 20:05:41.268000+00:00,4.0,500,comcat_global_m4
2022-04-15 02:46:51.194000+00:00,4.2,500,comcat_global_m4
2022-04-20 10:21:48.315000+00:00,4.2,500,comcat_global_m4
2022-04-25 13:19:36.955000+00:00,4.0,500,comcat_global_m4
2022-05-02 05:12:54.831000+00:00,4.0,500,comcat_global_m4
2022-05-08 21:51:39.714000+00:00,4.0,500,comcat_global_m4
2022-05-15 02:00:02.939000+00:00,4.0,500,comcat_global_m4
2022-05-21 12:33:06.770000+00:00,4.0,500,comcat_global_m4
2022-05-28 03:01:19.115000+00:00,4.0,500,comcat_global_m4
2022-06-03 14:29:54.771000+00:00,4.0,500,comcat_global_m4
2022-06-09 22:31:51.732000+00:00,4.0,500,comcat_global_m4
2022-06-15 06:04:39.473000+00:00,4.0,500,comcat_global_m4
2022-06-21 16:38:33.757000+00:00,4.0,500,comcat_global_m4
2022-06-28 13:34:58.401000+00:00,4.0,500,comcat_global_m4
2022-07-04 13:48:36.387000+00:00,4.0,500,comcat_global_m4
2022-07-09 05:03:17.145000+00:00,4.0,500,comcat_global_m4
2022-07-14 22:02:43.191000+00:00,4.0,500,comcat_global_m4
2022-07-21 11:07:14.134000+00:00,4.0,500,comcat_global_m4
2022-07-28 06:55:50.607000+00:00,4.0,500,comcat_global_m4
2022-08-03 03:20:27.919000+00:00,4.0,500,comcat_global_m4
2022-08-09 08:03:12.931000+00:00,4.0,500,comcat_global_m4
2022-08-15 20:21:19.153000+00:00,4.0,500,comcat_global_m4
2022-08-22 13:31:50.545000+00:00,4.0,500,comcat_global_m4
2022-08-29 11:36:40.531000+00:00,4.0,500,comcat_global_m4
2022-09-04 17:05:57.838000+00:00,4.0,500,comcat_global_m4
2022-09-10 06:52:37.071000+00:00,4.0,500,comcat_global_m4
2022-09-15 22:49:37.729000+00:00,4.0,500,comcat_global_m4
2022-09-21 00:50:17.721000+00:00,4.0,500,comcat_global_m4
2022-09-26 17:42:07.436000+00:00,4.300000000000001,500,comcat_global_m4
2022-09-29 00:38:28.440000+00:00,4.400000000000001,500,comcat_global_m4
2022-10-02 14:55:05.635000+00:00,4.300000000000001,500,comcat_global_m4
2022-10-09 22:58:49.667000+00:00,4.0,500,comcat_global_m4
2022-10-16 00:52:13.602000+00:00,4.0,500,comcat_global_m4
2022-10-22 10:52:12.661000+00:00,4.0,500,comcat_global_m4
2022-10-28 21:33:36.788000+00:00,4.0,500,comcat_global_m4
2022-11-04 03:52:34.626000+00:00,4.0,500,comcat_global_m4
2022-11-11 11:57:33.493000+00:00,4.0,500,comcat_global_m4
2022-11-17 14:04:48.360000+00:00,4.0,500,comcat_global_m4
2022-11-22 12:12:49.473000+00:00,4.0,500,comcat_global_m4
2022-11-27 12:31:51.615000+00:00,4.0,500,comcat_global_m4
2022-12-03 02:36:28.601000+00:00,4.0,500,comcat_global_m4
2022-12-09 22:30:48.117000+00:00,4.0,500,comcat_global_m4
2022-12-16 12:18:11.894000+00:00,4.0,500,comcat_global_m4
2022-12-24 03:37:28.854000+00:00,4.0,500,comcat_global_m4
2022-12-30 08:13:20.446000+00:00,4.0,500,comcat_global_m4
2023-01-05 01:22:27.176000+00:00,4.0,500,comcat_global_m4
2023-01-11 08:23:15.201000+00:00,4.0,500,comcat_global_m4
2023-01-17 13:39:00.079000+00:00,4.0,500,comcat_global_m4
2023-01-21 22:51:49.417000+00:00,4.0,500,comcat_global_m4
2023-01-26 15:57:01.731000+00:00,4.0,500,comcat_global_m4
2023-02-02 09:08:23.134000+00:00,4.0,500,comcat_global_m4
2023-02-06 09:23:45.448000+00:00,4.0,500,comcat_global_m4
2023-02-08 04:18:39.560000+00:00,4.0,500,comcat_global_m4
2023-02-12 22:02:06.488000+00:00,4.0,500,comcat_global_m4
2023-02-19 02:40:40.879000+00:00,4.0,500,comcat_global_m4
2023-02-24 17:16:29.490000+00:00,4.0,500,comcat_global_m4
2023-03-01 16:37:59.849000+00:00,4.0,500,comcat_global_m4
2023-03-07 09:40:12.279000+00:00,4.0,500,comcat_global_m4
2023-03-12 21:01:52.692000+00:00,4.0,500,comcat_global_m4
2023-03-18 16:33:32.271000+00:00,4.0,500,comcat_global_m4
2023-03-25 13:57:40.415000+00:00,4.0,500,comcat_global_m4
2023-04-02 01:37:46.881000+00:00,4.0,500,comcat_global_m4
2023-04-08 06:01:25.750000+00:00,4.0,500,comcat_global_m4
2023-04-14 14:34:56.864000+00:00,4.0,500,comcat_global_m4
2023-04-21 11:53:07.530000+00:00,4.0,500,comcat_global_m4
2023-04-27 13:01:28.912000+00:00,4.0,500,comcat_global_m4
2023-05-03 21:54:24.904000+00:00,4.0,500,comcat_global_m4
2023-05-10 08:45:50.874000+00:00,4.0,500,comcat_global_m4
2023-05-16 04:57:36.898000+00:00,4.0,500,comcat_global_m4
2023-05-19 21:21:26.340000+00:00,4.0,500,comcat_global_m4
2023-05-23 10:20:33.561000+00:00,4.0,500,comcat_global_m4
2023-05-30 00:52:06.179000+00:00,4.0,500,comcat_global_m4
2023-06-04 07:30:11.242000+00:00,4.0,500,comcat_global_m4
2023-06-10 20:26:02.447000+00:00,4.0,500,comcat_global_m4
2023-06-16 20:55:47.944000+00:00,4.0,500,comcat_global_m4
2023-06-21 18:02:19.937000+00:00,4.0,500,comcat_global_m4
2023-06-28 14:42:03.570000+00:00,4.0,500,comcat_global_m4
2023-07-05 02:22:58.751000+00:00,4.0,500,comcat_global_m4
2023-07-11 18:16:10.457000+00:00,4.0,500,comcat_global_m4
2023-07-19 10:11:36.602000+00:00,4.0,500,comcat_global_m4
2023-07-26 13:38:00.779000+00:00,4.0,500,comcat_global_m4
2023-08-02 05:09:34.437000+00:00,4.0,500,comcat_global_m4
2023-08-08 10:38:12.592000+00:00,4.0,500,comcat_global_m4
2023-08-15 15:02:05.845000+00:00,4.0,500,comcat_global_m4
2023-08-22 22:58:00.335000+00:00,4.0,500,comcat_global_m4
2023-08-30 17:58:51.266000+00:00,4.0,500,comcat_global_m4
2023-09-07 16:35:41.267000+00:00,4.0,500,comcat_global_m4
2023-09-13 16:45:03.697000+00:00,4.0,500,comcat_global_m4
2023-09-20 10:05:27.904000+00:00,4.2,500,comcat_global_m4
2023-09-27 09:25:31.673000+00:00,4.2,500,comcat_global_m4
2023-10-03 05:57:28.657000+00:00,4.300000000000001,500,comcat_global_m4
2023-10-07 07:40:30.084000+00:00,4.0,500,comcat_global_m4
2023-10-12 06:18:41.459000+00:00,4.0,500,comcat_global_m4
2023-10-18 21:08:46.301000+00:00,4.0,500,comcat_global_m4
2023-10-25 08:18:43.164000+00:00,4.0,500,comcat_global_m4
2023-10-31 09:19:03.050000+00:00,4.0,500,comcat_global_m4
2023-11-07 07:47:05.435000+00:00,4.0,500,comcat_global_m4
2023-11-10 21:13:35.282000+00:00,4.0,500,comcat_global_m4
2023-11-16 01:41:01.063000+00:00,4.0,500,comcat_global_m4
2023-11-23 15:04:38.096000+00:00,4.0,500,comcat_global_m4
2023-11-27 02:41:29.091000+00:00,4.0,500,comcat_global_m4
2023-12-02 03:38:15.284000+00:00,4.0,500,comcat_global_m4
2023-12-03 03:55:41.926000+00:00,4.300000000000001,500,comcat_global_m4
2023-12-04 10:23:02.727000+00:00,4.2,500,comcat_global_m4
2023-12-06 23:33:46.088000+00:00,4.2,500,comcat_global_m4
2023-12-10 03:38:19.102000+00:00,4.0,500,comcat_global_m4
2023-12-14 01:17:08.355000+00:00,4.0,500,comcat_global_m4
2023-12-19 12:14:23.981000+00:00,4.0,500,comcat_global_m4
2023-12-25 01:46:55.740000+00:00,4.0,500,comcat_global_m4
2023-12-31 04:19:26.515000+00:00,4.0,500,comcat_global_m4
2024-01-04 13:46:26.091000+00:00,4.0,500,comcat_global_m4
2024-01-11 05:55:38.973000+00:00,4.0,500,comcat_global_m4
2024-01-18 11:52:56.124000+00:00,4.0,500,comcat_global_m4
2024-01-23 08:40:48.720000+00:00,4.0,500,comcat_global_m4
2024-01-27 20:04:51.923000+00:00,4.0,500,comcat_global_m4
2024-02-03 18:44:46.810000+00:00,4.0,500,comcat_global_m4
2024-02-09 21:30:00.751000+00:00,4.0,500,comcat_global_m4
2024-02-15 11:00:21.891000+00:00,4.0,500,comcat_global_m4
2024-02-21 15:22:20.751000+00:00,4.0,500,comcat_global_m4
2024-02-28 07:44:49.152000+00:00,4.0,500,comcat_global_m4
2024-03-05 16:52:18.931000+00:00,4.0,500,comcat_global_m4
2024-03-13 02:38:23.568000+00:00,4.0,500,comcat_global_m4
2024-03-20 03:25:17.477000+00:00,4.0,500,comcat_global_m4
2024-03-27 10:54:50.330000+00:00,4.0,500,comcat_global_m4
2024-04-02 23:16:51.102000+00:00,4.2,500,comcat_global_m4
2024-04-05 15:00:36.463000+00:00,4.2,500,comcat_global_m4
2024-04-10 14:56:17.074000+00:00,4.0,500,comcat_global_m4
2024-04-16 23:50:52.771000+00:00,4.0,500,comcat_global_m4
2024-04-22 09:17:09.152000+00:00,4.0,500,comcat_global_m4
2024-04-26 16:42:07.891000+00:00,4.2,500,comcat_global_m4
2024-05-01 08:46:20.105000+00:00,4.0,500,comcat_global_m4
2024-05-07 06:08:06.640000+00:00,4.300000000000001,500,comcat_global_m4
2024-05-14 08:50:58.005000+00:00,4.0,500,comcat_global_m4
2024-05-20 22:46:48.161000+00:00,4.0,500,comcat_global_m4
2024-05-27 02:44:00.810000+00:00,4.0,500,comcat_global_m4
2024-06-02 01:28:36.309000+00:00,4.0,500,comcat_global_m4
2024-06-08 03:00:23.276000+00:00,4.0,500,comcat_global_m4
2024-06-14 13:18:48.453000+00:00,4.0,500,comcat_global_m4
2024-06-22 00:12:10.653000+00:00,4.0,500,comcat_global_m4
2024-06-29 09:16:47.923000+00:00,4.0,500,comcat_global_m4
2024-07-06 02:46:25.261000+00:00,4.0,500,comcat_global_m4
2024-07-12 23:07:19.528000+00:00,4.0,500,comcat_global_m4
2024-07-20 20:46:41.258000+00:00,4.0,500,comcat_global_m4
2024-07-27 21:26:12.972000+00:00,4.0,500,comcat_global_m4
2024-08-03 03:00:54.784000+00:00,4.0,500,comcat_global_m4
2024-08-09 23:23:54.847000+00:00,4.0,500,comcat_global_m4
2024-08-17 14:22:24.914000+00:00,4.2,500,comcat_global_m4
2024-08-23 14:45:41.548000+00:00,4.0,500,comcat_global_m4
2024-08-31 19:57:40.187000+00:00,4.0,500,comcat_global_m4
2024-09-08 19:28:00.317000+00:00,4.0,500,comcat_global_m4
2024-09-15 11:29:21.955000+00:00,4.0,500,comcat_global_m4
2024-09-22 05:25:02.745000+00:00,4.0,500,comcat_global_m4
2024-09-29 01:39:03.689000+00:00,4.0,500,comcat_global_m4
2024-10-06 02:05:31.150000+00:00,4.0,500,comcat_global_m4
2024-10-13 04:37:52.026000+00:00,4.0,500,comcat_global_m4
2024-10-20 06:33:58.573000+00:00,4.0,500,comcat_global_m4
2024-10-27 08:07:55.614000+00:00,4.0,500,comcat_global_m4
2024-11-03 10:40:34.776000+00:00,4.0,500,comcat_global_m4
2024-11-10 07:44:06.320000+00:00,4.0,500,comcat_global_m4
2024-11-17 04:20:27.400000+00:00,4.0,500,comcat_global_m4
2024-11-24 23:32:53.814000+00:00,4.0,500,comcat_global_m4
2024-12-02 23:26:10.118000+00:00,4.1000000000000005,500,comcat_global_m4
2024-12-09 00:39:50.242000+00:00,4.0,500,comcat_global_m4
2024-12-15 14:26:07.595000+00:00,4.2,500,comcat_global_m4
2024-12-20 21:51:27.385000+00:00,4.2,500,comcat_global_m4
2024-12-27 20:14:35.642000+00:00,4.0,500,comcat_global_m4
2025-01-01 18:34:29.511000+00:00,4.0,500,comcat_global_m4
2025-01-06 12:29:34.624000+00:00,4.2,500,comcat_global_m4
2025-01-10 11:11:31.080000+00:00,4.2,500,comcat_global_m4
2025-01-16 13:12:33.002000+00:00,4.0,500,comcat_global_m4
2025-01-22 12:38:41.734000+00:00,4.0,500,comcat_global_m4
2025-01-28 12:26:19.970000+00:00,4.0,500,comcat_global_m4
2025-02-03 10:36:08.485000+00:00,4.0,500,comcat_global_m4
2025-02-06 08:29:38.436000+00:00,4.0,500,comcat_global_m4
2025-02-10 16:16:33.944000+00:00,4.0,500,comcat_global_m4
2025-02-15 23:01:05.783000+00:00,4.0,500,comcat_global_m4
2025-02-22 02:51:07.121000+00:00,4.0,500,comcat_global_m4
2025-02-28 16:25:11.126000+00:00,4.0,500,comcat_global_m4
2025-03-07 10:41:02.942000+00:00,4.0,500,comcat_global_m4
2025-03-14 11:36:37.710000+00:00,4.0,500,comcat_global_m4
2025-03-20 09:15:40.169000+00:00,4.0,500,comcat_global_m4
2025-03-27 21:33:13.778000+00:00,4.0,500,comcat_global_m4
2025-04-02 14:03:57.825000+00:00,4.0,500,comcat_global_m4
2025-04-05 18:59:20.489000+00:00,4.0,500,comcat_global_m4
2025-04-11 05:46:45.471000+00:00,4.0,500,comcat_global_m4
2025-04-17 09:06:59.088000+00:00,4.0,500,comcat_global_m4
2025-04-23 21:42:51.307000+00:00,4.0,500,comcat_global_m4
2025-04-30 23:38:27.946000+00:00,4.0,500,comcat_global_m4
2025-05-05 01:05:14.575000+00:00,4.0,500,comcat_global_m4
2025-05-11 12:48:04.531000+00:00,4.0,500,comcat_global_m4
2025-05-18 23:58:01.564000+00:00,4.2,500,comcat_global_m4
2025-05-26 11:56:12.820000+00:00,4.0,500,comcat_global_m4
2025-06-01 12:17:04.512000+00:00,4.0,500,comcat_global_m4
2025-06-08 21:16:26.614000+00:00,4.0,500,comcat_global_m4
2025-06-16 08:43:33.400000+00:00,4.0,500,comcat_global_m4
2025-06-22 05:27:03.835000+00:00,4.0,500,comcat_global_m4
2025-06-27 17:59:39.140000+00:00,4.0,500,comcat_global_m4
2025-07-03 00:04:27.563000+00:00,4.0,500,comcat_global_m4
2025-07-08 22:52:24.940000+00:00,4.2,500,comcat_global_m4
2025-07-15 04:23:56.625000+00:00,4.0,500,comcat_global_m4
2025-07-20 07:05:46.243000+00:00,4.0,500,comcat_global_m4
2025-07-21 11:02:17.288000+00:00,4.0,500,comcat_global_m4
2025-07-24 08:34:36.949000+00:00,4.0,500,comcat_global_m4
2025-07-29 01:49:22.175000+00:00,4.0,500,comcat_global_m4
2025-07-30 03:11:22.761000+00:00,4.2,500,comcat_global_m4
2025-07-30 10:59:39.988000+00:00,4.2,500,comcat_global_m4
2025-07-30 23:31:04.464000+00:00,4.0,500,comcat_global_m4
2025-07-31 17:52:52.350000+00:00,4.0,500,comcat_global_m4
2025-08-01 18:28:07.260000+00:00,4.0,500,comcat_global_m4
2025-08-03 09:04:58.315000+00:00,4.0,500,comcat_global_m4
2025-08-05 14:37:17.802000+00:00,4.0,500,comcat_global_m4
2025-08-08 14:19:15.190000+00:00,4.0,500,comcat_global_m4
2025-08-11 12:35:03.986000+00:00,4.0,500,comcat_global_m4
2025-08-15 14:20:00.680000+00:00,4.0,500,comcat_global_m4
2025-08-20 12:54:54.324000+00:00,4.0,500,comcat_global_m4
2025-08-24 22:00:11.354000+00:00,4.0,500,comcat_global_m4
2025-08-31 04:09:01.683000+00:00,4.0,500,comcat_global_m4
2025-09-04 21:20:07.319000+00:00,4.0,500,comcat_global_m4
2025-09-10 18:36:29.912000+00:00,4.0,500,comcat_global_m4
2025-09-15 21:10:55.636000+00:00,4.0,500,comcat_global_m4
2025-09-19 12:24:58.344000+00:00,4.2,500,comcat_global_m4
2025-09-22 18:31:53.036000+00:00,4.1000000000000005,500,comcat_global_m4
2025-09-27 13:37:17.571000+00:00,4.0,500,comcat_global_m4
2025-10-03 05:32:16.574000+00:00,4.2,500,comcat_global_m4
2025-10-07 10:16:17.073000+00:00,4.2,500,comcat_global_m4
2025-10-11 12:15:55.901000+00:00,4.0,500,comcat_global_m4
2025-10-16 07:26:47.842000+00:00,4.0,500,comcat_global_m4
2025-10-21 22:50:17.144000+00:00,4.0,500,comcat_global_m4
2025-10-28 05:44:53.973000+00:00,4.0,500,comcat_global_m4
2025-11-03 07:22:46.382000+00:00,4.0,500,comcat_global_m4
2025-11-07 19:17:59.017000+00:00,4.0,500,comcat_global_m4
2025-11-12 05:15:14.444000+00:00,4.0,500,comcat_global_m4
2025-11-19 00:47:25.482000+00:00,4.0,500,comcat_global_m4
2025-11-25 01:44:24.331000+00:00,4.0,500,comcat_global_m4
2025-12-01 17:25:37.999000+00:00,4.0,500,comcat_global_m4
2025-12-07 09:12:44.890000+00:00,4.0,500,comcat_global_m4
2025-12-12 09:14:46.454000+00:00,4.2,500,comcat_global_m4
2025-12-18 17:14:39.790000+00:00,4.0,500,comcat_global_m4
2025-12-24 21:44:48.910000+00:00,4.0,500,comcat_global_m4
2025-12-31 23:52:11.327000+00:00,4.0,500,comcat_global_m4
2026-01-07 14:16:43.332000+00:00,4.0,500,comcat_global_m4
2026-01-13 20:31:43.796000+00:00,4.0,500,comcat_global_m4
2026-01-20 08:18:20.167000+00:00,4.0,500,comcat_global_m4
2026-01-26 17:27:01.835000+00:00,4.0,500,comcat_global_m4
2026-02-01 02:02:11.025000+00:00,4.0,500,comcat_global_m4
2026-02-08 16:50:05.803000+00:00,4.0,500,comcat_global_m4
2026-02-14 10:08:26.179000+00:00,4.0,500,comcat_global_m4
2026-02-20 14:16:30.267000+00:00,4.0,500,comcat_global_m4
2026-02-27 05:50:38.841000+00:00,4.0,500,comcat_global_m4
2026-03-05 10:48:20.829000+00:00,4.0,500,comcat_global_m4
2026-03-10 22:38:36.605000+00:00,4.0,500,comcat_global_m4
2026-03-17 04:28:25.134000+00:00,4.0,500,comcat_global_m4
2026-03-22 00:14:49.869000+00:00,4.0,500,comcat_global_m4
2026-03-27 02:28:28.809000+00:00,4.0,500,comcat_global_m4
2026-04-02 00:08:21.920000+00:00,4.0,500,comcat_global_m4
2026-04-04 01:14:32.634000+00:00,4.0,500,comcat_global_m4
2026-04-09 05:35:00.767000+00:00,4.0,500,comcat_global_m4
2026-04-15 07:27:56.374000+00:00,4.0,500,comcat_global_m4
2026-04-20 09:25:59.507000+00:00,4.0,500,comcat_global_m4
2026-04-25 09:40:38.528000+00:00,4.0,500,comcat_global_m4
2026-05-02 02:25:12.870000+00:00,4.0,500,comcat_global_m4
2026-05-08 09:32:01.849000+00:00,4.0,500,comcat_global_m4
2026-05-14 17:46:34.990000+00:00,4.0,500,comcat_global_m4
2026-05-21 16:54:22.334000+00:00,4.0,500,comcat_global_m4
2026-05-28 03:55:00.115000+00:00,4.0,500,comcat_global_m4
2026-06-03 17:32:43.041000+00:00,4.0,500,comcat_global_m4
2026-06-08 05:36:15.356000+00:00,4.0,500,comcat_global_m4
2026-06-11 09:04:56.004000+00:00,4.0,500,comcat_global_m4
2026-06-16 12:09:39.363000+00:00,4.0,500,comcat_global_m4
2026-06-21 15:41:39.744000+00:00,4.0,500,comcat_global_m4
2026-06-27 07:47:24.293000+00:00,4.2,500,comcat_global_m4
2026-07-03 11:09:21.471000+00:00,4.0,500,comcat_global_m4
2026-07-09 11:58:39.174000+00:00,4.0,500,comcat_global_m4
2026-07-15 02:42:18.289000+00:00,4.0,500,comcat_global_m4
2026-07-18 13:14:32.154000+00:00,4.0,500,comcat_global_m4
2026-07-22 20:57:09.879000+00:00,4.0,500,comcat_global_m4
2026-07-28 07:40:19.645000+00:00,4.0,500,comcat_global_m4
2026-08-01 07:40:31.099000+00:00,4.0,500,comcat_global_m4
2026-08-06 08:20:11.051000+00:00,4.0,500,comcat_global_m4
2026-08-12 21:21:28.804000+00:00,4.0,500,comcat_global_m4
2026-08-16 14:38:22.332000+00:00,4.1000000000000005,500,comcat_global_m4
2026-08-20 09:01:06.682000+00:00,4.2,500,comcat_global_m4
1981-05-06 11:47:38.628000+00:00,2.5000000000000004,500,scedc_socal_m25
1981-11-11 00:29:44.270000+00:00,2.5000000000000004,500,scedc_socal_m25
1982-03-16 05:25:29.593000+00:00,2.5000000000000004,500,scedc_socal_m25
1982-06-19 09:36:21.661000+00:00,2.5000000000000004,500,scedc_socal_m25
1982-10-03 00:58:45.291000+00:00,2.5000000000000004,500,scedc_socal_m25
1982-12-31 09:07:23.377000+00:00,2.5000000000000004,500,scedc_socal_m25
1983-04-03 00:16:43.260000+00:00,2.5000000000000004,500,scedc_socal_m25
1983-06-29 06:41:08.100000+00:00,2.5000000000000004,500,scedc_socal_m25
1983-08-08 21:27:53.985000+00:00,2.6000000000000005,500,scedc_socal_m25
1983-10-19 22:34:34.489000+00:00,2.6000000000000005,500,scedc_socal_m25
1983-12-15 21:48:09.758000+00:00,2.5000000000000004,500,scedc_socal_m25
1984-03-14 02:40:56.916000+00:00,2.5000000000000004,500,scedc_socal_m25
1984-05-08 22:07:20.091000+00:00,2.5000000000000004,500,scedc_socal_m25
1984-09-02 04:12:52.118000+00:00,2.5000000000000004,500,scedc_socal_m25
1985-01-14 08:32:12.163000+00:00,2.5000000000000004,500,scedc_socal_m25
1985-05-21 13:24:20.403000+00:00,2.5000000000000004,500,scedc_socal_m25
1985-08-17 04:05:39.606000+00:00,2.5000000000000004,500,scedc_socal_m25
1985-12-26 13:26:34.273000+00:00,2.5000000000000004,500,scedc_socal_m25
1986-06-17 19:11:19.122000+00:00,2.5000000000000004,500,scedc_socal_m25
1986-07-10 12:02:50.933000+00:00,2.5000000000000004,500,scedc_socal_m25
1986-07-16 18:42:50.407000+00:00,2.5000000000000004,500,scedc_socal_m25
1986-07-29 04:25:17.450000+00:00,2.5000000000000004,500,scedc_socal_m25
1986-08-19 16:03:23.796000+00:00,2.5000000000000004,500,scedc_socal_m25
1986-09-30 18:06:53.423000+00:00,2.5000000000000004,500,scedc_socal_m25
1986-12-18 18:51:49.208000+00:00,2.5000000000000004,500,scedc_socal_m25
1987-02-21 13:16:53.073000+00:00,2.5000000000000004,500,scedc_socal_m25
1987-05-03 22:30:47.005000+00:00,2.5000000000000004,500,scedc_socal_m25
1987-07-11 07:35:26.517000+00:00,2.5000000000000004,500,scedc_socal_m25
1987-10-01 16:32:50.844000+00:00,2.5000000000000004,500,scedc_socal_m25
1987-11-24 06:37:27.837000+00:00,2.5000000000000004,500,scedc_socal_m25
1987-11-25 01:33:29.994000+00:00,2.5000000000000004,500,scedc_socal_m25
1987-12-03 08:25:42.875000+00:00,2.5000000000000004,500,scedc_socal_m25
1988-01-26 13:40:25.818000+00:00,2.5000000000000004,500,scedc_socal_m25
1988-04-18 18:46:42.106000+00:00,2.6000000000000005,500,scedc_socal_m25
1988-07-05 18:18:47.879000+00:00,2.6000000000000005,500,scedc_socal_m25
1988-09-24 07:33:44.563000+00:00,2.5000000000000004,500,scedc_socal_m25
1988-12-04 23:42:46.179000+00:00,2.5000000000000004,500,scedc_socal_m25
1989-02-02 04:53:22.894000+00:00,2.5000000000000004,500,scedc_socal_m25
1989-03-26 04:28:20.289000+00:00,2.5000000000000004,500,scedc_socal_m25
1989-06-30 08:03:43.944000+00:00,2.5000000000000004,500,scedc_socal_m25
1989-10-30 22:36:22.845000+00:00,2.5000000000000004,500,scedc_socal_m25
1990-02-06 18:28:44.615000+00:00,2.5000000000000004,500,scedc_socal_m25
1990-05-09 00:07:10.872000+00:00,2.5000000000000004,500,scedc_socal_m25
1990-11-05 14:14:59.939000+00:00,2.5000000000000004,500,scedc_socal_m25
1991-03-23 16:15:34.544000+00:00,2.5000000000000004,500,scedc_socal_m25
1991-08-31 08:34:04.128000+00:00,2.5000000000000004,500,scedc_socal_m25
1992-01-12 15:32:47.138000+00:00,2.5000000000000004,500,scedc_socal_m25
1992-04-23 07:03:04.480000+00:00,2.5000000000000004,500,scedc_socal_m25
1992-04-24 16:01:05.556000+00:00,2.5000000000000004,500,scedc_socal_m25
1992-04-30 20:15:51.126000+00:00,2.5000000000000004,500,scedc_socal_m25
1992-06-15 00:33:41.440000+00:00,2.5000000000000004,500,scedc_socal_m25
1992-06-28 19:53:28.890000+00:00,2.4000000000000004,500,scedc_socal_m25
1992-06-29 05:48:43.420000+00:00,2.4000000000000004,500,scedc_socal_m25
1992-06-29 19:05:43.230000+00:00,2.4000000000000004,500,scedc_socal_m25
1992-06-30 13:58:50.410000+00:00,2.6000000000000005,500,scedc_socal_m25
1992-07-01 07:03:47.425000+00:00,2.6000000000000005,500,scedc_socal_m25
1992-07-02 04:43:32.408000+00:00,2.5000000000000004,500,scedc_socal_m25
1992-07-03 10:15:22.294000+00:00,2.5000000000000004,500,scedc_socal_m25
1992-07-04 23:11:43.393000+00:00,2.5000000000000004,500,scedc_socal_m25
1992-07-06 18:52:48.519000+00:00,2.5000000000000004,500,scedc_socal_m25
1992-07-08 23:35:16.704000+00:00,2.5000000000000004,500,scedc_socal_m25
1992-07-11 09:38:43.007000+00:00,2.5000000000000004,500,scedc_socal_m25
1992-07-15 17:22:11.305000+00:00,2.5000000000000004,500,scedc_socal_m25
1992-07-21 09:50:19.718000+00:00,2.5000000000000004,500,scedc_socal_m25
1992-07-28 03:54:37.912000+00:00,2.5000000000000004,500,scedc_socal_m25
1992-08-09 01:39:23.569000+00:00,2.5000000000000004,500,scedc_socal_m25
1992-08-24 14:43:04.661000+00:00,2.5000000000000004,500,scedc_socal_m25
1992-09-15 09:44:50.396000+00:00,2.5000000000000004,500,scedc_socal_m25
1992-10-16 08:38:50.297000+00:00,2.5000000000000004,500,scedc_socal_m25
1992-11-27 18:44:53.414000+00:00,2.5000000000000004,500,scedc_socal_m25
1992-12-22 13:02:17.751000+00:00,2.5000000000000004,500,scedc_socal_m25
1993-04-03 03:42:31.372000+00:00,2.5000000000000004,500,scedc_socal_m25
1993-07-19 07:04:35.013000+00:00,2.5000000000000004,500,scedc_socal_m25
1993-10-14 07:25:13.591000+00:00,2.5000000000000004,500,scedc_socal_m25
1994-01-12 07:27:34.981000+00:00,2.5000000000000004,500,scedc_socal_m25
1994-01-17 23:44:21.583000+00:00,2.6000000000000005,500,scedc_socal_m25
1994-01-19 02:55:20.289000+00:00,2.5000000000000004,500,scedc_socal_m25
1994-01-24 02:41:02.684000+00:00,2.5000000000000004,500,scedc_socal_m25
1994-02-25 13:56:13.765000+00:00,2.5000000000000004,500,scedc_socal_m25
1994-06-17 14:56:56.019000+00:00,2.5000000000000004,500,scedc_socal_m25
1994-10-31 00:45:23.971000+00:00,2.5000000000000004,500,scedc_socal_m25
1995-04-14 04:57:37.182000+00:00,2.5000000000000004,500,scedc_socal_m25
1995-09-03 13:33:43.523000+00:00,2.5000000000000004,500,scedc_socal_m25
1995-12-09 04:15:30.294000+00:00,2.5000000000000004,500,scedc_socal_m25
1996-04-14 04:41:22.971000+00:00,2.5000000000000004,500,scedc_socal_m25
1996-11-14 20:27:52.275000+00:00,2.5000000000000004,500,scedc_socal_m25
1997-03-14 00:45:43.506000+00:00,2.5000000000000004,500,scedc_socal_m25
1997-07-31 08:15:14.055000+00:00,2.5000000000000004,500,scedc_socal_m25
1998-01-12 20:48:13.928000+00:00,2.5000000000000004,500,scedc_socal_m25
1998-06-23 09:13:28.510000+00:00,2.5000000000000004,500,scedc_socal_m25
1998-10-27 16:18:00.583000+00:00,2.5000000000000004,500,scedc_socal_m25
1999-03-27 22:51:21.731000+00:00,2.5000000000000004,500,scedc_socal_m25
1999-07-28 05:38:08.013000+00:00,2.5000000000000004,500,scedc_socal_m25
1999-10-16 10:12:47.114000+00:00,2.8000000000000007,500,scedc_socal_m25
1999-10-16 21:00:56.365000+00:00,2.6000000000000005,500,scedc_socal_m25
1999-10-17 16:22:48.200000+00:00,2.5000000000000004,500,scedc_socal_m25
1999-10-19 04:16:18.014000+00:00,2.5000000000000004,500,scedc_socal_m25
1999-10-21 22:39:17.804000+00:00,2.5000000000000004,500,scedc_socal_m25
1999-10-29 20:57:46.909000+00:00,2.5000000000000004,500,scedc_socal_m25
1999-11-25 16:01:30.253000+00:00,2.5000000000000004,500,scedc_socal_m25
2000-02-13 00:20:17.880000+00:00,2.5000000000000004,500,scedc_socal_m25
2000-05-12 23:39:50.560000+00:00,2.5000000000000004,500,scedc_socal_m25
2000-10-03 02:44:02.990000+00:00,2.5000000000000004,500,scedc_socal_m25
2001-03-15 21:01:51.380000+00:00,2.5000000000000004,500,scedc_socal_m25
2001-06-20 13:56:35.560000+00:00,2.5000000000000004,500,scedc_socal_m25
2001-08-20 01:27:45.990000+00:00,2.5000000000000004,500,scedc_socal_m25
2002-01-06 00:37:10.800000+00:00,2.5000000000000004,500,scedc_socal_m25
2002-03-06 03:27:37.640000+00:00,2.5000000000000004,500,scedc_socal_m25
2002-10-18 04:45:42.110000+00:00,2.5000000000000004,500,scedc_socal_m25
2003-02-27 05:00:21.700000+00:00,2.5000000000000004,500,scedc_socal_m25
2003-11-27 21:46:24.970000+00:00,2.6000000000000005,500,scedc_socal_m25
2004-03-02 00:09:31+00:00,2.5000000000000004,500,scedc_socal_m25
2004-09-28 17:33:55.770000+00:00,2.5000000000000004,500,scedc_socal_m25
2005-05-04 13:39:47.730000+00:00,2.5000000000000004,500,scedc_socal_m25
2005-09-02 03:54:52.970000+00:00,2.5000000000000004,500,scedc_socal_m25
2006-02-25 23:21:55.930000+00:00,2.5000000000000004,500,scedc_socal_m25
2006-08-16 05:42:16.450000+00:00,2.5000000000000004,500,scedc_socal_m25
2007-03-07 16:40:53.590000+00:00,2.5000000000000004,500,scedc_socal_m25
2007-09-24 10:05:58.410000+00:00,2.5000000000000004,500,scedc_socal_m25
2008-02-12 10:02:26.200000+00:00,2.5000000000000004,500,scedc_socal_m25
2008-06-02 04:51:12.390000+00:00,2.5000000000000004,500,scedc_socal_m25
2008-11-11 20:16:49.440000+00:00,2.5000000000000004,500,scedc_socal_m25
2009-03-09 15:27:03.930000+00:00,2.5000000000000004,500,scedc_socal_m25
2009-07-23 00:39:52.740000+00:00,2.5000000000000004,500,scedc_socal_m25
2009-11-04 07:20:07.080000+00:00,2.5000000000000004,500,scedc_socal_m25
2010-02-14 00:37:58.040000+00:00,2.5000000000000004,500,scedc_socal_m25
2010-04-05 01:13:58.150000+00:00,2.5000000000000004,500,scedc_socal_m25
2010-04-05 08:20:59.910000+00:00,2.5000000000000004,500,scedc_socal_m25
2010-04-05 19:07:14.470000+00:00,2.7000000000000006,500,scedc_socal_m25
2010-04-06 08:56:35+00:00,2.5000000000000004,500,scedc_socal_m25
2010-04-07 09:25:51.760000+00:00,2.5000000000000004,500,scedc_socal_m25
2010-04-08 14:57:43.340000+00:00,2.5000000000000004,500,scedc_socal_m25
2010-04-10 16:37:51.450000+00:00,2.5000000000000004,500,scedc_socal_m25
2010-04-14 17:24:37.020000+00:00,2.5000000000000004,500,scedc_socal_m25
2010-04-20 10:53:26.170000+00:00,2.6000000000000005,500,scedc_socal_m25
2010-05-01 18:32:12.200000+00:00,2.5000000000000004,500,scedc_socal_m25
2010-05-15 00:20:28.770000+00:00,2.5000000000000004,500,scedc_socal_m25
2010-06-04 22:28:44.470000+00:00,2.5000000000000004,500,scedc_socal_m25
2010-06-17 15:12:08.600000+00:00,2.5000000000000004,500,scedc_socal_m25
2010-07-23 12:54:39.090000+00:00,2.5000000000000004,500,scedc_socal_m25
2010-09-17 22:31:51.520000+00:00,2.5000000000000004,500,scedc_socal_m25
2010-12-13 03:19:27.090000+00:00,2.5000000000000004,500,scedc_socal_m25
2011-03-24 22:51:38.940000+00:00,2.5000000000000004,500,scedc_socal_m25
2011-07-15 12:03:11.960000+00:00,2.5000000000000004,500,scedc_socal_m25
2011-12-06 20:52:57.430000+00:00,2.5000000000000004,500,scedc_socal_m25
2012-05-09 13:27:51.230000+00:00,2.5000000000000004,500,scedc_socal_m25
2012-08-26 21:23:10.870000+00:00,2.5000000000000004,500,scedc_socal_m25
2012-12-27 14:37:43.270000+00:00,2.5000000000000004,500,scedc_socal_m25
2013-06-28 03:52:39.480000+00:00,2.5000000000000004,500,scedc_socal_m25
2014-01-05 23:11:39.060000+00:00,2.5000000000000004,500,scedc_socal_m25
2014-06-25 03:56:51.150000+00:00,2.5000000000000004,500,scedc_socal_m25
2014-12-15 06:10:43.330000+00:00,2.5000000000000004,500,scedc_socal_m25
2015-09-16 03:19:26.220000+00:00,2.5000000000000004,500,scedc_socal_m25
2016-06-10 23:42:58.090000+00:00,2.5000000000000004,500,scedc_socal_m25
2017-01-01 10:10:41.620000+00:00,2.5000000000000004,500,scedc_socal_m25
2017-11-10 06:20:17+00:00,2.5000000000000004,500,scedc_socal_m25
2018-08-18 19:41:17.470000+00:00,2.5000000000000004,500,scedc_socal_m25
2019-05-02 22:00:31.540000+00:00,2.5000000000000004,500,scedc_socal_m25
2019-07-04 22:30:07.800000+00:00,2.5000000000000004,500,scedc_socal_m25
2019-07-06 03:46:26.870000+00:00,3.000000000000001,500,scedc_socal_m25
2019-07-06 04:59:04.030000+00:00,2.8000000000000007,500,scedc_socal_m25
2019-07-06 06:47:10.840000+00:00,2.5000000000000004,500,scedc_socal_m25
2019-07-06 10:08:26.830000+00:00,2.5000000000000004,500,scedc_socal_m25
2019-07-06 17:19:57.550000+00:00,2.5000000000000004,500,scedc_socal_m25
2019-07-07 15:49:15.080000+00:00,2.5000000000000004,500,scedc_socal_m25
2019-07-10 07:23:28.620000+00:00,2.5000000000000004,500,scedc_socal_m25
2019-07-15 10:39:32.770000+00:00,2.5000000000000004,500,scedc_socal_m25
2019-07-27 05:49:48.380000+00:00,2.5000000000000004,500,scedc_socal_m25
2019-09-09 01:03:00.720000+00:00,2.5000000000000004,500,scedc_socal_m25
2020-01-05 16:28:14.050000+00:00,2.5000000000000004,500,scedc_socal_m25
2020-06-05 23:09:19.660000+00:00,2.5000000000000004,500,scedc_socal_m25
2020-09-30 23:39:39.910000+00:00,2.5000000000000004,500,scedc_socal_m25
2020-12-14 18:01:42.440000+00:00,2.5000000000000004,500,scedc_socal_m25
2021-06-05 18:21:48.750000+00:00,2.5000000000000004,500,scedc_socal_m25
2021-12-01 01:23:41.210000+00:00,2.5000000000000004,500,scedc_socal_m25
2022-08-22 16:23:41.150000+00:00,2.5000000000000004,500,scedc_socal_m25
2023-06-24 10:10:33.510000+00:00,2.5000000000000004,500,scedc_socal_m25
2024-02-12 10:18:35.990000+00:00,2.5000000000000004,500,scedc_socal_m25
2024-08-07 04:30:46.510000+00:00,2.5000000000000004,500,scedc_socal_m25
2025-01-15 14:03:58.880000+00:00,2.5000000000000004,500,scedc_socal_m25
2025-10-05 06:15:39.170000+00:00,2.5000000000000004,500,scedc_socal_m25
1969-08-15 07:15:37.960000+00:00,4.6000000000000005,500,comcat_himalaya_m4
1980-01-27 03:25:46.800000+00:00,4.6000000000000005,500,comcat_himalaya_m4
1985-10-02 16:33:50.770000+00:00,4.6000000000000005,500,comcat_himalaya_m4
1989-11-11 05:04:27.570000+00:00,4.6000000000000005,500,comcat_himalaya_m4
1993-04-14 20:04:09.990000+00:00,4.0,500,comcat_himalaya_m4
1996-07-12 11:54:31.560000+00:00,4.0,500,comcat_himalaya_m4
1999-02-08 09:02:56.950000+00:00,4.0,500,comcat_himalaya_m4
2003-05-29 00:33:29.090000+00:00,4.0,500,comcat_himalaya_m4
2006-06-23 06:59:56+00:00,4.0,500,comcat_himalaya_m4
2009-08-11 21:43:47.590000+00:00,4.0,500,comcat_himalaya_m4
2012-11-25 06:01:45.530000+00:00,4.0,500,comcat_himalaya_m4
2015-04-25 06:22:23.350000+00:00,4.0,500,comcat_himalaya_m4
2015-08-02 05:58:04.620000+00:00,4.0,500,comcat_himalaya_m4
2017-10-03 13:48:34.400000+00:00,4.0,500,comcat_himalaya_m4
2020-03-05 06:59:54.541000+00:00,4.0,500,comcat_himalaya_m4
2021-10-04 03:24:23.509000+00:00,4.0,500,comcat_himalaya_m4
2024-01-01 21:45:52.330000+00:00,4.0,500,comcat_himalaya_m4
